timestamp_utc_seconds,phase,rss_bytes
1787046428,import_selection,11255808
1787046428,import_selection,287789056
1787046429,import_selection,391405568
1787046429,import_selection,391405568
1787046429,import_selection,391405568
1787046430,import_selection,391405568
1787046430,import_selection,391630848
1787046430,import_selection,391630848
1787046430,import_selection,391630848
1787046431,import_selection,391630848
1787046431,import_selection,391630848
1787046431,import_selection,391630848
1787046431,import_selection,391630848
1787046432,import_selection,391630848
1787046432,import_selection,391630848
1787046432,import_selection,391630848
1787046433,import_selection,391630848
1787046433,import_selection,391630848
1787046433,import_selection,391630848
1787046433,import_selection,391630848
1787046434,import_selection,391630848
1787046434,import_selection,391630848
1787046434,import_selection,391630848
1787046435,import_selection,391630848
1787046435,import_selection,391630848
1787046435,import_selection,391630848
1787046435,import_selection,391630848
1787046436,import_selection,391630848
1787046436,import_selection,391630848
1787046436,import_selection,391630848
1787046436,import_selection,391630848
1787046437,import_selection,391630848
1787046437,import_selection,391630848
1787046437,import_selection,391630848
1787046438,import_selection,391630848
1787046438,import_selection,391630848
1787046438,import_selection,391630848
1787046438,import_selection,391630848
1787046439,import_selection,391630848
1787046439,import_selection,391630848
1787046439,import_selection,391630848
1787046440,import_selection,391696384
1787046440,import_selection,392093696
1787046440,import_selection,571981824
1787046440,import_selection,601346048
1787046441,import_selection,601931776
1787046441,import_selection,669044736
1787046441,import_selection,736202752
1787046441,import_selection,736202752
1787046442,import_selection,802021376
1787046442,import_selection,736403456
1787046442,import_selection,736403456
1787046443,import_selection,738971648
1787046443,import_selection,801873920
1787046443,import_selection,851509248
1787046443,import_selection,867655680
1787046444,import_selection,933052416
1787046444,import_selection,933273600
1787046444,import_selection,933343232
1787046445,import_selection,873508864
1787046445,import_selection,886345728
1787046445,import_selection,886345728
1787046445,import_selection,736489472
1787046446,import_selection,736489472
1787046446,import_selection,782553088
1787046446,import_selection,869216256
1787046447,import_selection,803618816
1787046447,import_selection,803618816
1787046447,import_selection,803618816
1787046447,import_selection,803618816
1787046448,import_selection,803618816
1787046448,import_selection,803618816
1787046448,import_selection,803618816
1787046448,import_selection,803618816
1787046449,import_selection,869113856
1787046449,import_selection,934809600
1787046449,import_selection,934809600
1787046450,import_selection,1000325120
1787046450,import_selection,934858752
1787046450,import_selection,803618816
1787046450,import_selection,803622912
1787046451,import_selection,803622912
1787046451,import_selection,803622912
1787046451,import_selection,803622912
1787046452,import_selection,862982144
1787046452,import_selection,803622912
1787046452,import_selection,803622912
1787046452,import_selection,803622912
1787046453,import_selection,803622912
1787046453,import_selection,803622912
1787046453,import_selection,869240832
1787046453,import_selection,869101568
1787046454,import_selection,869101568
1787046454,import_selection,869101568
1787046454,import_selection,869101568
1787046455,import_selection,869101568
1787046455,import_selection,869101568
1787046455,import_selection,869101568
1787046455,import_selection,869101568
1787046456,import_selection,869101568
1787046456,import_selection,869101568
1787046456,import_selection,869101568
1787046457,import_selection,869101568
1787046457,import_selection,869101568
1787046457,import_selection,803622912
1787046457,import_selection,803622912
1787046458,import_selection,803622912
1787046458,import_selection,803622912
1787046458,import_selection,834850816
1787046458,import_selection,904286208
1787046459,import_selection,905494528
1787046459,import_selection,905494528
1787046459,import_selection,905494528
1787046460,import_selection,1167245312
1787046460,import_selection,1299001344
1787046460,import_selection,1299083264
1787046460,import_selection,1299083264
1787046461,import_selection,1299083264
1787046461,import_selection,1299083264
1787046461,import_selection,1299083264
1787046462,import_selection,1299083264
1787046462,import_selection,1299083264
1787046462,import_selection,1299083264
1787046462,import_selection,1299083264
1787046463,import_selection,1299083264
1787046463,import_selection,1299083264
1787046463,import_selection,1299083264
1787046464,import_selection,1299083264
1787046464,import_selection,1364578304
1787046464,import_selection,1364701184
1787046464,import_selection,1364701184
1787046465,import_selection,1364701184
1787046465,import_selection,1364701184
1787046465,import_selection,1364701184
1787046465,import_selection,1364701184
1787046466,import_selection,1364701184
1787046466,import_selection,1364701184
1787046466,import_selection,1364701184
1787046467,import_selection,1364701184
1787046467,import_selection,1364701184
1787046467,import_selection,1364701184
1787046467,import_selection,1428377600
1787046468,import_selection,1430319104
1787046468,import_selection,1430319104
1787046468,import_selection,1430319104
1787046469,import_selection,1430319104
1787046469,import_selection,1430319104
1787046469,import_selection,1430319104
1787046469,import_selection,1430319104
1787046470,import_selection,1430319104
1787046470,import_selection,1430319104
1787046470,import_selection,1430319104
1787046470,import_selection,1430319104
1787046471,import_selection,1430319104
1787046471,import_selection,1430319104
1787046471,import_selection,1430319104
1787046472,import_selection,1430319104
1787046472,import_selection,1430319104
1787046472,import_selection,1430319104
1787046472,import_selection,1430319104
1787046473,import_selection,1430319104
1787046473,import_selection,1430319104
1787046473,import_selection,1430319104
1787046474,import_selection,1430319104
1787046474,import_selection,1430319104
1787046474,import_selection,1738350592
1787046474,import_selection,1823895552
1787046475,import_selection,1823895552
1787046475,import_selection,1823895552
1787046475,import_selection,1823895552
1787046476,import_selection,1823895552
1787046476,import_selection,1823895552
1787046476,import_selection,1823895552
1787046476,import_selection,1823895552
1787046477,import_selection,1823895552
1787046477,import_selection,1823895552
1787046477,import_selection,1823895552
1787046477,import_selection,1823895552
1787046478,import_selection,1823895552
1787046478,import_selection,1823895552
1787046478,import_selection,1823895552
1787046479,import_selection,1823895552
1787046479,import_selection,1823956992
1787046479,import_selection,1824083968
1787046479,import_selection,1824083968
1787046480,import_selection,1824083968
1787046480,import_selection,1824083968
1787046480,import_selection,1824083968
1787046481,import_selection,1824083968
1787046481,import_selection,1824083968
1787046481,import_selection,1824083968
1787046481,import_selection,1824083968
1787046482,import_selection,1824083968
1787046482,import_selection,1824083968
1787046482,import_selection,1824083968
1787046482,import_selection,1824083968
1787046483,import_selection,1824083968
1787046483,import_selection,1824083968
1787046483,import_selection,1824083968
1787046484,import_selection,1824083968
1787046484,import_selection,1824083968
1787046484,import_selection,1825820672
1787046485,import_selection,1825820672
1787046485,import_selection,1825820672
1787046485,import_selection,1831305216
1787046485,import_selection,1833476096
1787046486,import_selection,1833476096
1787046486,import_selection,1833476096
1787046487,import_selection,1833476096
1787046487,import_selection,1833476096
1787046487,import_selection,1833476096
1787046487,import_selection,1833476096
1787046488,import_selection,1833476096
1787046488,import_selection,1833476096
1787046488,import_selection,1833476096
1787046488,import_selection,1833476096
1787046489,import_selection,1833476096
1787046489,import_selection,1833476096
1787046489,import_selection,1833476096
1787046490,import_selection,1833476096
1787046490,import_selection,1833476096
1787046490,import_selection,1833476096
1787046490,import_selection,1833476096
1787046491,import_selection,1833476096
1787046491,import_selection,1833476096
1787046491,import_selection,1833476096
1787046492,import_selection,1833476096
1787046492,import_selection,1833476096
1787046492,import_selection,1833476096
1787046492,import_selection,1833476096
1787046493,import_selection,1833476096
1787046493,import_selection,1691893760
1787046493,import_selection,1833390080
1787046494,import_selection,1833390080
1787046494,import_selection,1833390080
1787046494,import_selection,1833390080
1787046494,import_selection,1833390080
1787046495,import_selection,1833390080
1787046495,import_selection,1833390080
1787046495,import_selection,1833390080
1787046495,import_selection,1833390080
1787046496,import_selection,1833390080
1787046496,import_selection,1833390080
1787046496,import_selection,1833390080
1787046497,import_selection,1833390080
1787046497,import_selection,1833390080
1787046497,import_selection,1833390080
1787046497,import_selection,1833390080
1787046498,import_selection,1833390080
1787046498,import_selection,1833390080
1787046498,import_selection,1833521152
1787046499,import_selection,1833521152
1787046499,import_selection,1833521152
1787046499,import_selection,1833521152
1787046499,import_selection,1833521152
1787046500,import_selection,1833521152
1787046500,import_selection,1833521152
1787046500,import_selection,1833521152
1787046500,import_selection,1833521152
1787046501,import_selection,1833521152
1787046501,import_selection,1833521152
1787046501,import_selection,1833521152
1787046502,import_selection,1833521152
1787046502,import_selection,1833521152
1787046502,import_selection,1833521152
1787046502,import_selection,1833521152
1787046503,import_selection,1833521152
1787046503,import_selection,1833521152
1787046503,import_selection,1833521152
1787046504,import_selection,1833521152
1787046504,import_selection,1833521152
1787046504,import_selection,1833521152
1787046504,import_selection,1765437440
1787046505,import_selection,1898766336
1787046505,import_selection,1898766336
1787046505,import_selection,1898766336
1787046505,import_selection,1898766336
1787046506,import_selection,1898766336
1787046506,import_selection,1898766336
1787046506,import_selection,1898766336
1787046507,import_selection,1898766336
1787046507,import_selection,1898950656
1787046507,import_selection,1898950656
1787046507,import_selection,1898950656
1787046508,import_selection,1898950656
1787046508,import_selection,1898950656
1787046508,import_selection,1898950656
1787046509,import_selection,1898950656
1787046509,import_selection,1898950656
1787046509,import_selection,1898950656
1787046509,import_selection,1898950656
1787046510,import_selection,1898950656
1787046510,import_selection,1898950656
1787046510,import_selection,1898954752
1787046511,import_selection,1898954752
1787046511,import_selection,1898954752
1787046511,import_selection,1898954752
1787046511,import_selection,1898954752
1787046512,import_selection,1898954752
1787046512,import_selection,1898954752
1787046512,import_selection,1898954752
1787046512,import_selection,1898954752
1787046513,import_selection,1898954752
1787046513,import_selection,1898954752
1787046513,import_selection,1898954752
1787046514,import_selection,1898954752
1787046514,import_selection,1898954752
1787046514,import_selection,1898954752
1787046514,import_selection,1898954752
1787046515,import_selection,1898954752
1787046515,import_selection,1898954752
1787046515,import_selection,1898954752
1787046516,import_selection,1898954752
1787046516,import_selection,1898954752
1787046516,import_selection,1898954752
1787046516,import_selection,1898954752
1787046517,import_selection,1899892736
1787046517,import_selection,1899892736
1787046517,import_selection,1899892736
1787046517,import_selection,1899892736
1787046518,import_selection,1899892736
1787046518,import_selection,1899892736
1787046518,import_selection,1899892736
1787046519,import_selection,1899892736
1787046519,import_selection,1899892736
1787046519,import_selection,1899892736
1787046519,import_selection,1899892736
1787046520,import_selection,1899892736
1787046520,import_selection,1899892736
1787046520,import_selection,1899892736
1787046521,import_selection,1899892736
1787046521,import_selection,1899892736
1787046521,import_selection,1899892736
1787046521,import_selection,1899892736
1787046522,import_selection,1899892736
1787046522,import_selection,1899892736
1787046522,import_selection,1899892736
1787046523,import_selection,1899892736
1787046523,import_selection,1899892736
1787046523,import_selection,1899892736
1787046523,import_selection,1899892736
1787046524,import_selection,1899892736
1787046524,import_selection,1899892736
1787046524,import_selection,1702977536
1787046524,import_selection,1702977536
1787046525,import_selection,1702977536
1787046525,import_selection,1702977536
1787046525,import_selection,1702977536
1787046526,import_selection,1702977536
1787046526,import_selection,1702977536
1787046526,import_selection,1702977536
1787046526,import_selection,1702977536
1787046527,import_selection,1702977536
1787046527,import_selection,1702977536
1787046527,import_selection,1702977536
1787046528,import_selection,1702977536
1787046528,import_selection,1702977536
1787046528,import_selection,1702977536
1787046528,import_selection,1703141376
1787046529,import_selection,1703141376
1787046529,import_selection,1703141376
1787046529,import_selection,1703141376
1787046529,import_selection,1703141376
1787046530,import_selection,1805844480
1787046530,import_selection,1899778048
1787046530,import_selection,1899778048
1787046531,import_selection,1899778048
1787046531,import_selection,1899778048
1787046531,import_selection,1899778048
1787046531,import_selection,1899778048
1787046532,import_selection,1899778048
1787046532,import_selection,1899778048
1787046532,import_selection,1899778048
1787046533,import_selection,1899778048
1787046533,import_selection,1899778048
1787046533,import_selection,1899778048
1787046533,import_selection,1899778048
1787046534,import_selection,1899778048
1787046534,import_selection,1899778048
1787046534,import_selection,1899778048
1787046534,import_selection,1899778048
1787046535,import_selection,1899782144
1787046535,import_selection,1899782144
1787046535,import_selection,1899782144
1787046536,import_selection,1899782144
1787046536,import_selection,1899782144
1787046536,import_selection,1899782144
1787046536,import_selection,1899782144
1787046537,import_selection,1899782144
1787046537,import_selection,1899782144
1787046537,import_selection,1899782144
1787046538,import_selection,1899782144
1787046538,import_selection,1899782144
1787046538,import_selection,1899782144
1787046538,import_selection,1899782144
1787046539,import_selection,1899782144
1787046539,import_selection,1899782144
1787046539,import_selection,1899909120
1787046539,import_selection,1899909120
1787046540,import_selection,1899909120
1787046540,import_selection,1899909120
1787046540,import_selection,1899909120
1787046541,import_selection,1899909120
1787046541,import_selection,1899909120
1787046541,import_selection,1899909120
1787046541,import_selection,1899909120
1787046542,import_selection,1899909120
1787046542,import_selection,1899909120
1787046542,import_selection,1899909120
1787046543,import_selection,1899909120
1787046543,import_selection,1899909120
1787046543,import_selection,1899909120
1787046543,import_selection,1899909120
1787046544,import_selection,1899909120
1787046544,import_selection,1899909120
1787046544,import_selection,1899909120
1787046545,import_selection,1899909120
1787046545,import_selection,1899909120
1787046545,import_selection,1899909120
1787046545,import_selection,1899909120
1787046546,import_selection,1899909120
1787046546,import_selection,1899909120
1787046546,import_selection,1899909120
1787046546,import_selection,1899909120
1787046547,import_selection,1899909120
1787046547,import_selection,1899909120
1787046547,import_selection,1899909120
1787046548,import_selection,1899909120
1787046548,import_selection,1899909120
1787046548,import_selection,1899909120
1787046548,import_selection,1899909120
1787046549,import_selection,1653248000
1787046549,import_selection,1834266624
1787046549,import_selection,1834266624
1787046550,import_selection,1834393600
1787046550,import_selection,1834393600
1787046550,import_selection,1834393600
1787046550,import_selection,1834393600
1787046551,import_selection,1834393600
1787046551,import_selection,1834393600
1787046551,import_selection,1834393600
1787046551,import_selection,1834393600
1787046552,import_selection,1834393600
1787046552,import_selection,1834393600
1787046552,import_selection,1834393600
1787046553,import_selection,1834393600
1787046553,import_selection,1834393600
1787046553,import_selection,1834393600
1787046553,import_selection,1834393600
1787046554,import_selection,1834393600
1787046554,import_selection,1834393600
1787046554,import_selection,1834393600
1787046555,import_selection,1834397696
1787046555,import_selection,1834397696
1787046555,import_selection,1834397696
1787046555,import_selection,1834397696
1787046556,import_selection,1834397696
1787046556,import_selection,1834397696
1787046556,import_selection,1834397696
1787046556,import_selection,1834397696
1787046557,import_selection,1834397696
1787046557,import_selection,1834397696
1787046557,import_selection,1834397696
1787046558,import_selection,1834397696
1787046558,import_selection,1834397696
1787046558,import_selection,1834397696
1787046558,import_selection,1834397696
1787046559,import_selection,1834397696
1787046559,import_selection,1834397696
1787046559,import_selection,1834397696
1787046560,import_selection,1834397696
1787046560,import_selection,1834397696
1787046560,import_selection,1834397696
1787046560,import_selection,1834397696
1787046561,import_selection,1702473728
1787046561,import_selection,1834246144
1787046561,import_selection,1834246144
1787046562,import_selection,1834246144
1787046562,import_selection,1834246144
1787046562,import_selection,1834246144
1787046562,import_selection,1834246144
1787046563,import_selection,1834246144
1787046563,import_selection,1834246144
1787046563,import_selection,1834246144
1787046563,import_selection,1834246144
1787046564,import_selection,1834246144
1787046564,import_selection,1834246144
1787046564,import_selection,1834246144
1787046565,import_selection,1834246144
1787046565,import_selection,1834246144
1787046565,import_selection,1834246144
1787046565,import_selection,1834246144
1787046566,import_selection,1834246144
1787046566,import_selection,1834246144
1787046566,import_selection,1834233856
1787046567,import_selection,1834233856
1787046567,import_selection,1834233856
1787046567,import_selection,1834233856
1787046567,import_selection,1834233856
1787046568,import_selection,1834233856
1787046568,import_selection,1834233856
1787046568,import_selection,1834233856
1787046568,import_selection,1834233856
1787046569,import_selection,1834233856
1787046569,import_selection,1834233856
1787046569,import_selection,1834233856
1787046570,import_selection,1834233856
1787046570,import_selection,1834233856
1787046570,import_selection,1834233856
1787046570,import_selection,1834233856
1787046571,import_selection,1834233856
1787046571,import_selection,1834233856
1787046571,import_selection,1834377216
1787046572,import_selection,1834377216
1787046572,import_selection,1834377216
1787046572,import_selection,1834377216
1787046572,import_selection,1844244480
1787046573,import_selection,1852571648
1787046573,import_selection,1852571648
1787046573,import_selection,1718005760
1787046573,import_selection,1789448192
1787046574,import_selection,1789448192
1787046574,import_selection,1789448192
1787046574,import_selection,1789448192
1787046575,import_selection,1789448192
1787046575,import_selection,1789575168
1787046575,import_selection,1789575168
1787046575,import_selection,1789575168
1787046576,import_selection,1789575168
1787046576,import_selection,1789575168
1787046576,import_selection,1789575168
1787046577,import_selection,1789575168
1787046577,import_selection,1789575168
1787046577,import_selection,1789575168
1787046577,import_selection,1789575168
1787046578,import_selection,1855057920
1787046578,import_selection,1855057920
1787046578,import_selection,1855193088
1787046579,import_selection,1855193088
1787046579,import_selection,1855193088
1787046579,import_selection,1855193088
1787046579,import_selection,1855193088
1787046580,import_selection,1855193088
1787046580,import_selection,1855193088
1787046580,import_selection,1855193088
1787046580,import_selection,1855193088
1787046581,import_selection,1855193088
1787046581,import_selection,1855193088
1787046581,import_selection,1855193088
1787046582,import_selection,1855193088
1787046582,import_selection,1855193088
1787046582,import_selection,1855193088
1787046582,import_selection,1857568768
1787046583,import_selection,1857568768
1787046583,import_selection,1857568768
1787046583,import_selection,1889394688
1787046584,import_selection,1925722112
1787046584,import_selection,1925722112
1787046584,import_selection,1925861376
1787046584,import_selection,1925861376
1787046585,import_selection,1925861376
1787046585,import_selection,1925861376
1787046585,import_selection,1925861376
1787046585,import_selection,1925861376
1787046586,import_selection,1925861376
1787046586,import_selection,1925861376
1787046586,import_selection,1925861376
1787046587,import_selection,1925861376
1787046587,import_selection,1925861376
1787046587,import_selection,1925861376
1787046587,import_selection,1925861376
1787046588,import_selection,1925861376
1787046588,import_selection,1890357248
1787046588,import_selection,1925865472
1787046589,import_selection,1925865472
1787046589,import_selection,1925865472
1787046589,import_selection,1925865472
1787046589,import_selection,1925865472
1787046590,import_selection,1925865472
1787046590,import_selection,1925865472
1787046590,import_selection,1925865472
1787046591,import_selection,1925865472
1787046591,import_selection,1925865472
1787046591,import_selection,1925865472
1787046591,import_selection,1925865472
1787046592,import_selection,1925865472
1787046592,import_selection,1925865472
1787046592,import_selection,1925865472
1787046592,import_selection,1925865472
1787046593,import_selection,1925865472
1787046593,import_selection,1925865472
1787046593,import_selection,1925865472
1787046594,import_selection,1925865472
1787046594,import_selection,1925865472
1787046594,import_selection,1925865472
1787046594,import_selection,1925865472
1787046595,import_selection,1925865472
1787046595,import_selection,1925865472
1787046595,import_selection,1925865472
1787046596,import_selection,1925865472
1787046596,import_selection,1925865472
1787046596,import_selection,1925865472
1787046596,import_selection,1925865472
1787046597,import_selection,1925865472
1787046597,import_selection,1925865472
1787046597,import_selection,1925865472
1787046597,import_selection,1925865472
1787046598,import_selection,1925865472
1787046598,import_selection,1925865472
1787046598,import_selection,1925865472
1787046599,import_selection,1925865472
1787046599,import_selection,1925865472
1787046599,import_selection,1925865472
1787046599,import_selection,1925865472
1787046600,import_selection,1925865472
1787046600,import_selection,1925865472
1787046600,import_selection,1925865472
1787046601,import_selection,1925865472
1787046601,import_selection,1925865472
1787046601,import_selection,1925865472
1787046601,import_selection,1925865472
1787046602,import_selection,1925865472
1787046602,import_selection,1925865472
1787046602,import_selection,1724948480
1787046602,import_selection,1794539520
1787046603,import_selection,1794539520
1787046603,import_selection,1794539520
1787046603,import_selection,1794539520
1787046604,import_selection,1794539520
1787046604,import_selection,1794666496
1787046604,import_selection,1794666496
1787046604,import_selection,1794666496
1787046605,import_selection,1794666496
1787046605,import_selection,1794666496
1787046605,import_selection,1794666496
1787046606,import_selection,1794666496
1787046606,import_selection,1794666496
1787046606,import_selection,1794666496
1787046606,import_selection,1794666496
1787046607,import_selection,1860136960
1787046607,import_selection,1860284416
1787046607,import_selection,1860284416
1787046608,import_selection,1860284416
1787046608,import_selection,1860284416
1787046608,import_selection,1860284416
1787046608,import_selection,1860284416
1787046609,import_selection,1860284416
1787046609,import_selection,1860284416
1787046609,import_selection,1860284416
1787046609,import_selection,1860284416
1787046610,import_selection,1860284416
1787046610,import_selection,1860284416
1787046610,import_selection,1860284416
1787046611,import_selection,1860284416
1787046611,import_selection,1860284416
1787046611,import_selection,1860284416
1787046611,import_selection,1860284416
1787046612,import_selection,1860284416
1787046612,import_selection,1597911040
1787046612,import_selection,1728663552
1787046613,import_selection,1728663552
1787046613,import_selection,1728663552
1787046613,import_selection,1728921600
1787046613,import_selection,1728921600
1787046614,import_selection,1728921600
1787046614,import_selection,1728921600
1787046614,import_selection,1728921600
1787046614,import_selection,1728921600
1787046615,import_selection,1728921600
1787046615,import_selection,1728921600
1787046615,import_selection,1728921600
1787046616,import_selection,1728921600
1787046616,import_selection,1728921600
1787046616,import_selection,1728921600
1787046616,import_selection,1728921600
1787046617,import_selection,1728921600
1787046617,import_selection,1729105920
1787046617,import_selection,1729105920
1787046618,import_selection,1729105920
1787046618,import_selection,1729105920
1787046618,import_selection,1729105920
1787046618,import_selection,897576960
1787046619,import_selection,963076096
1787046619,import_selection,963076096
1787046619,import_selection,963076096
1787046619,import_selection,963076096
1787046620,import_selection,963076096
1787046620,import_selection,963076096
1787046620,import_selection,963076096
1787046621,import_selection,963076096
1787046621,import_selection,963076096
1787046621,import_selection,963076096
1787046621,import_selection,963076096
1787046622,import_selection,963076096
1787046622,import_selection,963076096
1787046622,import_selection,897458176
1787046623,import_selection,937959424
1787046623,import_selection,897458176
1787046623,import_selection,897458176
1787046623,import_selection,897458176
1787046624,import_selection,905523200
1787046624,import_selection,905523200
1787046624,import_selection,905523200
1787046625,import_selection,910372864
1787046625,import_selection,971108352
1787046625,import_selection,1024995328
1787046625,import_selection,1036709888
1787046626,import_selection,1102544896
1787046626,import_selection,1102544896
1787046626,import_selection,1102544896
1787046626,import_selection,1040629760
1787046627,import_selection,1070247936
1787046627,import_selection,1095413760
1787046627,import_selection,905691136
1787046628,import_selection,905691136
1787046628,import_selection,972800000
1787046628,import_selection,1038372864
1787046628,import_selection,972800000
1787046629,import_selection,972800000
1787046629,import_selection,972800000
1787046629,import_selection,972800000
1787046630,import_selection,972800000
1787046630,import_selection,972800000
1787046630,import_selection,972800000
1787046630,import_selection,972800000
1787046631,import_selection,1036644352
1787046631,import_selection,972836864
1787046631,import_selection,972836864
1787046631,import_selection,972836864
1787046632,import_selection,1038213120
1787046632,import_selection,1100357632
1787046632,import_selection,1103810560
1787046633,import_selection,1103810560
1787046633,import_selection,1169547264
1787046633,import_selection,1169690624
1787046633,import_selection,1169690624
1787046634,import_selection,1104072704
1787046634,import_selection,972836864
1787046634,import_selection,1073451008
1787046635,import_selection,1073451008
1787046635,import_selection,1073504256
1787046635,import_selection,1073504256
1787046635,import_selection,1073504256
1787046636,import_selection,1073504256
1787046636,import_selection,1139126272
1787046636,import_selection,1139126272
1787046636,import_selection,1204527104
1787046637,import_selection,1204527104
1787046637,import_selection,1270263808
1787046637,import_selection,1270349824
1787046638,import_selection,1270349824
1787046638,import_selection,1204731904
1787046638,compression_transition,1204752384
1787046638,compression_transition,1319084032
1787046639,compression_transition,1401475072
1787046639,compression_transition,1532948480
1787046639,compression_transition,1532956672
1787046640,compression_transition,1532956672
1787046640,compression_transition,1532956672
1787046640,compression_transition,1532956672
1787046640,compression_transition,1532956672
1787046641,compression_transition,1532956672
1787046641,compression_transition,1532956672
1787046641,compression_transition,1532956672
1787046641,compression_transition,1664188416
1787046642,compression_transition,1664188416
1787046642,compression_transition,1664188416
1787046642,compression_transition,1664188416
1787046643,compression_transition,1664188416
1787046643,compression_transition,1664188416
1787046643,compression_transition,1664188416
1787046643,compression_transition,1664188416
1787046644,compression_transition,1664188416
1787046644,compression_transition,1664188416
1787046644,compression_transition,1664188416
1787046645,compression_transition,1664188416
1787046645,compression_transition,1664188416
1787046645,compression_transition,1664188416
1787046645,compression_transition,1664188416
1787046646,compression_transition,1729740800
1787046646,compression_transition,1854595072
1787046646,compression_transition,1729814528
1787046646,compression_transition,1729814528
1787046647,compression_transition,1729814528
1787046647,compression_transition,1729814528
1787046647,compression_transition,1729814528
1787046648,compression_transition,1795342336
1787046648,compression_transition,1795342336
1787046648,compression_transition,1795342336
1787046648,compression_transition,1795342336
1787046649,compression_transition,1795342336
1787046649,compression_transition,1795342336
1787046649,compression_transition,1795432448
1787046650,compression_transition,1795432448
1787046650,compression_transition,1795432448
1787046650,compression_transition,1795432448
1787046650,compression_transition,1795432448
1787046651,compression_transition,1795432448
1787046651,compression_transition,1795432448
1787046651,compression_transition,1885667328
1787046652,compression_transition,2123272192
1787046652,compression_transition,1861050368
1787046652,compression_transition,1861050368
1787046652,compression_transition,1861050368
1787046653,compression_transition,1861050368
1787046653,compression_transition,1861050368
1787046653,compression_transition,1917136896
1787046653,compression_transition,1926483968
1787046654,compression_transition,1926483968
1787046654,compression_transition,1926483968
1787046654,compression_transition,1926483968
1787046655,compression_transition,1926483968
1787046655,compression_transition,1926483968
1787046655,compression_transition,1926483968
1787046655,compression_transition,1926483968
1787046656,compression_transition,1926483968
1787046656,compression_transition,1926483968
1787046656,compression_transition,1926483968
1787046657,compression_transition,1926483968
1787046657,compression_transition,1926483968
1787046657,compression_transition,1926483968
1787046657,compression_transition,1962405888
1787046658,compression_transition,2104811520
1787046658,compression_transition,1992286208
1787046658,compression_transition,1992286208
1787046658,compression_transition,1992286208
1787046659,compression_transition,1992286208
1787046659,compression_transition,1992286208
1787046659,compression_transition,1999175680
1787046660,compression_transition,2128793600
1787046660,compression_transition,2128793600
1787046660,compression_transition,2128793600
1787046660,compression_transition,2128793600
1787046661,compression_transition,2128793600
1787046661,compression_transition,2128793600
1787046661,compression_transition,2128793600
1787046662,compression_transition,2128793600
1787046662,compression_transition,2128793600
1787046662,compression_transition,2128793600
1787046662,compression_transition,2128793600
1787046663,compression_transition,2128793600
1787046663,compression_transition,2128793600
1787046663,compression_transition,2128793600
1787046663,compression_transition,2128793600
1787046664,compression_transition,2128793600
1787046664,compression_transition,2128793600
1787046664,compression_transition,2128793600
1787046665,compression_transition,2330730496
1787046665,compression_transition,2293362688
1787046665,compression_transition,2194669568
1787046665,compression_transition,2194669568
1787046666,compression_transition,2194669568
1787046666,compression_transition,2199461888
1787046666,compression_transition,2199461888
1787046667,compression_transition,2199461888
1787046667,compression_transition,2136129536
1787046667,compression_transition,2152841216
1787046667,compression_transition,2152841216
1787046668,compression_transition,2152841216
1787046668,compression_transition,2152841216
1787046668,compression_transition,2155335680
1787046669,compression_transition,2155335680
1787046669,compression_transition,2155335680
1787046669,compression_transition,2220957696
1787046669,compression_transition,2225549312
1787046670,compression_transition,2225549312
1787046670,compression_transition,2225549312
1787046670,compression_transition,2326417408
1787046670,compression_transition,2360594432
1787046671,compression_transition,2360594432
1787046671,compression_transition,2360594432
1787046671,compression_transition,2360594432
1787046672,compression_transition,2360594432
1787046672,compression_transition,2360594432
1787046672,compression_transition,2360594432
1787046672,compression_transition,2360594432
1787046673,compression_transition,2360594432
1787046673,compression_transition,2360594432
1787046673,compression_transition,2360594432
1787046674,compression_transition,2360594432
1787046674,compression_transition,2360594432
1787046674,compression_transition,2360594432
1787046674,compression_transition,2360594432
1787046675,compression_transition,2360594432
1787046675,compression_transition,2360594432
1787046675,compression_transition,2365390848
1787046675,compression_transition,2436243456
1787046676,compression_transition,2376802304
1787046676,compression_transition,2376802304
1787046676,compression_transition,2376802304
1787046677,compression_transition,2376802304
1787046677,compression_transition,2376802304
1787046677,compression_transition,2376802304
1787046677,compression_transition,2376802304
1787046678,compression_transition,2376802304
1787046678,compression_transition,2376802304
1787046678,compression_transition,2376802304
1787046679,compression_transition,2376802304
1787046679,compression_transition,2376802304
1787046679,compression_transition,2639220736
1787046679,compression_transition,2639220736
1787046680,compression_transition,2639220736
1787046680,compression_transition,2639220736
1787046680,compression_transition,2639220736
1787046680,compression_transition,2639220736
1787046681,compression_transition,2639220736
1787046681,compression_transition,2639220736
1787046681,compression_transition,2639220736
1787046682,compression_transition,2639220736
1787046682,compression_transition,2639220736
1787046682,compression_transition,2639220736
1787046682,compression_transition,2639220736
1787046683,compression_transition,2639220736
1787046683,compression_transition,2639220736
1787046683,compression_transition,2639220736
1787046684,compression_transition,2639220736
1787046684,compression_transition,2639220736
1787046684,compression_transition,2639220736
1787046684,compression_transition,2639220736
1787046685,compression_transition,2832572416
1787046685,compression_transition,2967465984
1787046685,compression_transition,2705002496
1787046685,compression_transition,2705002496
1787046686,compression_transition,2705002496
1787046686,compression_transition,2705002496
1787046686,compression_transition,2705002496
1787046687,compression_transition,2705002496
1787046687,compression_transition,2525343744
1787046687,compression_transition,2525450240
1787046687,compression_transition,2525450240
1787046688,compression_transition,2525450240
1787046688,compression_transition,2594877440
1787046688,compression_transition,2531749888
1787046689,compression_transition,2531749888
1787046689,compression_transition,2538897408
1787046689,compression_transition,2080157696
1787046689,compression_transition,2015956992
1787046690,compression_transition,2015956992
1787046690,compression_transition,2015956992
1787046690,compression_transition,2015956992
1787046691,compression_transition,2015956992
1787046691,compression_transition,2015956992
1787046691,compression_transition,2015956992
1787046691,compression_transition,2015956992
1787046692,compression_transition,2015956992
1787046692,compression_transition,2015956992
1787046692,compression_transition,2015956992
1787046692,compression_transition,1224650752
1787046693,compression_transition,1224847360
1787046693,compression_transition,1224847360
1787046693,compression_transition,1224847360
1787046694,compression_transition,1224847360
1787046694,numerical,1224847360
1787046694,numerical,1224863744
1787046694,numerical,1224863744
1787046695,numerical,1224863744
1787046695,numerical,1224863744
1787046695,numerical,1224863744
1787046696,numerical,1224863744
1787046696,numerical,1224863744
1787046696,numerical,1224863744
1787046696,numerical,1224863744
1787046697,numerical,1224863744
1787046697,numerical,1224925184
1787046697,numerical,1224925184
1787046698,numerical,1224925184
1787046698,numerical,1224925184
1787046698,numerical,1224925184
1787046698,numerical,1224925184
1787046699,numerical,1224925184
1787046699,numerical,1224925184
1787046699,numerical,1224925184
1787046699,numerical,1224925184
1787046700,numerical,1224925184
1787046700,numerical,1224925184
1787046700,numerical,1224925184
1787046701,numerical,1224925184
1787046701,numerical,1224925184
1787046701,numerical,1224925184
1787046701,numerical,1224925184
1787046702,numerical,1224925184
1787046704,numerical,1224925184
1787046704,numerical,1224925184
1787046704,numerical,1224925184
1787046705,numerical,1224925184
1787046705,numerical,1224925184
1787046705,numerical,1224925184
1787046705,numerical,1224925184
1787046706,numerical,1224925184
1787046706,numerical,1224925184
1787046706,numerical,1224925184
1787046707,numerical,1224925184
1787046707,numerical,1224925184
1787046707,numerical,1224925184
1787046707,numerical,1224925184
1787046708,numerical,1224925184
1787046708,numerical,1224925184
1787046708,numerical,1224925184
1787046709,numerical,1224925184
1787046709,numerical,1224925184
1787046709,numerical,1224925184
1787046709,numerical,1224925184
1787046710,numerical,1224925184
1787046710,numerical,1224925184
1787046710,numerical,1224925184
1787046710,numerical,1224925184
1787046711,numerical,1224925184
1787046711,numerical,1224925184
1787046711,numerical,1224925184
1787046712,numerical,1224925184
1787046712,numerical,1224925184
1787046712,numerical,1224925184
1787046712,numerical,1224925184
1787046713,numerical,1224925184
1787046713,numerical,1224925184
1787046713,numerical,1224925184
1787046714,numerical,1224925184
1787046714,numerical,1224925184
1787046714,numerical,1224925184
1787046714,numerical,1224925184
1787046715,numerical,1224925184
1787046715,numerical,1224925184
1787046715,numerical,1224925184
1787046715,numerical,1224925184
1787046716,numerical,1224925184
1787046716,numerical,1224925184
1787046716,numerical,1224925184
1787046717,numerical,1224925184
1787046717,numerical,1224925184
1787046717,numerical,1224925184
1787046717,numerical,1224925184
1787046718,numerical,1224925184
1787046718,numerical,1224925184
1787046718,numerical,1224925184
1787046719,numerical,1224925184
1787046719,numerical,1224925184
1787046719,numerical,1224925184
1787046719,numerical,1224925184
1787046720,numerical,1224925184
1787046720,numerical,1224925184
1787046720,numerical,1224925184
1787046720,numerical,1224925184
1787046721,numerical,1224925184
1787046721,numerical,1224925184
1787046721,numerical,1224925184
1787046722,numerical,1224925184
1787046722,numerical,1224925184
1787046722,numerical,1224925184
1787046722,numerical,1224925184
1787046723,numerical,1224925184
1787046723,numerical,1224925184
1787046723,numerical,1224925184
1787046724,numerical,1224925184
1787046724,numerical,1224925184
1787046724,numerical,1224925184
1787046724,numerical,1224925184
1787046725,numerical,1224925184
1787046725,numerical,1224925184
1787046725,numerical,1224925184
1787046726,numerical,1224925184
1787046726,numerical,1224925184
1787046726,numerical,1224925184
1787046726,numerical,1224925184
1787046727,numerical,1224925184
1787046727,numerical,1224925184
1787046727,numerical,1224925184
1787046727,numerical,1224925184
1787046728,numerical,1224925184
1787046728,numerical,1224925184
1787046728,numerical,1224925184
1787046729,numerical,1224925184
1787046729,numerical,1224925184
1787046729,numerical,1224925184
1787046729,numerical,1224925184
1787046730,numerical,1224925184
1787046730,numerical,1224925184
1787046730,numerical,1224925184
1787046731,numerical,1224925184
1787046731,numerical,1224925184
1787046731,numerical,1224925184
1787046731,numerical,1224925184
1787046732,numerical,1224925184
1787046732,numerical,1224925184
1787046732,numerical,1224925184
1787046732,numerical,1224925184
1787046733,numerical,1224925184
1787046733,numerical,1224925184
1787046733,numerical,1224925184
1787046734,numerical,1224925184
1787046734,numerical,1224925184
1787046734,numerical,1224925184
1787046734,numerical,1224925184
1787046735,numerical,1224925184
1787046735,numerical,1224925184
1787046735,numerical,1224925184
1787046736,numerical,1224925184
1787046736,numerical,1224925184
1787046736,numerical,1224925184
1787046736,numerical,1224925184
1787046737,numerical,1224925184
1787046737,numerical,1224925184
1787046737,numerical,1224925184
1787046737,numerical,1224925184
1787046738,numerical,1224925184
1787046738,numerical,1224925184
1787046738,numerical,1224925184
1787046739,numerical,1224925184
1787046739,numerical,1224925184
1787046739,numerical,1224925184
1787046739,numerical,1224925184
1787046740,numerical,1224925184
1787046740,numerical,1224925184
1787046740,numerical,1224925184
1787046741,numerical,1224925184
1787046741,numerical,1224925184
1787046741,numerical,1224925184
1787046741,numerical,1224925184
1787046742,numerical,1224925184
1787046742,numerical,1224925184
1787046742,numerical,1224925184
1787046743,numerical,1224925184
1787046743,numerical,1224925184
1787046743,numerical,1224925184
1787046743,numerical,1224925184
1787046744,numerical,1224925184
1787046744,numerical,1224925184
1787046744,numerical,1224925184
1787046744,numerical,1224925184
1787046745,numerical,1224925184
1787046745,numerical,1224925184
1787046745,numerical,1224925184
1787046746,numerical,1224925184
1787046746,numerical,1224925184
1787046746,numerical,1224925184
1787046746,numerical,1224925184
1787046747,numerical,1224925184
1787046747,numerical,1224925184
1787046747,numerical,1224925184
1787046748,numerical,1224925184
1787046748,numerical,1224925184
1787046748,numerical,1224925184
1787046748,numerical,1224925184
1787046749,numerical,1224925184
1787046749,numerical,1224925184
1787046749,numerical,1224925184
1787046749,numerical,1224925184
1787046750,numerical,1224925184
1787046750,numerical,1224925184
1787046750,numerical,1224925184
1787046751,numerical,1224925184
1787046751,numerical,1224953856
1787046751,numerical,1224953856
1787046751,numerical,1225670656
1787046752,numerical,1225670656
1787046752,numerical,1225670656
1787046752,numerical,1225670656
1787046753,numerical,1225670656
1787046753,numerical,1225670656
1787046753,numerical,1225670656
1787046753,numerical,1225670656
1787046754,numerical,1225670656
1787046754,numerical,1225670656
1787046754,numerical,1225670656
1787046754,numerical,1225670656
1787046755,numerical,1225670656
1787046755,numerical,1225670656
1787046755,numerical,1225670656
1787046756,numerical,1225670656
1787046756,numerical,1225670656
1787046756,numerical,1225670656
1787046756,numerical,1225670656
1787046757,numerical,1225670656
1787046757,numerical,1225670656
1787046757,numerical,1225670656
1787046758,numerical,1225670656
1787046758,numerical,1225670656
1787046758,numerical,1225670656
1787046758,numerical,1225670656
1787046759,numerical,1225670656
1787046759,numerical,1225670656
1787046759,numerical,1225670656
1787046759,numerical,1225670656
1787046760,numerical,1225670656
1787046760,numerical,1225670656
1787046760,numerical,1225670656
1787046761,numerical,1225670656
1787046761,numerical,1225670656
1787046761,numerical,1225670656
1787046761,numerical,1225670656
1787046762,numerical,1225670656
1787046762,numerical,1225670656
1787046762,numerical,1225670656
1787046763,numerical,1225670656
1787046763,numerical,1225670656
1787046763,numerical,1225670656
1787046763,numerical,1227620352
1787046764,numerical,1227620352
1787046764,numerical,1227620352
1787046764,numerical,1227620352
1787046764,numerical,1227620352
1787046765,numerical,1227620352
1787046765,numerical,1227620352
1787046765,numerical,1227620352
1787046766,numerical,1227620352
1787046766,numerical,1227620352
1787046766,numerical,1227620352
1787046766,numerical,1227620352
1787046767,numerical,1227620352
1787046767,numerical,1227620352
1787046767,numerical,1227620352
1787046768,numerical,1227620352
1787046768,numerical,1227620352
1787046768,numerical,1227620352
1787046768,numerical,1227620352
1787046769,numerical,1229885440
1787046769,numerical,1229885440
1787046769,numerical,1229885440
1787046769,numerical,1229885440
1787046770,numerical,1229885440
1787046770,numerical,1229885440
1787046770,numerical,1229885440
1787046771,numerical,1229885440
1787046771,numerical,1229885440
1787046771,numerical,1229885440
1787046771,numerical,1229885440
1787046772,numerical,1243557888
1787046772,numerical,1285885952
1787046772,numerical,1289502720
1787046773,numerical,1272094720
1787046773,numerical,1237917696
1787046773,numerical,1295491072
1787046773,numerical,1271717888
1787046774,numerical,1280442368
1787046774,numerical,1289273344
1787046774,numerical,1241239552
1787046774,numerical,1289478144
1787046775,numerical,1285488640
1787046775,numerical,1238183936
1787046775,numerical,1269575680
1787046776,numerical,1351749632
1787046776,numerical,1361653760
1787046776,numerical,1366790144
1787046776,numerical,1369157632
1787046777,numerical,1369157632
1787046777,numerical,1369157632
1787046777,numerical,1369157632
1787046778,numerical,1369157632
1787046778,numerical,1369157632
1787046778,numerical,1369157632
1787046778,numerical,1369157632
1787046779,numerical,1369157632
1787046779,numerical,1369157632
1787046779,numerical,1369157632
1787046779,numerical,1369395200
1787046780,numerical,1369395200
1787046780,numerical,1369395200
1787046780,numerical,1369395200
1787046781,numerical,1369395200
1787046781,numerical,1369395200
1787046781,numerical,1369395200
1787046781,numerical,1369395200
1787046782,numerical,1369395200
1787046782,numerical,1369395200
1787046782,numerical,1369395200
1787046783,numerical,1369395200
1787046783,numerical,1369395200
1787046783,numerical,1369395200
1787046783,numerical,1369395200
1787046784,numerical,1431875584
1787046784,numerical,1607307264
1787046784,numerical,1849815040
1787046784,numerical,1847062528
1787046785,numerical,1862225920
1787046785,numerical,1690656768
1787046785,numerical,1718095872
1787046786,numerical,1870622720
1787046786,numerical,1829494784
1787046786,numerical,1872859136
1787046786,numerical,1725513728
1787046787,numerical,1768210432
1787046787,numerical,1846566912
1787046787,numerical,1884704768
1787046788,numerical,1944100864
1787046788,numerical,1861472256
1787046788,numerical,1845014528
1787046788,numerical,1786191872
1787046789,numerical,1885319168
1787046789,numerical,1752305664
1787046789,numerical,1837101056
1787046790,numerical,1909264384
1787046790,numerical,1962573824
1787046790,numerical,1818345472
1787046790,numerical,1832349696
1787046791,numerical,1786601472
1787046791,numerical,1725849600
1787046791,numerical,1726353408
1787046791,numerical,1870647296
1787046792,numerical,1868238848
1787046792,numerical,1873289216
1787046792,numerical,1725849600
1787046793,numerical,1762238464
1787046793,numerical,1833394176
1787046793,numerical,1865662464
1787046793,numerical,1978429440
1787046794,numerical,1796624384
1787046794,numerical,1845039104
1787046794,numerical,1849040896
1787046795,numerical,1830694912
1787046795,numerical,1820037120
1787046795,numerical,1823744000
1787046795,numerical,1839943680
1787046796,numerical,1878478848
1787046796,numerical,1859383296
1787046796,numerical,1870454784
1787046796,numerical,1834704896
1787046797,numerical,1725636608
1787046797,numerical,1774190592
1787046797,numerical,1777225728
1787046798,numerical,1802366976
1787046798,numerical,1786068992
1787046798,numerical,1725321216
1787046798,numerical,1813835776
1787046799,numerical,1829511168
1787046799,numerical,1945780224
1787046799,numerical,1725558784
1787046800,numerical,1818542080
1787046800,numerical,1846337536
1787046800,numerical,1838833664
1787046800,numerical,1945509888
1787046801,numerical,1790115840
1787046801,numerical,1845542912
1787046801,numerical,1849548800
1787046802,numerical,1893552128
1787046802,numerical,1873522688
1787046802,numerical,1797783552
1787046802,numerical,1871872000
1787046803,numerical,2011267072
1787046803,numerical,1873518592
1787046803,numerical,1824178176
1787046803,numerical,1846673408
1787046804,numerical,1945694208
1787046804,numerical,1903882240
1787046804,numerical,1829806080
1787046805,numerical,1835126784
1787046805,numerical,1786810368
1787046805,numerical,1816711168
1787046805,numerical,1786843136
1787046806,numerical,1794633728
1787046806,numerical,1873555456
1787046806,numerical,1786523648
1787046807,numerical,1796530176
1787046807,numerical,1802293248
1787046807,numerical,1925042176
1787046807,numerical,1786523648
1787046808,numerical,1849348096
1787046808,numerical,1882075136
1787046808,numerical,1873141760
1787046808,numerical,1992278016
1787046809,numerical,2026008576
1787046809,numerical,2000629760
1787046809,numerical,2079506432
1787046810,numerical,2144911360
1787046810,numerical,2159558656
1787046810,numerical,2159558656
1787046810,numerical,2159558656
1787046811,numerical,2159558656
1787046811,numerical,2159558656
1787046811,numerical,2159558656
1787046812,numerical,2159558656
1787046812,numerical,2159558656
1787046812,numerical,2159558656
1787046812,numerical,2159558656
1787046813,numerical,2159558656
1787046813,numerical,2159558656
1787046813,numerical,2159558656
1787046814,numerical,2159558656
1787046814,numerical,2159558656
1787046814,numerical,2159558656
1787046814,numerical,2159558656
1787046815,numerical,2159558656
1787046815,numerical,2159558656
1787046815,numerical,2159558656
1787046815,numerical,2159558656
1787046816,numerical,2159558656
1787046816,numerical,2159558656
1787046816,numerical,2159558656
1787046817,numerical,2159558656
1787046817,numerical,2159558656
1787046817,numerical,2159607808
1787046817,numerical,2159607808
1787046818,numerical,2079801344
1787046818,numerical,2092597248
1787046818,numerical,2167197696
1787046819,numerical,2244653056
1787046819,numerical,2204938240
1787046819,numerical,2295451648
1787046819,numerical,2208497664
1787046820,numerical,2248605696
1787046820,numerical,2226212864
1787046820,numerical,2336432128
1787046820,numerical,2453442560
1787046821,numerical,2276982784
1787046821,numerical,2310627328
1787046821,numerical,2305110016
1787046822,numerical,2426580992
1787046822,numerical,2338570240
1787046822,numerical,2275053568
1787046822,numerical,2276868096
1787046823,numerical,2412818432
1787046823,numerical,2324111360
1787046823,numerical,2275180544
1787046824,numerical,2272710656
1787046824,numerical,2393804800
1787046824,numerical,2290417664
1787046824,numerical,2273800192
1787046825,numerical,2224447488
1787046825,numerical,2370072576
1787046825,numerical,2269384704
1787046825,numerical,2273677312
1787046826,numerical,2210664448
1787046826,numerical,2370220032
1787046826,numerical,2231783424
1787046827,numerical,2273824768
1787046827,numerical,2210811904
1787046827,numerical,2335010816
1787046827,numerical,2210930688
1787046828,numerical,2219634688
1787046828,numerical,2307338240
1787046828,numerical,2427297792
1787046829,numerical,2384388096
1787046829,numerical,2250649600
1787046829,numerical,2233798656
1787046829,numerical,2322059264
1787046830,numerical,2339577856
1787046830,numerical,2256388096
1787046830,numerical,2210877440
1787046830,numerical,2238406656
1787046831,numerical,2281037824
1787046831,numerical,2255654912
1787046831,numerical,2289213440
1787046832,numerical,2210422784
1787046832,numerical,2215841792
1787046832,numerical,2258886656
1787046832,numerical,2222051328
1787046833,numerical,2210570240
1787046833,numerical,2210418688
1787046833,numerical,2214662144
1787046834,numerical,2275282944
1787046834,numerical,2423050240
1787046834,numerical,2275213312
1787046834,numerical,2338037760
1787046835,numerical,2275213312
1787046835,numerical,2433273856
1787046835,numerical,2275360768
1787046835,numerical,2338185216
1787046836,numerical,2285367296
1787046836,numerical,2362191872
1787046836,numerical,2275233792
1787046837,numerical,2275233792
1787046837,numerical,2275233792
1787046837,numerical,2362064896
1787046837,numerical,2275373056
1787046838,numerical,2288218112
1787046838,numerical,2279829504
1787046838,numerical,2275373056
1787046839,numerical,2275250176
1787046839,numerical,2275250176
1787046839,numerical,2275250176
1787046839,numerical,2275250176
1787046840,numerical,2284863488
1787046840,numerical,2275397632
1787046840,numerical,2275397632
1787046841,numerical,2321801216
1787046841,numerical,2360356864
1787046841,numerical,2275274752
1787046841,numerical,2310926336
1787046842,numerical,2443759616
1787046842,numerical,2395144192
1787046842,numerical,2385911808
1787046842,numerical,2073346048
1787046843,numerical,2073346048
1787046843,numerical,2153234432
1787046843,numerical,2153234432
1787046844,numerical,2153234432
1787046844,numerical,2153234432
1787046844,numerical,2153234432
1787046844,numerical,2153234432
1787046845,numerical,2153234432
1787046845,numerical,2153234432
1787046845,numerical,2153234432
1787046846,numerical,2153234432
1787046846,numerical,2153234432
1787046846,numerical,2153234432
1787046846,numerical,2153234432
1787046847,numerical,2153234432
1787046847,numerical,2153234432
1787046847,numerical,2153234432
1787046847,numerical,2153234432
1787046848,numerical,2153234432
1787046848,numerical,2153234432
1787046848,numerical,2153234432
1787046849,numerical,2153234432
1787046849,numerical,2153234432
1787046849,numerical,2153234432
1787046849,numerical,2153275392
1787046850,numerical,2153275392
1787046850,numerical,2153275392
1787046850,numerical,2153275392
1787046851,numerical,2153275392
1787046851,numerical,2225217536
1787046851,numerical,2073468928
1787046851,numerical,2245730304
1787046852,numerical,2258497536
1787046852,numerical,2268123136
1787046852,numerical,2205995008
1787046852,numerical,2365530112
1787046853,numerical,2206121984
1787046853,numerical,2273538048
1787046853,numerical,2211475456
1787046854,numerical,2370740224
1787046854,numerical,2211332096
1787046854,numerical,2273394688
1787046854,numerical,2274156544
1787046855,numerical,2323644416
1787046855,numerical,2298458112
1787046855,numerical,2229141504
1787046856,numerical,2319040512
1787046856,numerical,2450788352
1787046856,numerical,2298314752
1787046856,numerical,2252570624
1787046857,numerical,2287439872
1787046857,numerical,2409947136
1787046857,numerical,2382565376
1787046857,numerical,2253303808
1787046858,numerical,2256023552
1787046858,numerical,2409803776
1787046858,numerical,2382422016
1787046859,numerical,2246598656
1787046859,numerical,2232811520
1787046859,numerical,2310860800
1787046859,numerical,2311245824
1787046860,numerical,2299002880
1787046860,numerical,2258833408
1787046860,numerical,2231099392
1787046861,numerical,2267430912
1787046861,numerical,2237054976
1787046861,numerical,2265608192
1787046861,numerical,2211557376
1787046862,numerical,2211684352
1787046862,numerical,2308100096
1787046862,numerical,2275246080
1787046863,numerical,2298515456
1787046863,numerical,2211540992
1787046863,numerical,2239295488
1787046863,numerical,2275102720
1787046864,numerical,2374299648
1787046864,numerical,2211753984
1787046864,numerical,2336833536
1787046864,numerical,2275057664
1787046865,numerical,2267627520
1787046865,numerical,2382499840
1787046865,numerical,2268422144
1787046866,numerical,2273595392
1787046866,numerical,2211532800
1787046866,numerical,2369982464
1787046866,numerical,2211655680
1787046867,numerical,2262740992
1787046867,numerical,2337103872
1787046867,numerical,2450812928
1787046868,numerical,2298343424
1787046868,numerical,2274070528
1787046868,numerical,2276737024
1787046868,numerical,2384461824
1787046869,numerical,2344738816
1787046869,numerical,2216763392
1787046869,numerical,2216099840
1787046869,numerical,2266689536
1787046870,numerical,2288480256
1787046870,numerical,2259509248
1787046870,numerical,2297004032
1787046871,numerical,2211495936
1787046871,numerical,2211622912
1787046871,numerical,2259939328
1787046871,numerical,2225582080
1787046872,numerical,2298454016
1787046872,numerical,2211749888
1787046872,numerical,2267058176
1787046873,numerical,2308657152
1787046873,numerical,2298580992
1787046873,numerical,2211753984
1787046873,numerical,2274578432
1787046874,numerical,2275074048
1787046874,numerical,2212667392
1787046874,numerical,2371112960
1787046874,numerical,2399014912
1787046875,numerical,2382168064
1787046875,numerical,2129707008
1787046875,numerical,2129707008
1787046876,numerical,2209513472
1787046876,numerical,2209513472
1787046876,numerical,2209513472
1787046876,numerical,2209513472
1787046877,numerical,2209513472
1787046877,numerical,2209513472
1787046877,numerical,2209513472
1787046878,numerical,2209513472
1787046878,numerical,2209513472
1787046878,numerical,2209513472
1787046878,numerical,2209513472
1787046879,numerical,2209513472
1787046879,numerical,2209513472
1787046879,numerical,2209513472
1787046879,numerical,2209513472
1787046880,numerical,2209513472
1787046880,numerical,2209513472
1787046880,numerical,2209513472
1787046881,numerical,2209513472
1787046881,numerical,2209513472
1787046881,numerical,2209513472
1787046881,numerical,2209513472
1787046882,numerical,2209513472
1787046882,numerical,2209513472
1787046882,numerical,2209513472
1787046883,numerical,2209513472
1787046883,numerical,2209513472
1787046883,numerical,2209513472
1787046883,numerical,2209513472
1787046884,numerical,2129707008
1787046884,numerical,2197536768
1787046884,numerical,2173739008
1787046884,numerical,2231021568
1787046885,numerical,2300903424
1787046885,numerical,2416934912
1787046885,numerical,2366947328
1787046886,numerical,2215845888
1787046886,numerical,2212155392
1787046886,numerical,2262753280
1787046886,numerical,2301227008
1787046887,numerical,2256166912
1787046887,numerical,2259300352
1787046887,numerical,2212167680
1787046888,numerical,2261745664
1787046888,numerical,2241331200
1787046888,numerical,2282717184
1787046888,numerical,2211909632
1787046889,numerical,2211921920
1787046889,numerical,2260238336
1787046889,numerical,2231902208
1787046890,numerical,2211921920
1787046890,numerical,2211934208
1787046890,numerical,2287943680
1787046890,numerical,2275143680
1787046891,numerical,2298765312
1787046891,numerical,2211946496
1787046891,numerical,2262790144
1787046891,numerical,2310287360
1787046892,numerical,2364297216
1787046892,numerical,2451472384
1787046892,numerical,2274877440
1787046893,numerical,2275319808
1787046893,numerical,2303328256
1787046893,numerical,2441818112
1787046893,numerical,2274955264
1787046894,numerical,2279657472
1787046894,numerical,2298822656
1787046894,numerical,2418761728
1787046895,numerical,2336509952
1787046895,numerical,2275205120
1787046895,numerical,2282950656
1787046895,numerical,2412482560
1787046896,numerical,2319323136
1787046896,numerical,2274676736
1787046896,numerical,2251505664
1787046896,numerical,2376581120
1787046897,numerical,2287878144
1787046897,numerical,2273878016
1787046897,numerical,2215612416
1787046898,numerical,2371317760
1787046898,numerical,2253852672
1787046898,numerical,2273619968
1787046898,numerical,2211909632
1787046899,numerical,2371330048
1787046899,numerical,2216116224
1787046899,numerical,2273796096
1787046900,numerical,2337820672
1787046900,numerical,2427142144
1787046900,numerical,2343395328
1787046900,numerical,2256171008
1787046901,numerical,2259304448
1787046901,numerical,2212171776
1787046901,numerical,2249424896
1787046901,numerical,2226913280
1787046902,numerical,2265952256
1787046902,numerical,2212171776
1787046902,numerical,2212032512
1787046903,numerical,2260348928
1787046903,numerical,2275241984
1787046903,numerical,2298863616
1787046903,numerical,2212044800
1787046904,numerical,2243764224
1787046904,numerical,2285428736
1787046904,numerical,2381017088
1787046905,numerical,2212057088
1787046905,numerical,2212057088
1787046905,numerical,2310770688
1787046905,numerical,2311602176
1787046906,numerical,2427076608
1787046906,numerical,2329722880
1787046906,numerical,2275131392
1787046906,numerical,2274488320
1787046907,numerical,2383048704
1787046907,numerical,2273587200
1787046907,numerical,2274025472
1787046908,numerical,2274996224
1787046908,numerical,2296516608
1787046908,numerical,2421137408
1787046908,numerical,2395336704
1787046909,numerical,2222682112
1787046909,numerical,2222682112
1787046909,numerical,2222682112
1787046910,numerical,2222682112
1787046910,numerical,2222682112
1787046910,numerical,2222682112
1787046910,numerical,2222682112
1787046911,numerical,2222682112
1787046911,numerical,2222682112
1787046911,numerical,2222682112
1787046912,numerical,2222682112
1787046912,numerical,2222682112
1787046912,numerical,2222682112
1787046912,numerical,2222682112
1787046913,numerical,2222682112
1787046913,numerical,2222682112
1787046913,numerical,2222682112
1787046913,numerical,2222682112
1787046914,numerical,2222682112
1787046914,numerical,2222682112
1787046914,numerical,2222682112
1787046915,numerical,2222682112
1787046915,numerical,2222682112
1787046915,numerical,2222682112
1787046915,numerical,2222682112
1787046916,numerical,2222682112
1787046916,numerical,2222682112
1787046916,numerical,2222682112
1787046917,numerical,2222682112
1787046917,numerical,2222682112
1787046917,numerical,2248065024
1787046917,numerical,2222682112
1787046918,numerical,2271297536
1787046918,numerical,2285506560
1787046918,numerical,2276761600
1787046918,numerical,2370015232
1787046919,numerical,2434654208
1787046919,numerical,2339323904
1787046919,numerical,2277576704
1787046920,numerical,2363330560
1787046920,numerical,2276626432
1787046920,numerical,2276626432
1787046920,numerical,2276626432
1787046921,numerical,2363457536
1787046921,numerical,2276753408
1787046921,numerical,2317090816
1787046922,numerical,2302410752
1787046922,numerical,2276753408
1787046922,numerical,2276610048
1787046922,numerical,2276610048
1787046923,numerical,2276610048
1787046923,numerical,2281070592
1787046923,numerical,2332610560
1787046924,numerical,2318663680
1787046924,numerical,2310557696
1787046924,numerical,2380156928
1787046924,numerical,2336968704
1787046925,numerical,2291224576
1787046925,numerical,2276761600
1787046925,numerical,2289643520
1787046925,numerical,2309595136
1787046926,numerical,2276761600
1787046926,numerical,2276761600
1787046926,numerical,2296160256
1787046927,numerical,2336763904
1787046927,numerical,2316316672
1787046927,numerical,2287448064
1787046927,numerical,2369691648
1787046928,numerical,2374000640
1787046928,numerical,2276818944
1787046928,numerical,2371383296
1787046929,numerical,2487492608
1787046929,numerical,2450268160
1787046929,numerical,2276679680
1787046929,numerical,2339504128
1787046930,numerical,2356342784
1787046930,numerical,2363367424
1787046930,numerical,2276536320
1787046930,numerical,2276536320
1787046931,numerical,2436071424
1787046931,numerical,2276663296
1787046931,numerical,2276663296
1787046932,numerical,2288496640
1787046932,numerical,2435928064
1787046932,numerical,2276761600
1787046932,numerical,2276761600
1787046933,numerical,2351648768
1787046933,numerical,2451750912
1787046933,numerical,2327371776
1787046934,numerical,2276761600
1787046934,numerical,2357940224
1787046934,numerical,2409480192
1787046934,numerical,2388246528
1787046935,numerical,2276638720
1787046935,numerical,2450227200
1787046935,numerical,2276495360
1787046935,numerical,2276495360
1787046936,numerical,2316132352
1787046936,numerical,2363326464
1787046936,numerical,2276622336
1787046937,numerical,2276622336
1787046937,numerical,2276622336
1787046937,numerical,2276622336
1787046937,numerical,2276749312
1787046938,numerical,2276749312
1787046938,numerical,2324955136
1787046938,numerical,2276749312
1787046939,numerical,2284244992
1787046939,numerical,2276605952
1787046939,numerical,2276605952
1787046939,numerical,2281340928
1787046940,numerical,2394775552
1787046940,numerical,2365247488
1787046940,numerical,2261942272
1787046941,numerical,2261942272
1787046941,numerical,2261942272
1787046941,numerical,2261942272
1787046941,numerical,2261942272
1787046942,numerical,2261942272
1787046942,numerical,2261942272
1787046942,numerical,2261942272
1787046942,numerical,2261942272
1787046943,numerical,2261942272
1787046943,numerical,2261942272
1787046943,numerical,2261942272
1787046944,numerical,2261942272
1787046944,numerical,2261942272
1787046944,numerical,2261942272
1787046944,numerical,2261942272
1787046945,numerical,2261942272
1787046945,numerical,2261942272
1787046945,numerical,2261942272
1787046946,numerical,2261942272
1787046946,numerical,2261942272
1787046946,numerical,2261942272
1787046946,numerical,2261942272
1787046947,numerical,2261942272
1787046947,numerical,2261942272
1787046947,numerical,2261942272
1787046947,numerical,2261942272
1787046948,numerical,2261942272
1787046948,numerical,2261942272
1787046948,numerical,2261942272
1787046949,numerical,2261942272
1787046949,numerical,2261942272
1787046949,numerical,2261942272
1787046949,numerical,2302996480
1787046950,numerical,2243870720
1787046950,numerical,2268282880
1787046950,numerical,2220756992
1787046951,numerical,2375938048
1787046951,numerical,2251018240
1787046951,numerical,2273722368
1787046951,numerical,2210082816
1787046952,numerical,2369462272
1787046952,numerical,2210054144
1787046952,numerical,2268655616
1787046952,numerical,2274103296
1787046953,numerical,2291056640
1787046953,numerical,2298081280
1787046953,numerical,2232971264
1787046954,numerical,2311172096
1787046954,numerical,2438029312
1787046954,numerical,2383912960
1787046954,numerical,2253148160
1787046955,numerical,2243878912
1787046955,numerical,2339500032
1787046955,numerical,2337595392
1787046956,numerical,2255790080
1787046956,numerical,2211790848
1787046956,numerical,2254000128
1787046956,numerical,2290958336
1787046957,numerical,2264510464
1787046957,numerical,2307420160
1787046957,numerical,2214817792
1787046957,numerical,2214641664
1787046958,numerical,2263134208
1787046958,numerical,2234122240
1787046958,numerical,2214817792
1787046959,numerical,2214785024
1787046959,numerical,2311200768
1787046959,numerical,2209128448
1787046959,numerical,2301616128
1787046960,numerical,2214756352
1787046960,numerical,2282647552
1787046960,numerical,2275192832
1787046961,numerical,2301587456
1787046961,numerical,2214727680
1787046961,numerical,2223378432
1787046961,numerical,2275164160
1787046962,numerical,2371117056
1787046962,numerical,2214699008
1787046962,numerical,2214699008
1787046962,numerical,2275135488
1787046963,numerical,2329145344
1787046963,numerical,2450657280
1787046963,numerical,2277494784
1787046964,numerical,2275037184
1787046964,numerical,2291769344
1787046964,numerical,2419171328
1787046964,numerical,2290536448
1787046965,numerical,2273988608
1787046965,numerical,2214817792
1787046965,numerical,2347888640
1787046966,numerical,2301648896
1787046966,numerical,2219704320
1787046966,numerical,2336935936
1787046966,numerical,2453913600
1787046967,numerical,2301558784
1787046967,numerical,2253037568
1787046967,numerical,2286514176
1787046967,numerical,2406547456
1787046968,numerical,2377379840
1787046968,numerical,2242293760
1787046968,numerical,2258739200
1787046969,numerical,2362482688
1787046969,numerical,2343796736
1787046969,numerical,2214670336
1787046969,numerical,2214670336
1787046970,numerical,2277851136
1787046970,numerical,2305798144
1787046970,numerical,2301403136
1787046971,numerical,2214641664
1787046971,numerical,2225393664
1787046971,numerical,2272837632
1787046971,numerical,2257838080
1787046972,numerical,2272268288
1787046972,numerical,2211901440
1787046972,numerical,2211770368
1787046973,numerical,2260086784
1787046973,numerical,2223362048
1787046973,numerical,2211770368
1787046973,numerical,2340638720
1787046974,numerical,2364895232
1787046974,numerical,2192240640
1787046974,numerical,2192240640
1787046974,numerical,2192240640
1787046975,numerical,2192240640
1787046975,numerical,2192240640
1787046975,numerical,2192240640
1787046976,numerical,2192240640
1787046976,numerical,2192240640
1787046976,numerical,2192240640
1787046976,numerical,1952821248
1787046977,numerical,1952821248
1787046977,numerical,1952821248
1787046977,numerical,1952821248
1787046978,numerical,1952821248
1787046978,numerical,1952821248
1787046978,numerical,1952821248
1787046978,numerical,1952821248
1787046979,numerical,1952821248
1787046979,numerical,1952821248
1787046979,numerical,1952821248
1787046979,numerical,1952821248
1787046980,numerical,1952821248
1787046980,numerical,1952821248
1787046980,numerical,1952821248
1787046981,numerical,1952821248
1787046981,numerical,1952821248
1787046981,numerical,1952821248
1787046981,numerical,1952821248
1787046982,numerical,1952821248
1787046982,numerical,1952821248
1787046982,numerical,1952821248
1787046983,numerical,1952821248
1787046983,numerical,1672597504
1787046983,numerical,1672597504
1787046983,numerical,1672597504
1787046984,numerical,1672597504
1787046984,numerical,1647652864
1787046984,numerical,1647652864
1787046984,numerical,1647652864
1787046985,numerical,1647652864
1787046985,numerical,1647652864
1787046985,numerical,1647652864
1787046986,numerical,1647652864
1787046986,numerical,1647652864
1787046986,numerical,1647652864
1787046986,numerical,1647652864
1787046987,numerical,1647652864
1787046987,numerical,1647652864
1787046987,numerical,1647652864
1787046988,numerical,1647652864
1787046988,numerical,1647652864
1787046988,numerical,1647652864
1787046988,numerical,1647652864
1787046989,numerical,1647652864
1787046989,numerical,1647652864
1787046989,numerical,1647652864
1787046989,numerical,1647652864
1787046990,numerical,1647652864
1787046990,numerical,1647652864
1787046990,numerical,1647652864
1787046991,numerical,1647652864
1787046991,numerical,1647652864
1787046991,numerical,1647652864
1787046991,numerical,1647652864
1787046992,numerical,1647652864
1787046992,numerical,1647652864
1787046992,numerical,1647652864
1787046993,numerical,1807024128
1787046993,numerical,1727324160
1787046993,numerical,1727459328
1787046993,numerical,1892995072
1787046994,numerical,2047696896
1787046994,numerical,2105421824
1787046994,numerical,2218561536
1787046994,numerical,2205696000
1787046995,numerical,2170568704
1787046995,numerical,2142498816
1787046995,numerical,2120908800
1787046996,numerical,2412548096
1787046996,numerical,2077241344
1787046996,numerical,2200838144
1787046996,numerical,2173935616
1787046997,numerical,2217037824
1787046997,numerical,2250653696
1787046997,numerical,2153771008
1787046998,numerical,2068250624
1787046998,numerical,2447474688
1787046998,numerical,2068250624
1787046998,numerical,2165280768
1787046999,numerical,2171740160
1787046999,numerical,2216751104
1787046999,numerical,2246836224
1787046999,numerical,2153553920
1787047000,numerical,2084339712
1787047000,numerical,2463580160
1787047000,numerical,2181296128
1787047001,numerical,2267336704
1787047001,numerical,2259644416
1787047001,numerical,2266284032
1787047001,numerical,2343575552
1787047002,numerical,2237825024
1787047002,numerical,2077032448
1787047002,numerical,2474778624
1787047003,numerical,2230718464
1787047003,numerical,2321997824
1787047003,numerical,2312122368
1787047003,numerical,2217517056
1787047004,numerical,2249994240
1787047004,numerical,2308993024
1787047004,numerical,2115715072
1787047005,numerical,2548412416
1787047005,numerical,2288586752
1787047005,numerical,2225188864
1787047005,numerical,2231971840
1787047006,numerical,2171555840
1787047006,numerical,2250551296
1787047006,numerical,2267607040
1787047006,numerical,2077454336
1787047007,numerical,2481438720
1787047007,numerical,2224697344
1787047007,numerical,2309652480
1787047008,numerical,2318471168
1787047008,numerical,2217545728
1787047008,numerical,2250022912
1787047008,numerical,2279661568
1787047009,numerical,2082189312
1787047009,numerical,2525179904
1787047009,numerical,2273841152
1787047010,numerical,2223161344
1787047010,numerical,2231963648
1787047010,numerical,2197897216
1787047010,numerical,2249486336
1787047011,numerical,2338955264
1787047011,numerical,2185474048
1787047011,numerical,2596753408
1787047011,numerical,2326626304
1787047012,numerical,2228596736
1787047012,numerical,2162147328
1787047012,numerical,2223370240
1787047013,numerical,2152755200
1787047013,numerical,2349342720
1787047013,numerical,2193764352
1787047013,numerical,2607140864
1787047014,numerical,2339110912
1787047014,numerical,2228498432
1787047014,numerical,2191409152
1787047015,numerical,2252451840
1787047015,numerical,2152656896
1787047015,numerical,2374594560
1787047015,numerical,2216935424
1787047016,numerical,2596782080
1787047016,numerical,2303545344
1787047016,numerical,2223362048
1787047016,numerical,2145202176
1787047017,numerical,2181029888
1787047017,numerical,2249396224
1787047017,numerical,2328375296
1787047018,numerical,2158120960
1787047018,numerical,2571616256
1787047018,numerical,2297294848
1787047018,numerical,2223362048
1787047019,numerical,2150477824
1787047019,numerical,2220748800
1787047019,numerical,2152636416
1787047020,numerical,2357612544
1787047020,numerical,2206228480
1787047020,numerical,2604924928
1787047020,numerical,2332700672
1787047021,numerical,2228379648
1787047021,numerical,2172686336
1787047021,numerical,2233704448
1787047021,numerical,2152808448
1787047022,numerical,2353590272
1787047022,numerical,2191720448
1787047022,numerical,2584186880
1787047023,numerical,2284654592
1787047023,numerical,2223362048
1787047023,numerical,2231881728
1787047023,numerical,2157961216
1787047024,numerical,2249490432
1787047024,numerical,2281226240
1787047024,numerical,2077454336
1787047025,numerical,2500313088
1787047025,numerical,2226794496
1787047025,numerical,2337038336
1787047025,numerical,2318848000
1787047026,numerical,2217889792
1787047026,numerical,2249478144
1787047026,numerical,2272825344
1787047026,numerical,2077442048
1787047027,numerical,2508566528
1787047027,numerical,2257227776
1787047027,numerical,2348945408
1787047028,numerical,2231857152
1787047028,numerical,2217791488
1787047028,numerical,2249379840
1787047028,numerical,2302087168
1787047029,numerical,2115022848
1787047029,numerical,2545078272
1787047029,numerical,2268573696
1787047030,numerical,2348797952
1787047030,numerical,2232029184
1787047030,numerical,2152300544
1787047030,numerical,2249281536
1787047031,numerical,2295906304
1787047031,numerical,2090909696
1787047031,numerical,2514993152
1787047032,numerical,2243571712
1787047032,numerical,2330791936
1787047032,numerical,2287276032
1787047032,numerical,2247516160
1787047033,numerical,2325917696
1787047033,numerical,2211885056
1787047033,numerical,2077319168
1787047033,numerical,2460196864
1787047034,numerical,2216136704
1787047034,numerical,2313826304
1787047034,numerical,2295443456
1787047035,numerical,2268508160
1787047035,numerical,2345848832
1787047035,numerical,2245328896
1787047035,numerical,2077208576
1787047036,numerical,2502041600
1787047036,numerical,2234912768
1787047036,numerical,2324213760
1787047037,numerical,2312122368
1787047037,numerical,2272026624
1787047037,numerical,2346020864
1787047037,numerical,2247598080
1787047038,numerical,2077380608
1787047038,numerical,2493825024
1787047038,numerical,2247667712
1787047038,numerical,2341163008
1787047039,numerical,2318958592
1787047039,numerical,2217725952
1787047039,numerical,2345922560
1787047040,numerical,2255888384
1787047040,numerical,2077454336
1787047040,numerical,2477240320
1787047040,numerical,2305466368
1787047041,numerical,2546208768
1787047041,numerical,2488631296
1787047041,numerical,2488631296
1787047042,numerical,2336493568
1787047042,numerical,2336493568
1787047042,numerical,2336493568
1787047042,numerical,2336493568
1787047043,numerical,2336493568
1787047043,numerical,2336493568
1787047043,numerical,2336493568
1787047043,numerical,2336493568
1787047044,numerical,2336493568
1787047044,numerical,2336493568
1787047044,numerical,2336493568
1787047045,numerical,2336493568
1787047045,numerical,2336493568
1787047045,numerical,2336493568
1787047045,numerical,2336493568
1787047046,numerical,2336493568
1787047046,numerical,2336493568
1787047046,numerical,2336493568
1787047047,numerical,2336493568
1787047047,numerical,2336493568
1787047047,numerical,2336493568
1787047047,numerical,2336493568
1787047048,numerical,2336493568
1787047048,numerical,2336493568
1787047048,numerical,2336493568
1787047048,numerical,2336493568
1787047049,numerical,2336493568
1787047049,numerical,2336493568
1787047049,numerical,2336493568
1787047050,numerical,2336493568
1787047050,numerical,2416300032
1787047050,numerical,2336493568
1787047050,numerical,2336493568
1787047051,numerical,2336493568
1787047051,numerical,2256687104
1787047051,numerical,2377043968
1787047052,numerical,2435383296
1787047052,numerical,2666459136
1787047052,numerical,2554306560
1787047052,numerical,2585534464
1787047053,numerical,2624245760
1787047053,numerical,2672263168
1787047053,numerical,2734006272
1787047053,numerical,2420883456
1787047054,numerical,2492866560
1787047054,numerical,2494111744
1787047054,numerical,2573238272
1787047055,numerical,2549682176
1787047055,numerical,2510106624
1787047055,numerical,2442465280
1787047055,numerical,2821849088
1787047056,numerical,2483576832
1787047056,numerical,2580414464
1787047056,numerical,2562105344
1787047057,numerical,2573938688
1787047057,numerical,2629476352
1787047057,numerical,2521559040
1787047057,numerical,2435538944
1787047058,numerical,2814550016
1787047058,numerical,2463686656
1787047058,numerical,2555797504
1787047058,numerical,2517929984
1787047059,numerical,2573295616
1787047059,numerical,2597912576
1787047059,numerical,2510102528
1787047060,numerical,2435207168
1787047060,numerical,2814791680
1787047060,numerical,2453442560
1787047060,numerical,2551816192
1787047061,numerical,2516058112
1787047061,numerical,2573197312
1787047061,numerical,2578997248
1787047062,numerical,2510061568
1787047062,numerical,2435170304
1787047062,numerical,2814554112
1787047062,numerical,2469990400
1787047063,numerical,2572578816
1787047063,numerical,2543190016
1787047063,numerical,2573168640
1787047064,numerical,2606649344
1787047064,numerical,2510032896
1787047064,numerical,2435141632
1787047064,numerical,2754732032
1787047065,numerical,2451357696
1787047065,numerical,2543349760
1787047065,numerical,2515345408
1787047065,numerical,2573414400
1787047066,numerical,2591739904
1787047066,numerical,2510401536
1787047066,numerical,2442821632
1787047067,numerical,2761867264
1787047067,numerical,2442821632
1787047067,numerical,2520346624
1787047067,numerical,2498961408
1787047068,numerical,2573025280
1787047068,numerical,2545250304
1787047068,numerical,2509869056
1787047069,numerical,2502868992
1787047069,numerical,2761494528
1787047069,numerical,2442477568
1787047069,numerical,2530500608
1787047070,numerical,2500030464
1787047070,numerical,2573176832
1787047070,numerical,2562179072
1787047070,numerical,2510020608
1787047071,numerical,2442440704
1787047071,numerical,2761469952
1787047071,numerical,2487754752
1787047072,numerical,2580213760
1787047072,numerical,2569486336
1787047072,numerical,2574041088
1787047072,numerical,2613006336
1787047073,numerical,2510401536
1787047073,numerical,2442821632
1787047073,numerical,2761867264
1787047074,numerical,2442821632
1787047074,numerical,2528657408
1787047074,numerical,2500104192
1787047074,numerical,2573025280
1787047075,numerical,2545250304
1787047075,numerical,2509869056
1787047075,numerical,2509869056
1787047075,numerical,2761670656
1787047076,numerical,2442653696
1787047076,numerical,2515849216
1787047076,numerical,2494529536
1787047077,numerical,2573172736
1787047077,numerical,2543091712
1787047077,numerical,2510016512
1787047077,numerical,2510016512
1787047078,numerical,2761818112
1787047078,numerical,2442801152
1787047078,numerical,2541309952
1787047079,numerical,2502725632
1787047079,numerical,2573049856
1787047079,numerical,2591412224
1787047079,numerical,2510401536
1787047080,numerical,2510401536
1787047080,numerical,2744000512
1787047080,numerical,2442821632
1787047080,numerical,2451906560
1787047081,numerical,2581663744
1787047081,numerical,2564849664
1787047081,numerical,2597093376
1787047082,numerical,2635804672
1787047082,numerical,2684063744
1787047082,numerical,2762039296
1787047082,numerical,2442821632
1787047083,numerical,2616483840
1787047083,numerical,2615066624
1787047083,numerical,2567614464
1787047084,numerical,2635964416
1787047084,numerical,2635616256
1787047084,numerical,2509971456
1787047084,numerical,2668085248
1787047085,numerical,2442403840
1787047085,numerical,2473656320
1787047085,numerical,2585542656
1787047085,numerical,2573287424
1787047086,numerical,2532720640
1787047086,numerical,2510131200
1787047086,numerical,2510131200
1787047087,numerical,2761580544
1787047087,numerical,2458320896
1787047087,numerical,2576723968
1787047087,numerical,2561474560
1787047088,numerical,2573783040
1787047088,numerical,2627223552
1787047088,numerical,2542374912
1787047089,numerical,2442260480
1787047089,numerical,2792644608
1787047089,numerical,2559397888
1787047089,numerical,2641481728
1787047090,numerical,2628218880
1787047090,numerical,2592321536
1787047090,numerical,2698846208
1787047090,numerical,2593095680
1787047091,numerical,2442465280
1787047091,numerical,2796576768
1787047091,numerical,2611687424
1787047092,numerical,2704986112
1787047092,numerical,2587164672
1787047092,numerical,2508095488
1787047092,numerical,2606563328
1787047093,numerical,2662187008
1787047093,numerical,2479886336
1787047093,numerical,2855317504
1787047094,numerical,2645958656
1787047094,numerical,2480177152
1787047094,numerical,2626859008
1787047094,numerical,2581569536
1787047095,numerical,2608037888
1787047095,numerical,2847764480
1787047095,numerical,2815631360
1787047096,numerical,2442821632
1787047096,numerical,2790146048
1787047096,numerical,2475008000
1787047096,numerical,2587021312
1787047097,numerical,2652844032
1787047097,numerical,2565976064
1787047097,numerical,2803687424
1787047097,numerical,2763132928
1787047098,numerical,2442821632
1787047098,numerical,2543472640
1787047098,numerical,3016962048
1787047099,numerical,2793820160
1787047099,numerical,2256859136
1787047099,numerical,2256859136
1787047099,numerical,2256859136
1787047100,numerical,2256859136
1787047100,numerical,2256859136
1787047100,numerical,2256859136
1787047101,numerical,2256859136
1787047101,numerical,2256859136
1787047101,numerical,2256859136
1787047101,numerical,2256859136
1787047102,numerical,2256859136
1787047102,numerical,2256859136
1787047102,numerical,2256859136
1787047102,numerical,2256859136
1787047103,numerical,2256859136
1787047103,numerical,2256859136
1787047103,numerical,2256859136
1787047104,numerical,2256859136
1787047104,numerical,2256859136
1787047104,numerical,2256859136
1787047104,numerical,2256859136
1787047105,numerical,2256859136
1787047105,numerical,2256859136
1787047105,numerical,2256859136
1787047106,numerical,2256859136
1787047106,numerical,2256859136
1787047106,numerical,2256859136
1787047106,numerical,2256859136
1787047107,numerical,2256859136
1787047107,numerical,2256859136
1787047107,numerical,2256859136
1787047107,numerical,2256859136
1787047108,numerical,2256859136
1787047108,numerical,2256859136
1787047108,numerical,2256859136
1787047109,numerical,2701860864
1787047109,numerical,2574405632
1787047109,numerical,2485772288
1787047109,numerical,2639847424
1787047110,numerical,2499649536
1787047110,numerical,2620968960
1787047110,numerical,2768236544
1787047111,numerical,2859905024
1787047111,numerical,2477256704
1787047111,numerical,2650918912
1787047111,numerical,2541613056
1787047112,numerical,2578812928
1787047112,numerical,2527977472
1787047112,numerical,2641928192
1787047112,numerical,2857304064
1787047113,numerical,2824761344
1787047113,numerical,2433630208
1787047113,numerical,2607292416
1787047114,numerical,2531270656
1787047114,numerical,2580180992
1787047114,numerical,2522988544
1787047114,numerical,2636873728
1787047115,numerical,2850521088
1787047115,numerical,2805776384
1787047115,numerical,2433695744
1787047116,numerical,2781044736
1787047116,numerical,2468179968
1787047116,numerical,2577014784
1787047116,numerical,2630397952
1787047117,numerical,2531201024
1787047117,numerical,2748887040
1787047117,numerical,2641891328
1787047117,numerical,2972889088
1787047118,numerical,2701676544
1787047118,numerical,2585088000
1787047118,numerical,2509635584
1787047119,numerical,2580189184
1787047119,numerical,2510254080
1787047119,numerical,2715095040
1787047119,numerical,2578677760
1787047120,numerical,2970783744
1787047120,numerical,2701246464
1787047120,numerical,2586628096
1787047121,numerical,2523463680
1787047121,numerical,2595667968
1787047121,numerical,2511294464
1787047121,numerical,2720329728
1787047122,numerical,2608136192
1787047122,numerical,2972266496
1787047122,numerical,2715860992
1787047122,numerical,2585083904
1787047123,numerical,2526388224
1787047123,numerical,2605096960
1787047123,numerical,2510200832
1787047124,numerical,2706681856
1787047124,numerical,2553638912
1787047124,numerical,2952331264
1787047124,numerical,2661715968
1787047125,numerical,2579824640
1787047125,numerical,2588327936
1787047125,numerical,2529345536
1787047126,numerical,2606792704
1787047126,numerical,2673471488
1787047126,numerical,2511380480
1787047126,numerical,2933211136
1787047127,numerical,2669965312
1787047127,numerical,2581540864
1787047127,numerical,2507612160
1787047127,numerical,2582724608
1787047128,numerical,2511474688
1787047128,numerical,2716315648
1787047128,numerical,2599927808
1787047129,numerical,2972446720
1787047129,numerical,2699264000
1787047129,numerical,2584870912
1787047129,numerical,2501586944
1787047130,numerical,2562801664
1787047130,numerical,2510061568
1787047130,numerical,2691821568
1787047131,numerical,2515570688
1787047131,numerical,2939133952
1787047131,numerical,2673717248
1787047131,numerical,2581573632
1787047132,numerical,2506686464
1787047132,numerical,2583867392
1787047132,numerical,2509942784
1787047132,numerical,2706395136
1787047133,numerical,2565783552
1787047133,numerical,2966548480
1787047133,numerical,2694914048
1787047134,numerical,2586587136
1787047134,numerical,2529718272
1787047134,numerical,2610311168
1787047134,numerical,2511257600
1787047135,numerical,2726584320
1787047135,numerical,2610200576
1787047135,numerical,2972700672
1787047136,numerical,2665910272
1787047136,numerical,2579824640
1787047136,numerical,2588475392
1787047136,numerical,2508537856
1787047137,numerical,2607005696
1787047137,numerical,2640130048
1787047137,numerical,2450792448
1787047138,numerical,2887192576
1787047138,numerical,2638626816
1787047138,numerical,2579693568
1787047138,numerical,2588352512
1787047139,numerical,2550226944
1787047139,numerical,2606702592
1787047139,numerical,2681769984
1787047139,numerical,2519678976
1787047140,numerical,2924818432
1787047140,numerical,2651086848
1787047140,numerical,2581536768
1787047141,numerical,2588495872
1787047141,numerical,2551226368
1787047141,numerical,2607726592
1787047141,numerical,2682793984
1787047142,numerical,2500780032
1787047142,numerical,2899902464
1787047142,numerical,2606641152
1787047143,numerical,2676264960
1787047143,numerical,2659565568
1787047143,numerical,2628579328
1787047143,numerical,2703421440
1787047144,numerical,2585419776
1787047144,numerical,2433548288
1787047144,numerical,2812796928
1787047144,numerical,2580135936
1787047145,numerical,2650787840
1787047145,numerical,2636464128
1787047145,numerical,2601414656
1787047146,numerical,2688962560
1787047146,numerical,2574823424
1787047146,numerical,2433437696
1787047146,numerical,2822156288
1787047147,numerical,2576101376
1787047147,numerical,2655010816
1787047147,numerical,2648936448
1787047148,numerical,2614181888
1787047148,numerical,2686070784
1787047148,numerical,2559348736
1787047148,numerical,2433597440
1787047149,numerical,2813116416
1787047149,numerical,2500755456
1787047149,numerical,2565275648
1787047149,numerical,2519035904
1787047150,numerical,2573541376
1787047150,numerical,2558607360
1787047150,numerical,2510209024
1787047151,numerical,2510209024
1787047151,numerical,2813071360
1787047151,numerical,2433875968
1787047151,numerical,2489741312
1787047152,numerical,2494181376
1787047152,numerical,2573500416
1787047152,numerical,2510299136
1787047153,numerical,2635943936
1787047153,numerical,2510299136
1787047153,numerical,2767130624
1787047153,numerical,2433712128
1787047154,numerical,2476802048
1787047154,numerical,2590957568
1787047154,numerical,2572021760
1787047154,numerical,2510172160
1787047155,numerical,2635816960
1787047155,numerical,2510172160
1787047155,numerical,2730627072
1787047156,numerical,2512912384
1787047156,numerical,2869456896
1787047156,numerical,2868498432
1787047156,numerical,2835890176
1787047157,numerical,2298929152
1787047157,numerical,2378735616
1787047157,numerical,2378735616
1787047158,numerical,2378735616
1787047158,numerical,2378735616
1787047158,numerical,2378735616
1787047158,numerical,2378735616
1787047159,numerical,2378735616
1787047159,numerical,2378735616
1787047159,numerical,2378735616
1787047160,numerical,2378735616
1787047160,numerical,2378735616
1787047160,numerical,2378735616
1787047160,numerical,2378735616
1787047161,numerical,2378735616
1787047161,numerical,2378735616
1787047161,numerical,2378735616
1787047161,numerical,2378735616
1787047162,numerical,2378735616
1787047162,numerical,2378735616
1787047162,numerical,2378735616
1787047163,numerical,2378735616
1787047163,numerical,2378735616
1787047163,numerical,2378735616
1787047163,numerical,2378735616
1787047164,numerical,2378735616
1787047164,numerical,2378735616
1787047164,numerical,2378735616
1787047165,numerical,2378735616
1787047165,numerical,2378735616
1787047165,numerical,2298929152
1787047165,numerical,2378604544
1787047166,numerical,2378604544
1787047166,numerical,2378735616
1787047166,numerical,2378735616
1787047166,numerical,2732756992
1787047167,numerical,2786230272
1787047167,numerical,2466361344
1787047167,numerical,2607489024
1787047168,numerical,2570461184
1787047168,numerical,2546466816
1787047168,numerical,2716123136
1787047168,numerical,2708684800
1787047169,numerical,2389381120
1787047169,numerical,2759184384
1787047169,numerical,2477195264
1787047170,numerical,2602479616
1787047170,numerical,2581680128
1787047170,numerical,2532925440
1787047170,numerical,2771075072
1787047171,numerical,2724044800
1787047171,numerical,2440736768
1787047171,numerical,2780934144
1787047171,numerical,2478252032
1787047172,numerical,2617114624
1787047172,numerical,2581614592
1787047172,numerical,2599694336
1787047173,numerical,2835652608
1787047173,numerical,2835845120
1787047173,numerical,2440343552
1787047173,numerical,2614005760
1787047174,numerical,2595377152
1787047174,numerical,2551959552
1787047174,numerical,2617479168
1787047175,numerical,2729574400
1787047175,numerical,2684022784
1787047175,numerical,2653044736
1787047175,numerical,2433257472
1787047176,numerical,2447757312
1787047176,numerical,2580885504
1787047176,numerical,2516611072
1787047176,numerical,2597253120
1787047177,numerical,2635964416
1787047177,numerical,2510569472
1787047177,numerical,2701520896
1787047178,numerical,2433482752
1787047178,numerical,2447982592
1787047178,numerical,2677563392
1787047178,numerical,2618806272
1787047179,numerical,2673909760
1787047179,numerical,2761043968
1787047179,numerical,2683674624
1787047180,numerical,2653270016
1787047180,numerical,2433482752
1787047180,numerical,2447982592
1787047180,numerical,2581110784
1787047181,numerical,2510606336
1787047181,numerical,2597060608
1787047181,numerical,2635771904
1787047181,numerical,2510127104
1787047182,numerical,2740891648
1787047182,numerical,2433024000
1787047182,numerical,2456645632
1787047183,numerical,2584621056
1787047183,numerical,2527346688
1787047183,numerical,2597502976
1787047183,numerical,2636214272
1787047184,numerical,2510569472
1787047184,numerical,2714103808
1787047184,numerical,2433482752
1787047185,numerical,2447982592
1787047185,numerical,2581110784
1787047185,numerical,2529251328
1787047185,numerical,2597089280
1787047186,numerical,2635800576
1787047186,numerical,2510155776
1787047186,numerical,2789171200
1787047186,numerical,2433052672
1787047187,numerical,2513514496
1787047187,numerical,2495193088
1787047187,numerical,2573520896
1787047188,numerical,2545496064
1787047188,numerical,2510114816
1787047188,numerical,2510114816
1787047188,numerical,2812198912
1787047189,numerical,2459254784
1787047189,numerical,2563805184
1787047189,numerical,2541215744
1787047190,numerical,2573508608
1787047190,numerical,2577285120
1787047190,numerical,2510569472
1787047190,numerical,2510569472
1787047191,numerical,2812669952
1787047191,numerical,2493337600
1787047191,numerical,2591170560
1787047191,numerical,2570809344
1787047192,numerical,2574344192
1787047192,numerical,2631913472
1787047192,numerical,2551259136
1787047193,numerical,2433249280
1787047193,numerical,2826002432
1787047193,numerical,2585489408
1787047193,numerical,2678976512
1787047194,numerical,2656321536
1787047194,numerical,2615705600
1787047194,numerical,2696998912
1787047195,numerical,2572374016
1787047195,numerical,2433208320
1787047195,numerical,2853224448
1787047195,numerical,2606419968
1787047196,numerical,2704670720
1787047196,numerical,2674601984
1787047196,numerical,2628689920
1787047196,numerical,2703519744
1787047197,numerical,2572648448
1787047197,numerical,2433482752
1787047197,numerical,2849165312
1787047198,numerical,2581544960
1787047198,numerical,2658279424
1787047198,numerical,2639728640
1787047198,numerical,2615238656
1787047199,numerical,2703208448
1787047199,numerical,2601185280
1787047199,numerical,2436853760
1787047200,numerical,2863390720
1787047200,numerical,2619838464
1787047200,numerical,2708545536
1787047200,numerical,2591793152
1787047201,numerical,2512310272
1787047201,numerical,2610778112
1787047201,numerical,2664304640
1787047202,numerical,2510249984
1787047202,numerical,2932748288
1787047202,numerical,2676752384
1787047202,numerical,2588389376
1787047203,numerical,2507681792
1787047203,numerical,2574651392
1787047203,numerical,2514092032
1787047203,numerical,2703101952
1787047204,numerical,2568916992
1787047204,numerical,2972540928
1787047204,numerical,2685267968
1787047205,numerical,2588622848
1787047205,numerical,2516037632
1787047205,numerical,2611036160
1787047205,numerical,2514538496
1787047206,numerical,2732953600
1787047206,numerical,2659991552
1787047206,numerical,2437451776
1787047207,numerical,2775552000
1787047207,numerical,2482159616
1787047207,numerical,2625368064
1787047207,numerical,2585538560
1787047208,numerical,2580418560
1787047208,numerical,2801827840
1787047208,numerical,2780205056
1787047208,numerical,2437132288
1787047209,numerical,2610794496
1787047209,numerical,2557063168
1787047209,numerical,2512347136
1787047210,numerical,2584096768
1787047210,numerical,2674868224
1787047210,numerical,2688036864
1787047210,numerical,2914775040
1787047211,numerical,2437480448
1787047211,numerical,2611408896
1787047211,numerical,2610319360
1787047212,numerical,2539204608
1787047212,numerical,2607001600
1787047212,numerical,2702663680
1787047212,numerical,2688569344
1787047213,numerical,2967769088
1787047213,numerical,2437820416
1787047213,numerical,2763849728
1787047213,numerical,2821124096
1787047214,numerical,2848993280
1787047214,numerical,2377641984
1787047214,numerical,2377641984
1787047215,numerical,2377641984
1787047215,numerical,2377641984
1787047215,numerical,2377641984
1787047215,numerical,2377641984
1787047216,numerical,2377641984
1787047216,numerical,2377641984
1787047216,numerical,2377641984
1787047217,numerical,2377641984
1787047217,numerical,2377641984
1787047217,numerical,2377641984
1787047217,numerical,2377641984
1787047218,numerical,2377641984
1787047218,numerical,2377641984
1787047218,numerical,2377641984
1787047218,numerical,2377641984
1787047219,numerical,2377641984
1787047219,numerical,2377641984
1787047219,numerical,2377641984
1787047220,numerical,2377641984
1787047220,numerical,2377641984
1787047220,numerical,2377641984
1787047220,numerical,2377641984
1787047221,numerical,2377641984
1787047221,numerical,2377641984
1787047221,numerical,2377641984
1787047222,numerical,2377641984
1787047222,numerical,2377641984
1787047222,numerical,2377641984
1787047222,numerical,2297835520
1787047223,numerical,2297835520
1787047223,numerical,2297634816
1787047223,numerical,2218029056
1787047223,numerical,2297835520
1787047224,numerical,2358013952
1787047224,numerical,2604605440
1787047224,numerical,2608750592
1787047225,numerical,2532130816
1787047225,numerical,2612363264
1787047225,numerical,2708303872
1787047225,numerical,2677256192
1787047226,numerical,2911203328
1787047226,numerical,2416541696
1787047226,numerical,2600734720
1787047227,numerical,2601496576
1787047227,numerical,2540965888
1787047227,numerical,2600935424
1787047227,numerical,2697666560
1787047228,numerical,2687705088
1787047228,numerical,2847838208
1787047228,numerical,2392289280
1787047228,numerical,2600534016
1787047229,numerical,2599501824
1787047229,numerical,2551296000
1787047229,numerical,2618896384
1787047230,numerical,2684915712
1787047230,numerical,2861187072
1787047230,numerical,2843475968
1787047230,numerical,2392121344
1787047231,numerical,2600366080
1787047231,numerical,2595409920
1787047231,numerical,2551394304
1787047232,numerical,2610606080
1787047232,numerical,2699694080
1787047232,numerical,2687635456
1787047232,numerical,2774564864
1787047233,numerical,2392416256
1787047233,numerical,2762371072
1787047233,numerical,2486829056
1787047234,numerical,2652438528
1787047234,numerical,2585620480
1787047234,numerical,2584694784
1787047234,numerical,2802311168
1787047235,numerical,2688196608
1787047235,numerical,2392576000
1787047235,numerical,2716098560
1787047235,numerical,2590199808
1787047236,numerical,2582880256
1787047236,numerical,2585309184
1787047236,numerical,2563645440
1787047237,numerical,2800132096
1787047237,numerical,2698723328
1787047237,numerical,2392576000
1787047237,numerical,2762604544
1787047238,numerical,2487095296
1787047238,numerical,2654355456
1787047238,numerical,2520248320
1787047239,numerical,2628390912
1787047239,numerical,2852192256
1787047239,numerical,2763960320
1787047239,numerical,2392383488
1787047240,numerical,2586693632
1787047240,numerical,2483154944
1787047240,numerical,2581954560
1787047240,numerical,2528358400
1787047241,numerical,2634211328
1787047241,numerical,2788708352
1787047241,numerical,2859438080
1787047242,numerical,2490032128
1787047242,numerical,2663694336
1787047242,numerical,2586132480
1787047242,numerical,2545254400
1787047243,numerical,2605535232
1787047243,numerical,2703400960
1787047243,numerical,2634162176
1787047244,numerical,2937110528
1787047244,numerical,2490032128
1787047244,numerical,2663694336
1787047244,numerical,2634600448
1787047245,numerical,2607984640
1787047245,numerical,2675212288
1787047245,numerical,2764468224
1787047245,numerical,2687098880
1787047246,numerical,2630602752
1787047246,numerical,2431356928
1787047246,numerical,2458148864
1787047247,numerical,2588123136
1787047247,numerical,2577203200
1787047247,numerical,2527453184
1787047247,numerical,2513252352
1787047248,numerical,2489655296
1787047248,numerical,2809040896
1787047248,numerical,2490032128
1787047249,numerical,2562695168
1787047249,numerical,2504732672
1787047249,numerical,2577678336
1787047249,numerical,2599055360
1787047250,numerical,2513657856
1787047250,numerical,2431586304
1787047250,numerical,2750582784
1787047250,numerical,2531344384
1787047251,numerical,2621992960
1787047251,numerical,2615640064
1787047251,numerical,2600583168
1787047252,numerical,2693541888
1787047252,numerical,2530824192
1787047252,numerical,2489647104
1787047252,numerical,2863435776
1787047253,numerical,2693906432
1787047253,numerical,2615320576
1787047253,numerical,2530181120
1787047254,numerical,2614333440
1787047254,numerical,2513600512
1787047254,numerical,2747191296
1787047254,numerical,2678812672
1787047255,numerical,2431557632
1787047255,numerical,2778763264
1787047255,numerical,2481586176
1787047255,numerical,2528452608
1787047256,numerical,2601144320
1787047256,numerical,2700910592
1787047256,numerical,2634289152
1787047257,numerical,2958036992
1787047257,numerical,2490032128
1787047257,numerical,2663694336
1787047257,numerical,2678808576
1787047258,numerical,2569277440
1787047258,numerical,2600407040
1787047258,numerical,2639118336
1787047259,numerical,2513473536
1787047259,numerical,2702090240
1787047259,numerical,2431541248
1787047259,numerical,2490007552
1787047260,numerical,2496782336
1787047260,numerical,2576867328
1787047260,numerical,2548088832
1787047260,numerical,2512916480
1787047261,numerical,2489319424
1787047261,numerical,2808815616
1787047261,numerical,2524430336
1787047262,numerical,2611023872
1787047262,numerical,2561454080
1787047262,numerical,2578198528
1787047262,numerical,2647584768
1787047263,numerical,2527629312
1787047263,numerical,2431762432
1787047263,numerical,2750775296
1787047264,numerical,2487480320
1787047264,numerical,2590511104
1787047264,numerical,2591002624
1787047264,numerical,2578382848
1787047265,numerical,2658140160
1787047265,numerical,2495422464
1787047265,numerical,2489896960
1787047265,numerical,2813444096
1787047266,numerical,2644361216
1787047266,numerical,2726207488
1787047266,numerical,2591420416
1787047267,numerical,2513330176
1787047267,numerical,2610143232
1787047267,numerical,2659450880
1787047267,numerical,2487828480
1787047268,numerical,2859696128
1787047268,numerical,2619219968
1787047268,numerical,2582794240
1787047269,numerical,2591330304
1787047269,numerical,2533969920
1787047269,numerical,2609913856
1787047269,numerical,2596290560
1787047270,numerical,2396053504
1787047270,numerical,2834558976
1787047270,numerical,2723155968
1787047271,numerical,2926612480
1787047271,numerical,2801631232
1787047271,numerical,2801631232
1787047271,numerical,2330275840
1787047272,numerical,2410082304
1787047272,numerical,2410082304
1787047272,numerical,2410082304
1787047272,numerical,2410082304
1787047273,numerical,2410082304
1787047273,numerical,2410082304
1787047273,numerical,2410082304
1787047274,numerical,2410082304
1787047274,numerical,2410082304
1787047274,numerical,2410082304
1787047274,numerical,2410082304
1787047275,numerical,2410082304
1787047275,numerical,2410082304
1787047275,numerical,2410082304
1787047276,numerical,2410082304
1787047276,numerical,2410082304
1787047276,numerical,2410082304
1787047276,numerical,2410082304
1787047277,numerical,2410082304
1787047277,numerical,2410082304
1787047277,numerical,2410082304
1787047277,numerical,2410082304
1787047278,numerical,2410082304
1787047278,numerical,2410082304
1787047278,numerical,2410082304
1787047279,numerical,2410082304
1787047279,numerical,2410082304
1787047279,numerical,2410082304
1787047279,numerical,2410082304
1787047280,numerical,2410082304
1787047280,numerical,2410082304
1787047280,numerical,2410082304
1787047281,numerical,2410082304
1787047281,numerical,2252054528
1787047281,numerical,2377838592
1787047281,numerical,2436886528
1787047282,numerical,2574954496
1787047282,numerical,2515046400
1787047282,numerical,2589569024
1787047282,numerical,2628280320
1787047283,numerical,2502942720
1787047283,numerical,2754961408
1787047283,numerical,2421731328
1787047284,numerical,2456440832
1787047284,numerical,2589765632
1787047284,numerical,2577113088
1787047284,numerical,2515623936
1787047285,numerical,2639831040
1787047285,numerical,2514186240
1787047285,numerical,2771730432
1787047286,numerical,2412347392
1787047286,numerical,2525216768
1787047286,numerical,2509287424
1787047286,numerical,2576867328
1787047287,numerical,2608033792
1787047287,numerical,2513932288
1787047287,numerical,2442977280
1787047287,numerical,2822819840
1787047288,numerical,2570543104
1787047288,numerical,2665168896
1787047288,numerical,2677059584
1787047289,numerical,2578575360
1787047289,numerical,2610794496
1787047289,numerical,2666418176
1787047289,numerical,2523828224
1787047290,numerical,2948067328
1787047290,numerical,2678566912
1787047290,numerical,2587299840
1787047291,numerical,2557865984
1787047291,numerical,2629246976
1787047291,numerical,2514124800
1787047291,numerical,2733330432
1787047292,numerical,2553597952
1787047292,numerical,2965053440
1787047292,numerical,2668261376
1787047292,numerical,2582511616
1787047293,numerical,2522357760
1787047293,numerical,2602156032
1787047293,numerical,2514296832
1787047294,numerical,2725089280
1787047294,numerical,2669170688
1787047294,numerical,2436063232
1787047294,numerical,2762387456
1787047295,numerical,2475483136
1787047295,numerical,2618286080
1787047295,numerical,2657050624
1787047296,numerical,2557550592
1787047296,numerical,2783961088
1787047296,numerical,2746728448
1787047296,numerical,2436026368
1787047297,numerical,2783338496
1787047297,numerical,2503802880
1787047297,numerical,2582994944
1787047297,numerical,2546196480
1787047298,numerical,2640953344
1787047298,numerical,2861535232
1787047298,numerical,2852241408
1787047299,numerical,2436214784
1787047299,numerical,2783662080
1787047299,numerical,2481102848
1787047299,numerical,2641321984
1787047300,numerical,2514087936
1787047300,numerical,2624802816
1787047300,numerical,2853445632
1787047301,numerical,2879676416
1787047301,numerical,2436304896
1787047301,numerical,2609967104
1787047301,numerical,2602524672
1787047302,numerical,2578395136
1787047302,numerical,2635902976
1787047302,numerical,2735415296
1787047303,numerical,2687766528
1787047303,numerical,2975113216
1787047303,numerical,2436116480
1787047303,numerical,2450616320
1787047304,numerical,2674163712
1787047304,numerical,2568757248
1787047304,numerical,2687926272
1787047304,numerical,2639712256
1787047305,numerical,2687729664
1787047305,numerical,2683084800
1787047305,numerical,2436034560
1787047306,numerical,2450534400
1787047306,numerical,2585882624
1787047306,numerical,2569261056
1787047306,numerical,2688438272
1787047307,numerical,2765795328
1787047307,numerical,2688233472
1787047307,numerical,2656124928
1787047308,numerical,2436337664
1787047308,numerical,2450837504
1787047308,numerical,2586038272
1787047308,numerical,2546786304
1787047309,numerical,2514280448
1787047309,numerical,2639925248
1787047309,numerical,2514280448
1787047309,numerical,2815414272
1787047310,numerical,2436046848
1787047310,numerical,2541674496
1787047310,numerical,2540855296
1787047311,numerical,2578259968
1787047311,numerical,2614067200
1787047311,numerical,2516856832
1787047311,numerical,2435768320
1787047312,numerical,2815610880
1787047312,numerical,2542362624
1787047312,numerical,2646335488
1787047313,numerical,2664493056
1787047313,numerical,2632667136
1787047313,numerical,2706776064
1787047313,numerical,2584748032
1787047314,numerical,2436366336
1787047314,numerical,2847461376
1787047314,numerical,2599079936
1787047314,numerical,2700980224
1787047315,numerical,2591830016
1787047315,numerical,2530500608
1787047315,numerical,2610262016
1787047316,numerical,2687369216
1787047316,numerical,2553163776
1787047316,numerical,2950168576
1787047316,numerical,2682765312
1787047317,numerical,2587303936
1787047317,numerical,2582110208
1787047317,numerical,2656391168
1787047318,numerical,2548682752
1787047318,numerical,2785579008
1787047318,numerical,2757709824
1787047318,numerical,2436059136
1787047319,numerical,2783371264
1787047319,numerical,2503647232
1787047319,numerical,2583076864
1787047319,numerical,2520584192
1787047320,numerical,2628739072
1787047320,numerical,2852921344
1787047320,numerical,2810499072
1787047321,numerical,2436333568
1787047321,numerical,2609995776
1787047321,numerical,2581516288
1787047321,numerical,2552307712
1787047322,numerical,2615091200
1787047322,numerical,2708312064
1787047322,numerical,2687926272
1787047323,numerical,2956193792
1787047323,numerical,2436026368
1787047323,numerical,2623889408
1787047323,numerical,2661281792
1787047324,numerical,2568912896
1787047324,numerical,2688086016
1787047324,numerical,2765258752
1787047324,numerical,2687889408
1787047325,numerical,2718887936
1787047325,numerical,2435989504
1787047325,numerical,2450579456
1787047326,numerical,2586030080
1787047326,numerical,2546413568
1787047326,numerical,2600841216
1787047326,numerical,2639552512
1787047327,numerical,2513907712
1787047327,numerical,2773610496
1787047327,numerical,2542931968
1787047328,numerical,2881187840
1787047328,numerical,2892341248
1787047328,numerical,2847510528
1787047328,numerical,2310549504
1787047329,numerical,2310549504
1787047329,numerical,2310549504
1787047329,numerical,2310549504
1787047329,numerical,2310549504
1787047330,numerical,2310549504
1787047330,numerical,2310549504
1787047330,numerical,2310549504
1787047331,numerical,2230743040
1787047331,numerical,2230743040
1787047331,numerical,2230743040
1787047331,numerical,2230743040
1787047332,numerical,2230771712
1787047332,numerical,2230771712
1787047332,numerical,2230771712
1787047333,numerical,2230771712
1787047333,numerical,2230771712
1787047333,numerical,2230771712
1787047333,numerical,2230771712
1787047334,numerical,2230771712
1787047334,numerical,2230771712
1787047334,numerical,2230771712
1787047335,numerical,2230771712
1787047335,numerical,2230771712
1787047335,numerical,2230771712
1787047335,numerical,2230771712
1787047336,numerical,2230771712
1787047336,numerical,2230771712
1787047336,numerical,2230771712
1787047336,numerical,2230771712
1787047337,numerical,2230771712
1787047337,numerical,2230771712
1787047337,numerical,2230771712
1787047338,numerical,2230771712
1787047338,numerical,2230771712
1787047338,numerical,2230771712
1787047338,numerical,2230771712
1787047339,numerical,2230771712
1787047339,numerical,2230771712
1787047339,numerical,2230771712
1787047340,numerical,2230771712
1787047340,numerical,2230771712
1787047340,numerical,2230771712
1787047340,numerical,2230771712
1787047341,numerical,2230771712
1787047341,numerical,2230771712
1787047341,numerical,2230771712
1787047341,restoration,1846009856
1787047342,restoration,1846009856
1787047342,restoration,1846009856
1787047342,restoration,1846153216
1787047343,restoration,1846153216
1787047343,restoration,1846153216
1787047343,restoration,1846153216
1787047343,restoration,1812725760
1787047344,restoration,1812779008
1787047344,restoration,2196623360
1787047344,restoration,1494380544
1787047345,restoration,1726824448
1787047345,restoration,1980600320
1787047345,restoration,2144198656
1787047345,restoration,2144198656
1787047346,restoration,2209755136
1787047346,restoration,2250944512
1787047346,restoration,2275348480
1787047346,restoration,2275348480
1787047347,restoration,2341031936
1787047347,restoration,2341031936
1787047347,restoration,2341031936
1787047348,restoration,2144215040
1787047348,restoration,2209669120
1787047348,restoration,2275254272
1787047348,restoration,2275254272
1787047349,restoration,2275254272
1787047349,restoration,2340958208
1787047349,restoration,2340958208
1787047350,restoration,2340958208
1787047350,restoration,2144264192
1787047350,restoration,2144264192
1787047350,restoration,2144264192
1787047351,restoration,2209832960
1787047351,restoration,2209832960
1787047351,restoration,2275258368
1787047351,restoration,2275258368
1787047352,restoration,2340876288
1787047352,restoration,2341117952
1787047352,restoration,2289971200
1787047353,restoration,2296299520
1787047353,restoration,2296299520
1787047353,restoration,2296299520
1787047353,restoration,2144264192
1787047354,restoration,2144264192
1787047354,restoration,2144264192
1787047354,restoration,1511288832
1787047355,restoration,2144264192
1787047355,restoration,2144264192
1787047355,restoration,2208059392
1787047355,restoration,2209738752
1787047356,restoration,2274795520
1787047356,restoration,2275500032
1787047356,restoration,2275500032
1787047357,restoration,2341117952
1787047357,restoration,2341117952
1787047357,restoration,2275500032
1787047357,restoration,2182623232
1787047358,restoration,2209828864
1787047358,restoration,2275233792
1787047358,restoration,2275233792
1787047358,restoration,2275233792
1787047359,restoration,2340958208
1787047359,restoration,2340958208
1787047359,restoration,2275381248
1787047360,restoration,2144264192
1787047360,restoration,2144264192
1787047360,restoration,2144264192
1787047360,restoration,2209792000
1787047361,restoration,2274078720
1787047361,restoration,2275160064
1787047361,restoration,2340896768
1787047362,restoration,2340896768
1787047362,restoration,2289750016
1787047362,restoration,2296041472
1787047362,restoration,2296041472
1787047363,restoration,2144047104
1787047363,restoration,2144047104
1787047363,restoration,2144047104
1787047363,restoration,1900720128
1787047364,restoration,1674219520
1787047364,restoration,837259264
