timestamp_utc_seconds,phase,rss_bytes
1787046434,import_selection,1953792
1787046435,import_selection,22298624
1787046435,import_selection,31719424
1787046435,import_selection,311394304
1787046436,import_selection,385114112
1787046436,import_selection,385114112
1787046436,import_selection,385114112
1787046436,import_selection,385114112
1787046437,import_selection,385114112
1787046437,import_selection,385339392
1787046437,import_selection,385339392
1787046438,import_selection,385339392
1787046438,import_selection,385339392
1787046438,import_selection,385339392
1787046438,import_selection,385339392
1787046441,import_selection,385339392
1787046441,import_selection,385339392
1787046441,import_selection,385339392
1787046441,import_selection,385339392
1787046442,import_selection,385339392
1787046442,import_selection,385339392
1787046442,import_selection,385339392
1787046443,import_selection,385339392
1787046443,import_selection,385339392
1787046443,import_selection,385339392
1787046443,import_selection,385339392
1787046444,import_selection,385339392
1787046444,import_selection,386330624
1787046444,import_selection,588693504
1787046445,import_selection,656900096
1787046445,import_selection,648486912
1787046445,import_selection,648646656
1787046446,import_selection,662974464
1787046446,import_selection,730017792
1787046446,import_selection,730017792
1787046446,import_selection,730185728
1787046447,import_selection,730185728
1787046447,import_selection,730185728
1787046447,import_selection,795590656
1787046448,import_selection,795590656
1787046448,import_selection,861343744
1787046448,import_selection,861343744
1787046448,import_selection,927080448
1787046449,import_selection,927080448
1787046449,import_selection,927080448
1787046449,import_selection,878235648
1787046450,import_selection,878235648
1787046450,import_selection,879587328
1787046450,import_selection,885534720
1787046450,import_selection,730312704
1787046451,import_selection,730312704
1787046451,import_selection,797208576
1787046451,import_selection,797442048
1787046451,import_selection,797442048
1787046452,import_selection,797442048
1787046452,import_selection,797442048
1787046452,import_selection,797442048
1787046453,import_selection,797442048
1787046453,import_selection,797442048
1787046453,import_selection,797442048
1787046453,import_selection,797442048
1787046456,import_selection,797396992
1787046456,import_selection,797396992
1787046456,import_selection,797396992
1787046456,import_selection,797396992
1787046457,import_selection,797401088
1787046457,import_selection,797401088
1787046457,import_selection,797401088
1787046458,import_selection,797401088
1787046458,import_selection,863240192
1787046458,import_selection,862740480
1787046458,import_selection,862740480
1787046459,import_selection,862740480
1787046460,import_selection,862740480
1787046460,import_selection,862740480
1787046460,import_selection,862740480
1787046461,import_selection,862740480
1787046461,import_selection,862740480
1787046461,import_selection,862740480
1787046461,import_selection,797122560
1787046462,import_selection,812457984
1787046462,import_selection,797122560
1787046462,import_selection,797372416
1787046462,import_selection,797372416
1787046463,import_selection,898035712
1787046463,import_selection,899280896
1787046463,import_selection,899280896
1787046464,import_selection,899280896
1787046465,import_selection,1095794688
1787046466,import_selection,1095794688
1787046466,import_selection,1046298624
1787046466,import_selection,1072791552
1787046467,import_selection,1091395584
1787046467,import_selection,1091395584
1787046467,import_selection,1091395584
1787046467,import_selection,899547136
1787046468,import_selection,948953088
1787046468,import_selection,899547136
1787046468,import_selection,899547136
1787046469,import_selection,899547136
1787046469,import_selection,899547136
1787046469,import_selection,899547136
1787046470,import_selection,899547136
1787046470,import_selection,899547136
1787046470,import_selection,899547136
1787046470,import_selection,899547136
1787046471,import_selection,899547136
1787046471,import_selection,899547136
1787046471,import_selection,899547136
1787046472,import_selection,965095424
1787046472,import_selection,899551232
1787046472,import_selection,899551232
1787046472,import_selection,1010974720
1787046473,import_selection,1182744576
1787046473,import_selection,1292914688
1787046473,import_selection,1292898304
1787046473,import_selection,1292898304
1787046474,import_selection,1292898304
1787046474,import_selection,1292898304
1787046474,import_selection,1292898304
1787046475,import_selection,1292898304
1787046475,import_selection,1292898304
1787046475,import_selection,1292898304
1787046476,import_selection,1292898304
1787046476,import_selection,1292898304
1787046476,import_selection,1292898304
1787046476,import_selection,1292898304
1787046477,import_selection,1358438400
1787046477,import_selection,1358438400
1787046477,import_selection,1358438400
1787046478,import_selection,1358438400
1787046478,import_selection,1358438400
1787046478,import_selection,1358438400
1787046478,import_selection,1358438400
1787046479,import_selection,1358438400
1787046479,import_selection,1358438400
1787046481,import_selection,1424134144
1787046481,import_selection,1424134144
1787046481,import_selection,1424134144
1787046481,import_selection,1424134144
1787046482,import_selection,1424134144
1787046482,import_selection,1424134144
1787046482,import_selection,1424134144
1787046482,import_selection,1424134144
1787046483,import_selection,1424134144
1787046483,import_selection,1424134144
1787046483,import_selection,1424134144
1787046484,import_selection,1424134144
1787046484,import_selection,1424134144
1787046484,import_selection,1424134144
1787046485,import_selection,1424134144
1787046485,import_selection,1424134144
1787046485,import_selection,1424134144
1787046486,import_selection,1424134144
1787046486,import_selection,1424134144
1787046486,import_selection,1424134144
1787046486,import_selection,1424134144
1787046487,import_selection,1596571648
1787046487,import_selection,1778098176
1787046487,import_selection,1817616384
1787046487,import_selection,1817616384
1787046488,import_selection,1817616384
1787046488,import_selection,1817616384
1787046488,import_selection,1817616384
1787046489,import_selection,1817616384
1787046489,import_selection,1817616384
1787046489,import_selection,1817616384
1787046491,import_selection,1817616384
1787046491,import_selection,1817616384
1787046491,import_selection,1817616384
1787046492,import_selection,1817616384
1787046492,import_selection,1817620480
1787046492,import_selection,1817620480
1787046492,import_selection,1817620480
1787046493,import_selection,1817620480
1787046493,import_selection,1817620480
1787046493,import_selection,1817620480
1787046494,import_selection,1817620480
1787046494,import_selection,1817620480
1787046494,import_selection,1817620480
1787046494,import_selection,1817620480
1787046496,import_selection,1817620480
1787046497,import_selection,1817620480
1787046497,import_selection,1819504640
1787046497,import_selection,1819504640
1787046498,import_selection,1819504640
1787046498,import_selection,1825058816
1787046498,import_selection,1826951168
1787046498,import_selection,1826951168
1787046499,import_selection,1826951168
1787046499,import_selection,1826951168
1787046499,import_selection,1826951168
1787046499,import_selection,1826951168
1787046502,import_selection,1826951168
1787046502,import_selection,1826951168
1787046502,import_selection,1826951168
1787046502,import_selection,1826951168
1787046503,import_selection,1826951168
1787046503,import_selection,1826951168
1787046503,import_selection,1826951168
1787046504,import_selection,1826951168
1787046504,import_selection,1826951168
1787046504,import_selection,1826951168
1787046504,import_selection,1826951168
1787046505,import_selection,1826951168
1787046505,import_selection,1826951168
1787046506,import_selection,1662758912
1787046506,import_selection,1826971648
1787046506,import_selection,1826971648
1787046507,import_selection,1826971648
1787046507,import_selection,1826971648
1787046507,import_selection,1826971648
1787046507,import_selection,1826971648
1787046508,import_selection,1826971648
1787046508,import_selection,1826971648
1787046508,import_selection,1826971648
1787046508,import_selection,1826971648
1787046509,import_selection,1826971648
1787046509,import_selection,1826971648
1787046509,import_selection,1826971648
1787046510,import_selection,1826971648
1787046511,import_selection,1826971648
1787046512,import_selection,1826906112
1787046512,import_selection,1826906112
1787046512,import_selection,1826906112
1787046512,import_selection,1826906112
1787046513,import_selection,1826906112
1787046513,import_selection,1826906112
1787046513,import_selection,1826906112
1787046514,import_selection,1826906112
1787046514,import_selection,1826906112
1787046514,import_selection,1826906112
1787046514,import_selection,1826906112
1787046515,import_selection,1826906112
1787046516,import_selection,1827176448
1787046516,import_selection,1827176448
1787046516,import_selection,1827176448
1787046516,import_selection,1827176448
1787046517,import_selection,1827176448
1787046517,import_selection,1579749376
1787046517,import_selection,1708736512
1787046517,import_selection,1892425728
1787046518,import_selection,1892425728
1787046518,import_selection,1892425728
1787046518,import_selection,1892425728
1787046519,import_selection,1892425728
1787046519,import_selection,1892425728
1787046519,import_selection,1892425728
1787046519,import_selection,1892425728
1787046520,import_selection,1892425728
1787046521,import_selection,1892425728
1787046521,import_selection,1892425728
1787046522,import_selection,1892425728
1787046522,import_selection,1892425728
1787046522,import_selection,1892425728
1787046523,import_selection,1857830912
1787046523,import_selection,1892433920
1787046523,import_selection,1892433920
1787046523,import_selection,1892433920
1787046524,import_selection,1892433920
1787046524,import_selection,1892433920
1787046524,import_selection,1892433920
1787046525,import_selection,1892433920
1787046525,import_selection,1892433920
1787046526,import_selection,1892433920
1787046527,import_selection,1892433920
1787046527,import_selection,1892433920
1787046527,import_selection,1892433920
1787046527,import_selection,1892433920
1787046528,import_selection,1892433920
1787046528,import_selection,1892433920
1787046528,import_selection,1892433920
1787046528,import_selection,1892634624
1787046529,import_selection,1893306368
1787046529,import_selection,1893306368
1787046529,import_selection,1893306368
1787046530,import_selection,1893306368
1787046530,import_selection,1893306368
1787046530,import_selection,1893306368
1787046531,import_selection,1893306368
1787046531,import_selection,1893306368
1787046531,import_selection,1893306368
1787046532,import_selection,1893306368
1787046532,import_selection,1893306368
1787046532,import_selection,1893306368
1787046532,import_selection,1893306368
1787046533,import_selection,1893576704
1787046533,import_selection,1893576704
1787046533,import_selection,1893576704
1787046533,import_selection,1893576704
1787046534,import_selection,1893576704
1787046534,import_selection,1893576704
1787046534,import_selection,1893576704
1787046535,import_selection,1893576704
1787046535,import_selection,1893576704
1787046536,import_selection,1893576704
1787046536,import_selection,1696907264
1787046537,import_selection,1696907264
1787046537,import_selection,1696907264
1787046537,import_selection,1696907264
1787046538,import_selection,1696907264
1787046538,import_selection,1696907264
1787046538,import_selection,1696907264
1787046538,import_selection,1696907264
1787046539,import_selection,1696907264
1787046539,import_selection,1696907264
1787046539,import_selection,1696907264
1787046539,import_selection,1696907264
1787046540,import_selection,1696907264
1787046540,import_selection,1696907264
1787046541,import_selection,1696907264
1787046541,import_selection,1697214464
1787046541,import_selection,1697214464
1787046541,import_selection,1697214464
1787046542,import_selection,1697214464
1787046542,import_selection,1569210368
1787046542,import_selection,1739317248
1787046543,import_selection,1893306368
1787046543,import_selection,1893306368
1787046543,import_selection,1893306368
1787046543,import_selection,1893306368
1787046544,import_selection,1893306368
1787046544,import_selection,1893306368
1787046544,import_selection,1893306368
1787046544,import_selection,1893306368
1787046545,import_selection,1893306368
1787046545,import_selection,1893306368
1787046546,import_selection,1893306368
1787046546,import_selection,1893306368
1787046546,import_selection,1893306368
1787046546,import_selection,1893306368
1787046547,import_selection,1893306368
1787046547,import_selection,1893306368
1787046547,import_selection,1893306368
1787046548,import_selection,1893306368
1787046548,import_selection,1893306368
1787046548,import_selection,1893306368
1787046548,import_selection,1893310464
1787046549,import_selection,1893310464
1787046549,import_selection,1893310464
1787046549,import_selection,1893310464
1787046549,import_selection,1893310464
1787046550,import_selection,1893310464
1787046550,import_selection,1893310464
1787046550,import_selection,1893310464
1787046551,import_selection,1893310464
1787046551,import_selection,1893310464
1787046551,import_selection,1893310464
1787046552,import_selection,1893310464
1787046552,import_selection,1893310464
1787046552,import_selection,1893310464
1787046552,import_selection,1893310464
1787046553,import_selection,1893310464
1787046553,import_selection,1893310464
1787046553,import_selection,1893310464
1787046554,import_selection,1893310464
1787046554,import_selection,1893310464
1787046554,import_selection,1893511168
1787046554,import_selection,1893511168
1787046555,import_selection,1893511168
1787046555,import_selection,1893511168
1787046555,import_selection,1893511168
1787046556,import_selection,1893511168
1787046556,import_selection,1893511168
1787046557,import_selection,1893511168
1787046557,import_selection,1893511168
1787046557,import_selection,1893511168
1787046557,import_selection,1893511168
1787046558,import_selection,1893511168
1787046558,import_selection,1893511168
1787046558,import_selection,1893511168
1787046559,import_selection,1893511168
1787046559,import_selection,1893511168
1787046559,import_selection,1893511168
1787046559,import_selection,1893511168
1787046560,import_selection,1893511168
1787046560,import_selection,1893511168
1787046560,import_selection,1893511168
1787046561,import_selection,1893511168
1787046563,import_selection,1893511168
1787046563,import_selection,1828184064
1787046563,import_selection,1828184064
1787046564,import_selection,1828184064
1787046564,import_selection,1828184064
1787046564,import_selection,1828184064
1787046564,import_selection,1828184064
1787046565,import_selection,1828184064
1787046565,import_selection,1828184064
1787046565,import_selection,1828184064
1787046565,import_selection,1828184064
1787046566,import_selection,1828184064
1787046568,import_selection,1828188160
1787046568,import_selection,1828188160
1787046568,import_selection,1828188160
1787046569,import_selection,1828188160
1787046569,import_selection,1828188160
1787046569,import_selection,1828188160
1787046570,import_selection,1828188160
1787046570,import_selection,1828188160
1787046570,import_selection,1828188160
1787046570,import_selection,1828188160
1787046571,import_selection,1828188160
1787046571,import_selection,1828188160
1787046573,import_selection,1828188160
1787046573,import_selection,1565917184
1787046573,import_selection,1770049536
1787046574,import_selection,1827897344
1787046574,import_selection,1827897344
1787046574,import_selection,1827897344
1787046574,import_selection,1827897344
1787046575,import_selection,1827897344
1787046575,import_selection,1827897344
1787046575,import_selection,1827897344
1787046575,import_selection,1827897344
1787046576,import_selection,1827897344
1787046576,import_selection,1827897344
1787046578,import_selection,1827897344
1787046578,import_selection,1709019136
1787046579,import_selection,1827901440
1787046579,import_selection,1827901440
1787046579,import_selection,1827901440
1787046579,import_selection,1827901440
1787046580,import_selection,1827901440
1787046580,import_selection,1827901440
1787046580,import_selection,1827901440
1787046580,import_selection,1827901440
1787046581,import_selection,1827901440
1787046581,import_selection,1827901440
1787046583,import_selection,1827901440
1787046583,import_selection,1827901440
1787046584,import_selection,1827901440
1787046584,import_selection,1827901440
1787046584,import_selection,1837989888
1787046585,import_selection,1846190080
1787046585,import_selection,1846190080
1787046585,import_selection,1636429824
1787046585,import_selection,1783148544
1787046586,import_selection,1783148544
1787046586,import_selection,1783148544
1787046586,import_selection,1783148544
1787046588,import_selection,1783148544
1787046588,import_selection,1783148544
1787046588,import_selection,1783148544
1787046589,import_selection,1783148544
1787046589,import_selection,1775853568
1787046589,import_selection,1848770560
1787046590,import_selection,1848770560
1787046590,import_selection,1848770560
1787046590,import_selection,1848770560
1787046590,import_selection,1848770560
1787046591,import_selection,1848770560
1787046591,import_selection,1848770560
1787046591,import_selection,1848762368
1787046593,import_selection,1848963072
1787046593,import_selection,1848963072
1787046593,import_selection,1848963072
1787046594,import_selection,1851392000
1787046594,import_selection,1851392000
1787046594,import_selection,1813565440
1787046595,import_selection,1971818496
1787046595,import_selection,1919369216
1787046595,import_selection,1919369216
1787046595,import_selection,1919369216
1787046596,import_selection,1919369216
1787046596,import_selection,1919369216
1787046596,import_selection,1919369216
1787046598,import_selection,1919369216
1787046599,import_selection,1919369216
1787046599,import_selection,1919369216
1787046599,import_selection,1919369216
1787046599,import_selection,1919369216
1787046600,import_selection,1919369216
1787046600,import_selection,1919369216
1787046600,import_selection,1919303680
1787046601,import_selection,1919303680
1787046601,import_selection,1919303680
1787046601,import_selection,1919303680
1787046601,import_selection,1919303680
1787046602,import_selection,1919574016
1787046602,import_selection,1919574016
1787046602,import_selection,1919574016
1787046603,import_selection,1919574016
1787046603,import_selection,1919574016
1787046603,import_selection,1919574016
1787046604,import_selection,1919574016
1787046604,import_selection,1919574016
1787046604,import_selection,1919574016
1787046604,import_selection,1919574016
1787046605,import_selection,1919574016
1787046605,import_selection,1919574016
1787046605,import_selection,1919574016
1787046605,import_selection,1919574016
1787046606,import_selection,1919574016
1787046606,import_selection,1919574016
1787046606,import_selection,1919574016
1787046607,import_selection,1919574016
1787046607,import_selection,1919574016
1787046607,import_selection,1919574016
1787046607,import_selection,1919574016
1787046608,import_selection,1919574016
1787046608,import_selection,1919574016
1787046608,import_selection,1919574016
1787046609,import_selection,1919574016
1787046609,import_selection,1919574016
1787046609,import_selection,1919574016
1787046609,import_selection,1919574016
1787046610,import_selection,1919574016
1787046610,import_selection,1919574016
1787046610,import_selection,1919574016
1787046610,import_selection,1919574016
1787046611,import_selection,1919574016
1787046611,import_selection,1919574016
1787046611,import_selection,1919574016
1787046612,import_selection,1919574016
1787046613,import_selection,1919574016
1787046613,import_selection,1919574016
1787046613,import_selection,1919574016
1787046614,import_selection,1919574016
1787046614,import_selection,1919574016
1787046614,import_selection,1739915264
1787046614,import_selection,1788166144
1787046615,import_selection,1788166144
1787046615,import_selection,1788166144
1787046615,import_selection,1788166144
1787046615,import_selection,1788166144
1787046616,import_selection,1788166144
1787046616,import_selection,1788166144
1787046616,import_selection,1788166144
1787046617,import_selection,1788166144
1787046618,import_selection,1788166144
1787046618,import_selection,1788166144
1787046618,import_selection,1788166144
1787046618,import_selection,1805602816
1787046619,import_selection,1853722624
1787046619,import_selection,1853722624
1787046619,import_selection,1853722624
1787046620,import_selection,1853722624
1787046620,import_selection,1853722624
1787046620,import_selection,1853722624
1787046620,import_selection,1853722624
1787046621,import_selection,1853722624
1787046621,import_selection,1853722624
1787046621,import_selection,1853722624
1787046622,import_selection,1853722624
1787046622,import_selection,1853722624
1787046622,import_selection,1853722624
1787046623,import_selection,1853923328
1787046623,import_selection,1853923328
1787046623,import_selection,1853923328
1787046624,import_selection,1853923328
1787046624,import_selection,1591451648
1787046624,import_selection,1722847232
1787046624,import_selection,1722847232
1787046625,import_selection,1722847232
1787046625,import_selection,1722847232
1787046625,import_selection,1722847232
1787046626,import_selection,1722847232
1787046626,import_selection,1722847232
1787046626,import_selection,1722847232
1787046627,import_selection,1722847232
1787046627,import_selection,1722847232
1787046627,import_selection,1722847232
1787046628,import_selection,1722847232
1787046628,import_selection,1722847232
1787046628,import_selection,1813647360
1787046628,import_selection,1722626048
1787046629,import_selection,1722626048
1787046629,import_selection,1722626048
1787046629,import_selection,1722626048
1787046630,import_selection,1509974016
1787046630,import_selection,891092992
1787046630,import_selection,956911616
1787046630,import_selection,956911616
1787046631,import_selection,956911616
1787046631,import_selection,956911616
1787046631,import_selection,956911616
1787046632,import_selection,956911616
1787046632,import_selection,956911616
1787046633,import_selection,956911616
1787046633,import_selection,956911616
1787046634,import_selection,891293696
1787046634,import_selection,929714176
1787046634,import_selection,891293696
1787046634,import_selection,991956992
1787046635,import_selection,991956992
1787046635,import_selection,991956992
1787046635,import_selection,1000017920
1787046635,import_selection,1000017920
1787046636,import_selection,1000017920
1787046636,import_selection,1011081216
1787046636,import_selection,1065435136
1787046637,import_selection,1076281344
1787046637,import_selection,1131159552
1787046639,import_selection,1172377600
1787046639,import_selection,1172377600
1787046639,import_selection,1172377600
1787046640,import_selection,1000054784
1787046640,import_selection,1000054784
1787046640,import_selection,1000054784
1787046640,import_selection,1000054784
1787046641,import_selection,1000054784
1787046641,import_selection,1000054784
1787046641,import_selection,1000054784
1787046642,import_selection,1000054784
1787046642,import_selection,1000054784
1787046642,import_selection,1000054784
1787046642,import_selection,1000054784
1787046643,import_selection,1024376832
1787046643,import_selection,1000054784
1787046643,import_selection,1000054784
1787046644,import_selection,1000054784
1787046644,import_selection,1100611584
1787046644,import_selection,1166303232
1787046644,import_selection,1100718080
1787046645,import_selection,1100718080
1787046645,import_selection,1128615936
1787046645,import_selection,1133215744
1787046646,import_selection,1166196736
1787046646,import_selection,1100783616
1787046646,import_selection,1100783616
1787046646,import_selection,1166192640
1787046647,import_selection,1204850688
1787046647,import_selection,1231884288
1787046647,import_selection,1231884288
1787046648,import_selection,1297575936
1787046648,import_selection,1297575936
1787046648,import_selection,1297575936
1787046648,import_selection,1232003072
1787046649,import_selection,1100767232
1787046649,import_selection,1101131776
1787046649,import_selection,1101131776
1787046650,import_selection,1235349504
1787046650,import_selection,1300914176
1787046650,import_selection,1235386368
1787046650,import_selection,1235386368
1787046651,import_selection,1235386368
1787046651,import_selection,1300840448
1787046651,import_selection,1300840448
1787046652,import_selection,1365995520
1787046652,import_selection,1365995520
1787046652,import_selection,1365995520
1787046653,import_selection,1366089728
1787046653,import_selection,1234919424
1787046654,compression_transition,1305124864
1787046654,compression_transition,1367130112
1787046654,compression_transition,1431920640
1787046655,compression_transition,1497182208
1787046655,compression_transition,1572245504
1787046655,compression_transition,1658392576
1787046655,compression_transition,1744809984
1787046656,compression_transition,1694511104
1787046656,compression_transition,1694511104
1787046656,compression_transition,1694511104
1787046657,compression_transition,1694511104
1787046657,compression_transition,1694511104
1787046657,compression_transition,1694511104
1787046657,compression_transition,1694511104
1787046659,compression_transition,1825550336
1787046659,compression_transition,1825550336
1787046660,compression_transition,1825550336
1787046660,compression_transition,1825550336
1787046660,compression_transition,1825550336
1787046660,compression_transition,1825550336
1787046661,compression_transition,1825550336
1787046661,compression_transition,1825550336
1787046661,compression_transition,1825550336
1787046662,compression_transition,1825550336
1787046662,compression_transition,1825550336
1787046662,compression_transition,1891364864
1787046662,compression_transition,1891364864
1787046663,compression_transition,1891364864
1787046664,compression_transition,1825746944
1787046664,compression_transition,1825746944
1787046664,compression_transition,1825746944
1787046665,compression_transition,1825746944
1787046665,compression_transition,1891164160
1787046665,compression_transition,1956831232
1787046665,compression_transition,1956982784
1787046666,compression_transition,1956982784
1787046666,compression_transition,1956982784
1787046666,compression_transition,1956982784
1787046666,compression_transition,1956982784
1787046667,compression_transition,1956982784
1787046667,compression_transition,1956982784
1787046667,compression_transition,1956982784
1787046668,compression_transition,1956982784
1787046668,compression_transition,1956982784
1787046668,compression_transition,2025553920
1787046669,compression_transition,2022600704
1787046669,compression_transition,2022600704
1787046669,compression_transition,2022600704
1787046669,compression_transition,2022600704
1787046670,compression_transition,1956982784
1787046670,compression_transition,1956982784
1787046670,compression_transition,1956982784
1787046671,compression_transition,1956982784
1787046671,compression_transition,1956982784
1787046671,compression_transition,2022600704
1787046671,compression_transition,2088161280
1787046672,compression_transition,2088218624
1787046672,compression_transition,2088218624
1787046672,compression_transition,2088218624
1787046673,compression_transition,2088218624
1787046674,compression_transition,2088218624
1787046674,compression_transition,2088218624
1787046674,compression_transition,2088218624
1787046675,compression_transition,2088218624
1787046675,compression_transition,2088218624
1787046675,compression_transition,2088218624
1787046676,compression_transition,2213163008
1787046676,compression_transition,2153836544
1787046676,compression_transition,2153836544
1787046676,compression_transition,2153836544
1787046677,compression_transition,2153836544
1787046677,compression_transition,2153836544
1787046677,compression_transition,2092814336
1787046678,compression_transition,2092814336
1787046678,compression_transition,2092814336
1787046678,compression_transition,2092814336
1787046678,compression_transition,2195415040
1787046679,compression_transition,2290458624
1787046679,compression_transition,2290458624
1787046679,compression_transition,2290458624
1787046680,compression_transition,2290458624
1787046680,compression_transition,2290458624
1787046680,compression_transition,2290458624
1787046680,compression_transition,2290458624
1787046681,compression_transition,2290458624
1787046681,compression_transition,2290458624
1787046681,compression_transition,2290458624
1787046682,compression_transition,2290458624
1787046682,compression_transition,2290458624
1787046682,compression_transition,2290458624
1787046682,compression_transition,2290458624
1787046683,compression_transition,2290601984
1787046683,compression_transition,2290601984
1787046684,compression_transition,2260676608
1787046684,compression_transition,2355982336
1787046684,compression_transition,2355982336
1787046684,compression_transition,2355982336
1787046685,compression_transition,2355982336
1787046685,compression_transition,2355982336
1787046685,compression_transition,2355982336
1787046686,compression_transition,2355982336
1787046686,compression_transition,2355982336
1787046686,compression_transition,2355982336
1787046686,compression_transition,2355982336
1787046687,compression_transition,2355982336
1787046687,compression_transition,2355982336
1787046687,compression_transition,2355982336
1787046687,compression_transition,2356219904
1787046688,compression_transition,2356219904
1787046688,compression_transition,2361081856
1787046689,compression_transition,2361081856
1787046689,compression_transition,2237227008
1787046689,compression_transition,2237227008
1787046690,compression_transition,2237227008
1787046690,compression_transition,2237227008
1787046690,compression_transition,2239987712
1787046691,compression_transition,2239987712
1787046691,compression_transition,2239987712
1787046691,compression_transition,2239987712
1787046691,compression_transition,2239987712
1787046692,compression_transition,2308055040
1787046692,compression_transition,2308055040
1787046692,compression_transition,2308055040
1787046692,compression_transition,2308055040
1787046693,compression_transition,2308055040
1787046693,compression_transition,2308055040
1787046693,compression_transition,2308055040
1787046694,compression_transition,2308055040
1787046694,compression_transition,2308055040
1787046694,compression_transition,2308055040
1787046695,compression_transition,2310561792
1787046695,compression_transition,2310561792
1787046695,compression_transition,2310561792
1787046696,compression_transition,2310561792
1787046696,compression_transition,2310561792
1787046696,compression_transition,2310561792
1787046696,compression_transition,2310561792
1787046697,compression_transition,2310561792
1787046697,compression_transition,2310561792
1787046697,compression_transition,2310561792
1787046697,compression_transition,2310561792
1787046698,compression_transition,2310561792
1787046698,compression_transition,2380771328
1787046698,compression_transition,2380771328
1787046700,compression_transition,2380771328
1787046700,compression_transition,2380771328
1787046701,compression_transition,2380771328
1787046701,compression_transition,2380771328
1787046701,compression_transition,2425372672
1787046701,compression_transition,2522058752
1787046702,compression_transition,2522054656
1787046703,compression_transition,2522054656
1787046704,compression_transition,2522054656
1787046704,compression_transition,2522054656
1787046705,compression_transition,2522054656
1787046705,compression_transition,2522054656
1787046705,compression_transition,2522054656
1787046705,compression_transition,2522054656
1787046706,compression_transition,2522054656
1787046706,compression_transition,2522054656
1787046706,compression_transition,2522054656
1787046707,compression_transition,2597535744
1787046707,compression_transition,2532106240
1787046707,compression_transition,2532106240
1787046707,compression_transition,2532106240
1787046708,compression_transition,2532106240
1787046708,compression_transition,2529476608
1787046708,compression_transition,2529476608
1787046709,compression_transition,2529476608
1787046709,compression_transition,2529476608
1787046711,compression_transition,2529476608
1787046711,compression_transition,2529476608
1787046712,compression_transition,2529476608
1787046712,compression_transition,2529476608
1787046712,compression_transition,2529476608
1787046712,compression_transition,2529476608
1787046713,compression_transition,2529476608
1787046713,compression_transition,2529476608
1787046713,compression_transition,2529476608
1787046714,compression_transition,2743435264
1787046714,compression_transition,2792095744
1787046715,compression_transition,2792095744
1787046716,compression_transition,2792116224
1787046716,compression_transition,2792116224
1787046716,compression_transition,2792116224
1787046717,compression_transition,2792116224
1787046717,compression_transition,2792116224
1787046717,compression_transition,2792116224
1787046717,compression_transition,2792116224
1787046718,compression_transition,2792116224
1787046718,compression_transition,2792116224
1787046718,compression_transition,2792116224
1787046719,compression_transition,2792116224
1787046719,compression_transition,2941841408
1787046719,compression_transition,2857623552
1787046720,compression_transition,2857623552
1787046720,compression_transition,2857623552
1787046720,compression_transition,2857623552
1787046720,compression_transition,2857623552
1787046721,compression_transition,2857623552
1787046721,compression_transition,2857623552
1787046721,compression_transition,2857734144
1787046722,compression_transition,2857734144
1787046722,compression_transition,2857734144
1787046722,compression_transition,2857734144
1787046722,compression_transition,2857734144
1787046723,compression_transition,2857734144
1787046723,compression_transition,2857734144
1787046723,compression_transition,2862452736
1787046724,compression_transition,2862452736
1787046724,compression_transition,2862452736
1787046724,compression_transition,2676039680
1787046726,compression_transition,2676039680
1787046726,compression_transition,2678464512
1787046727,compression_transition,2678464512
1787046727,compression_transition,2678464512
1787046727,compression_transition,2678464512
1787046728,compression_transition,2678464512
1787046728,compression_transition,2678464512
1787046728,compression_transition,2678464512
1787046728,compression_transition,2678464512
1787046729,compression_transition,2744078336
1787046729,compression_transition,2744078336
1787046729,compression_transition,2744078336
1787046731,compression_transition,2691067904
1787046731,compression_transition,2691067904
1787046731,compression_transition,2691067904
1787046731,compression_transition,2691067904
1787046732,compression_transition,2691067904
1787046732,compression_transition,2691067904
1787046732,compression_transition,2691067904
1787046733,compression_transition,2696011776
1787046733,compression_transition,2696052736
1787046733,compression_transition,2174545920
1787046733,compression_transition,2174230528
1787046734,compression_transition,2174230528
1787046734,compression_transition,2174230528
1787046734,compression_transition,2174230528
1787046736,compression_transition,2174230528
1787046736,compression_transition,2174738432
1787046736,compression_transition,2174791680
1787046737,compression_transition,2174791680
1787046737,compression_transition,2188005376
1787046737,compression_transition,2188005376
1787046737,compression_transition,2260672512
1787046738,compression_transition,2269552640
1787046738,compression_transition,1416953856
1787046738,compression_transition,1416953856
1787046738,compression_transition,1416953856
1787046739,compression_transition,1416953856
1787046739,compression_transition,1416953856
1787046739,compression_transition,1416953856
1787046740,compression_transition,1416953856
1787046740,compression_transition,1416953856
1787046741,compression_transition,1416953856
1787046741,compression_transition,1416953856
1787046741,compression_transition,1416953856
1787046741,compression_transition,1416953856
1787046742,compression_transition,1416953856
1787046742,compression_transition,1416953856
1787046742,compression_transition,1416953856
1787046743,compression_transition,1416953856
1787046743,compression_transition,1416953856
1787046743,compression_transition,1416953856
1787046743,compression_transition,1416953856
1787046744,compression_transition,1416953856
1787046744,compression_transition,1416953856
1787046744,compression_transition,1416953856
1787046744,compression_transition,1416953856
1787046747,compression_transition,1416953856
1787046747,compression_transition,1416953856
1787046747,compression_transition,1416953856
1787046747,compression_transition,1417031680
1787046748,compression_transition,1417031680
1787046748,compression_transition,1417031680
1787046748,compression_transition,1417031680
1787046749,compression_transition,1417031680
1787046749,numerical,309612544
1787046749,numerical,313303040
1787046749,numerical,313303040
1787046750,numerical,336846848
1787046752,numerical,360624128
1787046752,numerical,379478016
1787046752,numerical,379478016
1787046753,numerical,388026368
1787046753,numerical,407150592
1787046753,numerical,407150592
1787046753,numerical,411111424
1787046754,numerical,414408704
1787046754,numerical,414408704
1787046754,numerical,414408704
1787046754,numerical,414408704
1787046755,numerical,414408704
1787046756,numerical,414408704
1787046757,numerical,414408704
1787046757,numerical,414408704
1787046757,numerical,414408704
1787046758,numerical,414408704
1787046758,numerical,414408704
1787046758,numerical,414408704
1787046758,numerical,414408704
1787046759,numerical,414408704
1787046759,numerical,414408704
1787046759,numerical,414408704
1787046760,numerical,414408704
1787046760,numerical,414408704
1787046760,numerical,414408704
1787046760,numerical,414408704
1787046761,numerical,414408704
1787046761,numerical,414408704
1787046761,numerical,414408704
1787046762,numerical,414408704
1787046762,numerical,414408704
1787046762,numerical,414408704
1787046762,numerical,414408704
1787046763,numerical,414408704
1787046763,numerical,414408704
1787046763,numerical,414408704
1787046764,numerical,414625792
1787046764,numerical,414625792
1787046764,numerical,414625792
1787046764,numerical,414625792
1787046765,numerical,414625792
1787046765,numerical,414625792
1787046767,numerical,414625792
1787046767,numerical,414625792
1787046768,numerical,414625792
1787046768,numerical,414625792
1787046768,numerical,414625792
1787046768,numerical,414625792
1787046769,numerical,414625792
1787046769,numerical,414625792
1787046769,numerical,414625792
1787046770,numerical,414625792
1787046770,numerical,414625792
1787046770,numerical,414625792
1787046772,numerical,414625792
1787046772,numerical,414625792
1787046772,numerical,414625792
1787046773,numerical,414625792
1787046773,numerical,414625792
1787046773,numerical,414625792
1787046774,numerical,414625792
1787046774,numerical,414298112
1787046774,numerical,413143040
1787046774,numerical,413143040
1787046775,numerical,413143040
1787046775,numerical,413143040
1787046775,numerical,413143040
1787046776,numerical,413143040
1787046777,numerical,413143040
1787046777,numerical,413143040
1787046777,numerical,413143040
1787046777,numerical,413143040
1787046778,numerical,413143040
1787046778,numerical,413143040
1787046778,numerical,413143040
1787046779,numerical,413143040
1787046779,numerical,413143040
1787046779,numerical,413143040
1787046779,numerical,413143040
1787046780,numerical,413143040
1787046780,numerical,413143040
1787046780,numerical,413143040
1787046781,numerical,413143040
1787046781,numerical,413143040
1787046781,numerical,413143040
1787046782,numerical,413143040
1787046782,numerical,413143040
1787046782,numerical,413143040
1787046782,numerical,413143040
1787046783,numerical,413143040
1787046783,numerical,413143040
1787046783,numerical,413143040
1787046784,numerical,413143040
1787046784,numerical,413143040
1787046784,numerical,413143040
1787046784,numerical,413143040
1787046785,numerical,413143040
1787046785,numerical,413143040
1787046785,numerical,413143040
1787046785,numerical,413143040
1787046786,numerical,413143040
1787046787,numerical,413143040
1787046788,numerical,413143040
1787046788,numerical,413143040
1787046788,numerical,413143040
1787046789,numerical,413143040
1787046789,numerical,413143040
1787046789,numerical,413143040
1787046789,numerical,413143040
1787046790,numerical,413143040
1787046790,numerical,413143040
1787046790,numerical,413143040
1787046790,numerical,413143040
1787046791,numerical,413143040
1787046791,numerical,413143040
1787046791,numerical,413143040
1787046792,numerical,413143040
1787046792,numerical,413143040
1787046792,numerical,413143040
1787046793,numerical,413143040
1787046793,numerical,413143040
1787046793,numerical,413143040
1787046793,numerical,413143040
1787046794,numerical,413143040
1787046794,numerical,413143040
1787046794,numerical,413143040
1787046795,numerical,413143040
1787046795,numerical,413143040
1787046795,numerical,413143040
1787046795,numerical,413143040
1787046796,numerical,413143040
1787046796,numerical,413143040
1787046797,numerical,413143040
1787046797,numerical,413143040
1787046797,numerical,413143040
1787046798,numerical,413143040
1787046798,numerical,413143040
1787046798,numerical,413143040
1787046798,numerical,413143040
1787046799,numerical,413143040
1787046799,numerical,413143040
1787046799,numerical,413143040
1787046800,numerical,413143040
1787046800,numerical,413143040
1787046800,numerical,413143040
1787046801,numerical,413143040
1787046801,numerical,413143040
1787046801,numerical,413143040
1787046803,numerical,413143040
1787046804,numerical,413143040
1787046804,numerical,413143040
1787046804,numerical,413143040
1787046804,numerical,413143040
1787046805,numerical,413143040
1787046805,numerical,413143040
1787046805,numerical,413143040
1787046805,numerical,413143040
1787046806,numerical,413143040
1787046806,numerical,413143040
1787046806,numerical,413143040
1787046807,numerical,413143040
1787046807,numerical,413143040
1787046807,numerical,413143040
1787046808,numerical,413143040
1787046808,numerical,413143040
1787046808,numerical,413143040
1787046809,numerical,413143040
1787046809,numerical,413143040
1787046809,numerical,413143040
1787046809,numerical,413143040
1787046810,numerical,413143040
1787046810,numerical,413143040
1787046810,numerical,419737600
1787046811,numerical,419737600
1787046811,numerical,419737600
1787046811,numerical,430866432
1787046811,numerical,430997504
1787046813,numerical,430997504
1787046813,numerical,430997504
1787046814,numerical,430997504
1787046814,numerical,430997504
1787046814,numerical,430997504
1787046815,numerical,430997504
1787046815,numerical,430997504
1787046815,numerical,430997504
1787046815,numerical,430997504
1787046816,numerical,430997504
1787046816,numerical,430997504
1787046816,numerical,430997504
1787046817,numerical,430997504
1787046818,numerical,430997504
1787046818,numerical,430997504
1787046818,numerical,430997504
1787046819,numerical,430997504
1787046819,numerical,430997504
1787046819,numerical,430997504
1787046820,numerical,430997504
1787046820,numerical,430997504
1787046820,numerical,430997504
1787046820,numerical,430997504
1787046821,numerical,430997504
1787046821,numerical,430997504
1787046821,numerical,430997504
1787046821,numerical,430997504
1787046822,numerical,430997504
1787046824,numerical,435421184
1787046824,numerical,435421184
1787046824,numerical,435421184
1787046824,numerical,435421184
1787046825,numerical,435421184
1787046825,numerical,435421184
1787046825,numerical,435421184
1787046825,numerical,435421184
1787046826,numerical,435421184
1787046826,numerical,435421184
1787046826,numerical,435421184
1787046827,numerical,435421184
1787046827,numerical,435421184
1787046827,numerical,435421184
1787046828,numerical,435421184
1787046828,numerical,435421184
1787046828,numerical,435421184
1787046828,numerical,435421184
1787046829,numerical,435421184
1787046829,numerical,435675136
1787046829,numerical,436412416
1787046830,numerical,436412416
1787046830,numerical,436412416
1787046830,numerical,436412416
1787046830,numerical,436412416
1787046831,numerical,436412416
1787046831,numerical,436412416
1787046831,numerical,436412416
1787046831,numerical,436412416
1787046832,numerical,436412416
1787046832,numerical,436973568
1787046833,numerical,440258560
1787046833,numerical,442548224
1787046833,numerical,504496128
1787046834,numerical,504496128
1787046834,numerical,504496128
1787046834,numerical,504496128
1787046834,numerical,504496128
1787046835,numerical,504496128
1787046835,numerical,504496128
1787046835,numerical,504496128
1787046835,numerical,504496128
1787046836,numerical,504569856
1787046836,numerical,504569856
1787046836,numerical,504614912
1787046837,numerical,504614912
1787046837,numerical,594739200
1787046837,numerical,594935808
1787046839,numerical,594935808
1787046839,numerical,594935808
1787046839,numerical,594935808
1787046839,numerical,594935808
1787046840,numerical,594935808
1787046840,numerical,594935808
1787046840,numerical,594935808
1787046840,numerical,594935808
1787046841,numerical,594935808
1787046841,numerical,594935808
1787046841,numerical,594935808
1787046842,numerical,594935808
1787046842,numerical,594935808
1787046842,numerical,594935808
1787046842,numerical,594935808
1787046844,numerical,594935808
1787046845,numerical,594935808
1787046845,numerical,594935808
1787046845,numerical,594935808
1787046846,numerical,674742272
1787046846,numerical,810135552
1787046846,numerical,834195456
1787046846,numerical,834195456
1787046847,numerical,834195456
1787046847,numerical,834195456
1787046847,numerical,834195456
1787046847,numerical,834195456
1787046849,numerical,834195456
1787046849,numerical,834195456
1787046849,numerical,834195456
1787046850,numerical,834195456
1787046850,numerical,834195456
1787046850,numerical,834195456
1787046850,numerical,834195456
1787046851,numerical,834195456
1787046851,numerical,834195456
1787046851,numerical,834195456
1787046852,numerical,834195456
1787046852,numerical,834195456
1787046852,numerical,834195456
1787046852,numerical,797339648
1787046853,numerical,893304832
1787046855,numerical,1048567808
1787046855,numerical,1093279744
1787046855,numerical,1091117056
1787046856,numerical,1224994816
1787046856,numerical,1053724672
1787046856,numerical,1107517440
1787046856,numerical,1053724672
1787046857,numerical,1078050816
1787046857,numerical,1140555776
1787046857,numerical,1232920576
1787046858,numerical,1159061504
1787046858,numerical,1073905664
1787046860,numerical,1165082624
1787046860,numerical,1055064064
1787046860,numerical,1338585088
1787046861,numerical,1228345344
1787046861,numerical,1054760960
1787046861,numerical,1054760960
1787046862,numerical,1110175744
1787046862,numerical,1237827584
1787046862,numerical,1054937088
1787046862,numerical,1104777216
1787046863,numerical,1054937088
1787046863,numerical,1064665088
1787046864,numerical,1141604352
1787046864,numerical,1075314688
1787046864,numerical,1062334464
1787046865,numerical,1144250368
1787046865,numerical,1292460032
1787046865,numerical,1054953472
1787046866,numerical,1149837312
1787046866,numerical,1054953472
1787046866,numerical,1117667328
1787046866,numerical,1062338560
1787046867,numerical,1306787840
1787046867,numerical,1187594240
1787046867,numerical,1099194368
1787046868,numerical,1072160768
1787046868,numerical,1070268416
1787046868,numerical,1202528256
1787046870,numerical,1062518784
1787046870,numerical,1056571392
1787046871,numerical,1054953472
1787046871,numerical,1192820736
1787046871,numerical,1158037504
1787046872,numerical,1096220672
1787046872,numerical,1117417472
1787046872,numerical,1054593024
1787046872,numerical,1162182656
1787046873,numerical,1054593024
1787046873,numerical,1341571072
1787046873,numerical,1228324864
1787046875,numerical,1055064064
1787046876,numerical,1055064064
1787046876,numerical,1152966656
1787046876,numerical,1054773248
1787046877,numerical,1054773248
1787046877,numerical,1054773248
1787046877,numerical,1054773248
1787046877,numerical,1202872320
1787046878,numerical,1161609216
1787046878,numerical,1099595776
1787046878,numerical,1117786112
1787046878,numerical,1054961664
1787046881,numerical,1055051776
1787046881,numerical,1345273856
1787046881,numerical,1188630528
1787046881,numerical,1054691328
1787046882,numerical,1054691328
1787046882,numerical,1140314112
1787046882,numerical,1275547648
1787046883,numerical,1054871552
1787046883,numerical,1139953664
1787046883,numerical,1054871552
1787046883,numerical,1119408128
1787046884,numerical,1054871552
1787046884,numerical,1309138944
1787046884,numerical,1182572544
1787046885,numerical,1098772480
1787046885,numerical,1083092992
1787046885,numerical,1083904000
1787046885,numerical,1224814592
1787046886,numerical,1109495808
1787046886,numerical,1241341952
1787046886,numerical,1233145856
1787046886,numerical,1312292864
1787046887,numerical,1375875072
1787046887,numerical,1375875072
1787046887,numerical,1455865856
1787046888,numerical,1455865856
1787046888,numerical,1455865856
1787046888,numerical,1455865856
1787046888,numerical,1455865856
1787046889,numerical,1455865856
1787046889,numerical,1455865856
1787046889,numerical,1456353280
1787046890,numerical,1456353280
1787046890,numerical,1456353280
1787046890,numerical,1456353280
1787046890,numerical,1456353280
1787046891,numerical,1456353280
1787046891,numerical,1456353280
1787046891,numerical,1456353280
1787046892,numerical,1456353280
1787046892,numerical,1456353280
1787046892,numerical,1456353280
1787046892,numerical,1456353280
1787046893,numerical,1456353280
1787046893,numerical,1456353280
1787046893,numerical,1456353280
1787046893,numerical,1456353280
1787046894,numerical,1456353280
1787046894,numerical,1456353280
1787046894,numerical,1456353280
1787046895,numerical,1456353280
1787046895,numerical,1456353280
1787046895,numerical,1456353280
1787046895,numerical,1456353280
1787046896,numerical,1476321280
1787046896,numerical,1376546816
1787046896,numerical,1536069632
1787046897,numerical,1536069632
1787046897,numerical,1536069632
1787046897,numerical,1536069632
1787046897,numerical,1536069632
1787046898,numerical,1536069632
1787046898,numerical,1536069632
1787046898,numerical,1536069632
1787046899,numerical,1536069632
1787046899,numerical,1536069632
1787046899,numerical,1536069632
1787046899,numerical,1536069632
1787046900,numerical,1536069632
1787046900,numerical,1536069632
1787046900,numerical,1536069632
1787046900,numerical,1536069632
1787046901,numerical,1536069632
1787046901,numerical,1536069632
1787046901,numerical,1536069632
1787046902,numerical,1536069632
1787046902,numerical,1536069632
1787046902,numerical,1536069632
1787046902,numerical,1536069632
1787046903,numerical,1397338112
1787046903,numerical,1558142976
1787046903,numerical,1409667072
1787046904,numerical,1442234368
1787046904,numerical,1477013504
1787046904,numerical,1479385088
1787046904,numerical,1457438720
1787046905,numerical,1747984384
1787046905,numerical,1526226944
1787046905,numerical,1446690816
1787046906,numerical,1482108928
1787046906,numerical,1484062720
1787046906,numerical,1453674496
1787046906,numerical,1750294528
1787046907,numerical,1526226944
1787046907,numerical,1462640640
1787046907,numerical,1493245952
1787046907,numerical,1421504512
1787046908,numerical,1478000640
1787046908,numerical,1758248960
1787046908,numerical,1439240192
1787046909,numerical,1475461120
1787046909,numerical,1505255424
1787046909,numerical,1421348864
1787046909,numerical,1497575424
1787046910,numerical,1521143808
1787046910,numerical,1439354880
1787046910,numerical,1490444288
1787046911,numerical,1515102208
1787046911,numerical,1421463552
1787046911,numerical,1501208576
1787046911,numerical,1439199232
1787046912,numerical,1439199232
1787046912,numerical,1502453760
1787046912,numerical,1485713408
1787046913,numerical,1429684224
1787046913,numerical,1553473536
1787046913,numerical,1439584256
1787046913,numerical,1439756288
1787046914,numerical,1483001856
1787046914,numerical,1505230848
1787046914,numerical,1421864960
1787046914,numerical,1486999552
1787046915,numerical,1758785536
1787046915,numerical,1486667776
1787046915,numerical,1465778176
1787046916,numerical,1485840384
1787046916,numerical,1484492800
1787046916,numerical,1465458688
1787046916,numerical,1757298688
1787046917,numerical,1486209024
1787046917,numerical,1466671104
1787046917,numerical,1487814656
1787046918,numerical,1484034048
1787046918,numerical,1456889856
1787046918,numerical,1749573632
1787046918,numerical,1526046720
1787046919,numerical,1449754624
1787046919,numerical,1481986048
1787046919,numerical,1484148736
1787046920,numerical,1457270784
1787046920,numerical,1753473024
1787046920,numerical,1526431744
1787046920,numerical,1463656448
1787046921,numerical,1489125376
1787046921,numerical,1474977792
1787046921,numerical,1469181952
1787046921,numerical,1757462528
1787046922,numerical,1526243328
1787046922,numerical,1447948288
1787046922,numerical,1482182656
1787046923,numerical,1484345344
1787046923,numerical,1444765696
1787046923,numerical,1740292096
1787046923,numerical,1526226944
1787046924,numerical,1487712256
1787046924,numerical,1517789184
1787046924,numerical,1543962624
1787046925,numerical,1421504512
1787046925,numerical,1722834944
1787046925,numerical,1611440128
1787046925,numerical,1505091584
1787046926,numerical,1494925312
1787046926,numerical,1521369088
1787046926,numerical,1421348864
1787046927,numerical,1706729472
1787046927,numerical,1584250880
1787046927,numerical,1520451584
1787046927,numerical,1481793536
1787046928,numerical,1493102592
1787046928,numerical,1421197312
1787046928,numerical,1687920640
1787046928,numerical,1563820032
1787046929,numerical,1489207296
1787046929,numerical,1480556544
1787046929,numerical,1462665216
1787046930,numerical,1508409344
1787046930,numerical,1629077504
1787046930,numerical,1526087680
1787046930,numerical,1445797888
1787046931,numerical,1480396800
1787046931,numerical,1421422592
1787046931,numerical,1593868288
1787046932,numerical,1565736960
1787046932,numerical,1465487360
1787046932,numerical,1561280512
1787046932,numerical,1501175808
1787046933,numerical,1491443712
1787046933,numerical,1524588544
1787046933,numerical,1669050368
1787046934,numerical,1439494144
1787046934,numerical,1531674624
1787046934,numerical,1486241792
1787046934,numerical,1480638464
1787046935,numerical,1517027328
1787046935,numerical,1660551168
1787046935,numerical,1439338496
1787046935,numerical,1527193600
1787046936,numerical,1474478080
1787046936,numerical,1465884672
1787046936,numerical,1503625216
1787046937,numerical,1639038976
1787046937,numerical,1439182848
1787046937,numerical,1501356032
1787046937,numerical,1439182848
1787046938,numerical,1434374144
1787046938,numerical,1472778240
1787046938,numerical,1622786048
1787046939,numerical,1512845312
1787046939,numerical,1642618880
1787046939,numerical,1615253504
1787046939,numerical,1638592512
1787046940,numerical,1409642496
1787046940,numerical,1409642496
1787046940,numerical,1489448960
1787046941,numerical,1489448960
1787046941,numerical,1489448960
1787046941,numerical,1489448960
1787046941,numerical,1489448960
1787046942,numerical,1489448960
1787046942,numerical,1489448960
1787046942,numerical,1489448960
1787046942,numerical,1489448960
1787046943,numerical,1489448960
1787046943,numerical,1489448960
1787046943,numerical,1489448960
1787046944,numerical,1489448960
1787046944,numerical,1489448960
1787046944,numerical,1489448960
1787046944,numerical,1489448960
1787046945,numerical,1489448960
1787046945,numerical,1489448960
1787046945,numerical,1489448960
1787046946,numerical,1489448960
1787046946,numerical,1489448960
1787046946,numerical,1489448960
1787046946,numerical,1489448960
1787046947,numerical,1489448960
1787046947,numerical,1489600512
1787046947,numerical,1489600512
1787046947,numerical,1489600512
1787046948,numerical,1489600512
1787046948,numerical,1489600512
1787046948,numerical,1489600512
1787046949,numerical,1489600512
1787046949,numerical,1409794048
1787046949,numerical,1569398784
1787046949,numerical,1569398784
1787046950,numerical,1569398784
1787046950,numerical,1569398784
1787046950,numerical,1569398784
1787046951,numerical,1569398784
1787046951,numerical,1569398784
1787046951,numerical,1569398784
1787046951,numerical,1569398784
1787046952,numerical,1569398784
1787046952,numerical,1569398784
1787046952,numerical,1569398784
1787046952,numerical,1569398784
1787046953,numerical,1569398784
1787046953,numerical,1569398784
1787046953,numerical,1569398784
1787046954,numerical,1569398784
1787046954,numerical,1569398784
1787046954,numerical,1569398784
1787046954,numerical,1569398784
1787046955,numerical,1569398784
1787046955,numerical,1569398784
1787046955,numerical,1569398784
1787046956,numerical,1430208512
1787046956,numerical,1409794048
1787046956,numerical,1433001984
1787046956,numerical,1462308864
1787046957,numerical,1477009408
1787046957,numerical,1457803264
1787046957,numerical,1591164928
1787046958,numerical,1439129600
1787046958,numerical,1443991552
1787046958,numerical,1525903360
1787046958,numerical,1415131136
1787046959,numerical,1465843712
1787046959,numerical,1601282048
1787046959,numerical,1439440896
1787046959,numerical,1475932160
1787046960,numerical,1443184640
1787046960,numerical,1436254208
1787046960,numerical,1490755584
1787046961,numerical,1632681984
1787046961,numerical,1439211520
1787046961,numerical,1488949248
1787046961,numerical,1444343808
1787046962,numerical,1450352640
1787046962,numerical,1495121920
1787046962,numerical,1632989184
1787046963,numerical,1439252480
1787046963,numerical,1481150464
1787046963,numerical,1482719232
1787046963,numerical,1421737984
1787046964,numerical,1472454656
1787046964,numerical,1604648960
1787046964,numerical,1439563776
1787046965,numerical,1472270336
1787046965,numerical,1483030528
1787046965,numerical,1428533248
1787046965,numerical,1487089664
1787046966,numerical,1627934720
1787046966,numerical,1439334400
1787046966,numerical,1496641536
1787046966,numerical,1452847104
1787046967,numerical,1456799744
1787046967,numerical,1501454336
1787046967,numerical,1624952832
1787046968,numerical,1439399936
1787046968,numerical,1439752192
1787046968,numerical,1500405760
1787046968,numerical,1525592064
1787046969,numerical,1422397440
1787046969,numerical,1543864320
1787046969,numerical,1558958080
1787046970,numerical,1439068160
1787046970,numerical,1492590592
1787046970,numerical,1524097024
1787046970,numerical,1423605760
1787046971,numerical,1550659584
1787046971,numerical,1559269376
1787046971,numerical,1439379456
1787046972,numerical,1500741632
1787046972,numerical,1485713408
1787046972,numerical,1433919488
1787046972,numerical,1573949440
1787046973,numerical,1439420416
1787046973,numerical,1439420416
1787046973,numerical,1513758720
1787046973,numerical,1482010624
1787046974,numerical,1455316992
1787046974,numerical,1588588544
1787046974,numerical,1439191040
1787046975,numerical,1460002816
1787046975,numerical,1482657792
1787046975,numerical,1417347072
1787046975,numerical,1476173824
1787046976,numerical,1611067392
1787046976,numerical,1439502336
1787046976,numerical,1480048640
1787046977,numerical,1439502336
1787046977,numerical,1443069952
1787046977,numerical,1498112000
1787046977,numerical,1637064704
1787046978,numerical,1439272960
1787046978,numerical,1491714048
1787046978,numerical,1448730624
1787046979,numerical,1453654016
1787046979,numerical,1500045312
1787046979,numerical,1635741696
1787046979,numerical,1439559680
1787046980,numerical,1496780800
1787046980,numerical,1448906752
1787046980,numerical,1456914432
1787046980,numerical,1508171776
1787046981,numerical,1646915584
1787046981,numerical,1439506432
1787046981,numerical,1504923648
1787046982,numerical,1475186688
1787046982,numerical,1472270336
1787046982,numerical,1523527680
1787046982,numerical,1675997184
1787046983,numerical,1439277056
1787046983,numerical,1523347456
1787046983,numerical,1482526720
1787046984,numerical,1469607936
1787046984,numerical,1513836544
1787046984,numerical,1656844288
1787046984,numerical,1439318016
1787046985,numerical,1507438592
1787046985,numerical,1465536512
1787046985,numerical,1463431168
1787046986,numerical,1510903808
1787046986,numerical,1653370880
1787046986,numerical,1439358976
1787046986,numerical,1504776192
1787046987,numerical,1463414784
1787046987,numerical,1465634816
1787046987,numerical,1503105024
1787046987,numerical,1632325632
1787046988,numerical,1439399936
1787046988,numerical,1474539520
1787046988,numerical,1482866688
1787046989,numerical,1427292160
1787046989,numerical,1480171520
1787046989,numerical,1611964416
1787046989,numerical,1439440896
1787046990,numerical,1675632640
1787046990,numerical,1622765568
1787046990,numerical,1684406272
1787046991,numerical,1392877568
1787046991,numerical,1392877568
1787046991,numerical,1472684032
1787046991,numerical,1472684032
1787046992,numerical,1472684032
1787046992,numerical,1472684032
1787046992,numerical,1472684032
1787046992,numerical,1472684032
1787046993,numerical,1472684032
1787046993,numerical,1472684032
1787046993,numerical,1472684032
1787046994,numerical,1472684032
1787046994,numerical,1472684032
1787046994,numerical,1472684032
1787046994,numerical,1472684032
1787046995,numerical,1472684032
1787046995,numerical,1472684032
1787046995,numerical,1472684032
1787046996,numerical,1472684032
1787046996,numerical,1472684032
1787046996,numerical,1472684032
1787046996,numerical,1472684032
1787046997,numerical,1472684032
1787046997,numerical,1472684032
1787046997,numerical,1472684032
1787046998,numerical,1472684032
1787046998,numerical,1472684032
1787046998,numerical,1472684032
1787046998,numerical,1472684032
1787046999,numerical,1472684032
1787046999,numerical,1472684032
1787046999,numerical,1472684032
1787046999,numerical,1392877568
1787047000,numerical,1459851264
1787047000,numerical,1552490496
1787047000,numerical,1552490496
1787047001,numerical,1552490496
1787047001,numerical,1552490496
1787047001,numerical,1552490496
1787047001,numerical,1552490496
1787047002,numerical,1552490496
1787047002,numerical,1552490496
1787047002,numerical,1552490496
1787047003,numerical,1552490496
1787047003,numerical,1552490496
1787047003,numerical,1552490496
1787047003,numerical,1552490496
1787047004,numerical,1552490496
1787047004,numerical,1552490496
1787047004,numerical,1552490496
1787047004,numerical,1552490496
1787047005,numerical,1552490496
1787047005,numerical,1552490496
1787047005,numerical,1552490496
1787047006,numerical,1552490496
1787047006,numerical,1552490496
1787047006,numerical,1552490496
1787047006,numerical,1524158464
1787047007,numerical,1434464256
1787047007,numerical,1438801920
1787047007,numerical,1557188608
1787047008,numerical,1521438720
1787047008,numerical,1476489216
1787047008,numerical,1587548160
1787047008,numerical,1517428736
1787047009,numerical,1520128000
1787047009,numerical,1561780224
1787047009,numerical,1568292864
1787047009,numerical,1482129408
1787047010,numerical,1518718976
1787047010,numerical,1569128448
1787047010,numerical,1767981056
1787047011,numerical,1482067968
1787047011,numerical,1482067968
1787047011,numerical,1578774528
1787047011,numerical,1540378624
1787047012,numerical,1482108928
1787047012,numerical,1544933376
1787047012,numerical,1482108928
1787047013,numerical,1542590464
1787047013,numerical,1582882816
1787047013,numerical,1593184256
1787047013,numerical,1482149888
1787047014,numerical,1530195968
1787047014,numerical,1568980992
1787047014,numerical,1769725952
1787047015,numerical,1482190848
1787047015,numerical,1482190848
1787047015,numerical,1599172608
1787047015,numerical,1560514560
1787047016,numerical,1482231808
1787047016,numerical,1545056256
1787047016,numerical,1482231808
1787047016,numerical,1543933952
1787047017,numerical,1577791488
1787047017,numerical,1589985280
1787047017,numerical,1482194944
1787047018,numerical,1530241024
1787047018,numerical,1569026048
1787047018,numerical,1772744704
1787047018,numerical,1481965568
1787047019,numerical,1481965568
1787047019,numerical,1596784640
1787047019,numerical,1543503872
1787047020,numerical,1482141696
1787047020,numerical,1568067584
1787047020,numerical,1507287040
1787047020,numerical,1512886272
1787047021,numerical,1602031616
1787047021,numerical,1557647360
1787047021,numerical,1482297344
1787047021,numerical,1496551424
1787047022,numerical,1655779328
1787047022,numerical,1749327872
1787047022,numerical,1482067968
1787047023,numerical,1482067968
1787047023,numerical,1562013696
1787047023,numerical,1521459200
1787047023,numerical,1482108928
1787047024,numerical,1544933376
1787047024,numerical,1482108928
1787047024,numerical,1531236352
1787047025,numerical,1571258368
1787047025,numerical,1593454592
1787047025,numerical,1486942208
1787047025,numerical,1488650240
1787047026,numerical,1568980992
1787047026,numerical,1779998720
1787047026,numerical,1482186752
1787047027,numerical,1481920512
1787047027,numerical,1600794624
1787047027,numerical,1571868672
1787047027,numerical,1482231808
1787047028,numerical,1545056256
1787047028,numerical,1482231808
1787047028,numerical,1558392832
1787047028,numerical,1603551232
1787047029,numerical,1605472256
1787047029,numerical,1500311552
1787047029,numerical,1482272768
1787047030,numerical,1569370112
1787047030,numerical,1758855168
1787047030,numerical,1655640064
1787047030,numerical,1525350400
1787047031,numerical,1482133504
1787047031,numerical,1482133504
1787047031,numerical,1801469952
1787047032,numerical,1530961920
1787047032,numerical,1482305536
1787047032,numerical,1596186624
1787047032,numerical,1523355648
1787047033,numerical,1482031104
1787047033,numerical,1599131648
1787047033,numerical,1488154624
1787047033,numerical,1504161792
1787047034,numerical,1568907264
1787047034,numerical,1587752960
1787047034,numerical,1649721344
1787047035,numerical,1485852672
1787047035,numerical,1405763584
1787047035,numerical,1405763584
1787047035,numerical,1485570048
1787047036,numerical,1485570048
1787047036,numerical,1485570048
1787047036,numerical,1485570048
1787047037,numerical,1485570048
1787047037,numerical,1485570048
1787047037,numerical,1485570048
1787047037,numerical,1485570048
1787047038,numerical,1485570048
1787047038,numerical,1485570048
1787047038,numerical,1485570048
1787047039,numerical,1485570048
1787047039,numerical,1485570048
1787047039,numerical,1485570048
1787047039,numerical,1485570048
1787047040,numerical,1485570048
1787047040,numerical,1485570048
1787047040,numerical,1485570048
1787047040,numerical,1485570048
1787047041,numerical,1485570048
1787047041,numerical,1485570048
1787047041,numerical,1485570048
1787047042,numerical,1485570048
1787047042,numerical,1485570048
1787047042,numerical,1485570048
1787047042,numerical,1485570048
1787047043,numerical,1485570048
1787047043,numerical,1485570048
1787047043,numerical,1485570048
1787047043,numerical,1485570048
1787047044,numerical,1405763584
1787047044,numerical,1405763584
1787047044,numerical,1565237248
1787047045,numerical,1565237248
1787047045,numerical,1565237248
1787047045,numerical,1565237248
1787047045,numerical,1565237248
1787047046,numerical,1565237248
1787047046,numerical,1565237248
1787047046,numerical,1565237248
1787047047,numerical,1565237248
1787047047,numerical,1565237248
1787047047,numerical,1565237248
1787047047,numerical,1565237248
1787047048,numerical,1565237248
1787047048,numerical,1565237248
1787047048,numerical,1565237248
1787047048,numerical,1565237248
1787047049,numerical,1565237248
1787047049,numerical,1565237248
1787047049,numerical,1565237248
1787047050,numerical,1565237248
1787047050,numerical,1565237248
1787047050,numerical,1565237248
1787047050,numerical,1472348160
1787047051,numerical,1424920576
1787047051,numerical,1469767680
1787047051,numerical,1476972544
1787047052,numerical,1503318016
1787047052,numerical,1569255424
1787047052,numerical,1570791424
1787047052,numerical,1500381184
1787047053,numerical,1493594112
1787047053,numerical,1504792576
1787047053,numerical,1743613952
1787047053,numerical,1501220864
1787047054,numerical,1480404992
1787047054,numerical,1542922240
1787047054,numerical,1590702080
1787047055,numerical,1446240256
1787047055,numerical,1514106880
1787047055,numerical,1525305344
1787047055,numerical,1547968512
1787047056,numerical,1674768384
1787047056,numerical,1522454528
1787047056,numerical,1491808256
1787047057,numerical,1439629312
1787047057,numerical,1425215488
1787047057,numerical,1435566080
1787047057,numerical,1498390528
1787047058,numerical,1496616960
1787047058,numerical,1442689024
1787047058,numerical,1515458560
1787047059,numerical,1552789504
1787047059,numerical,1481961472
1787047059,numerical,1480392704
1787047059,numerical,1504296960
1787047060,numerical,1738625024
1787047060,numerical,1492987904
1787047060,numerical,1480282112
1787047060,numerical,1545007104
1787047061,numerical,1594949632
1787047061,numerical,1458700288
1787047061,numerical,1517228032
1787047062,numerical,1524101120
1787047062,numerical,1533341696
1787047062,numerical,1639137280
1787047062,numerical,1522237440
1787047063,numerical,1466114048
1787047063,numerical,1417363456
1787047063,numerical,1417363456
1787047064,numerical,1435717632
1787047064,numerical,1498542080
1787047064,numerical,1481900032
1787047064,numerical,1419882496
1787047065,numerical,1532071936
1787047065,numerical,1542156288
1787047065,numerical,1487007744
1787047065,numerical,1487060992
1787047066,numerical,1504276480
1787047066,numerical,1742798848
1787047066,numerical,1497591808
1787047067,numerical,1480359936
1787047067,numerical,1546469376
1787047067,numerical,1596481536
1787047067,numerical,1457135616
1787047068,numerical,1518166016
1787047068,numerical,1525493760
1787047068,numerical,1548541952
1787047069,numerical,1671770112
1787047069,numerical,1524862976
1787047069,numerical,1483689984
1787047069,numerical,1434349568
1787047070,numerical,1420689408
1787047070,numerical,1438343168
1787047070,numerical,1501167616
1787047071,numerical,1500946432
1787047071,numerical,1450360832
1787047071,numerical,1523437568
1787047071,numerical,1556676608
1787047072,numerical,1487470592
1787047072,numerical,1485103104
1787047072,numerical,1506689024
1787047072,numerical,1736196096
1787047073,numerical,1494773760
1787047073,numerical,1480314880
1787047073,numerical,1537445888
1787047074,numerical,1578536960
1787047074,numerical,1438429184
1787047074,numerical,1499410432
1787047074,numerical,1502527488
1787047075,numerical,1531269120
1787047075,numerical,1632739328
1787047075,numerical,1525301248
1787047076,numerical,1464983552
1787047076,numerical,1419943936
1787047076,numerical,1419943936
1787047076,numerical,1438240768
1787047077,numerical,1698717696
1787047077,numerical,1644281856
1787047077,numerical,1471627264
1787047077,numerical,1471627264
1787047078,numerical,1551433728
1787047078,numerical,1551433728
1787047078,numerical,1551433728
1787047079,numerical,1551433728
1787047079,numerical,1551433728
1787047079,numerical,1551433728
1787047079,numerical,1551433728
1787047080,numerical,1551433728
1787047080,numerical,1551433728
1787047080,numerical,1551433728
1787047081,numerical,1551433728
1787047081,numerical,1551433728
1787047081,numerical,1551433728
1787047081,numerical,1551433728
1787047082,numerical,1551433728
1787047082,numerical,1551433728
1787047082,numerical,1551433728
1787047082,numerical,1551433728
1787047083,numerical,1551433728
1787047083,numerical,1551433728
1787047083,numerical,1551433728
1787047084,numerical,1551433728
1787047084,numerical,1551433728
1787047084,numerical,1551433728
1787047084,numerical,1551433728
1787047085,numerical,1551433728
1787047085,numerical,1551433728
1787047085,numerical,1551433728
1787047086,numerical,1551433728
1787047086,numerical,1551433728
1787047086,numerical,1551433728
1787047086,numerical,1471627264
1787047087,numerical,1631080448
1787047087,numerical,1631080448
1787047087,numerical,1631080448
1787047088,numerical,1631080448
1787047088,numerical,1631080448
1787047088,numerical,1631080448
1787047088,numerical,1631080448
1787047089,numerical,1631080448
1787047089,numerical,1631080448
1787047089,numerical,1631080448
1787047089,numerical,1631080448
1787047090,numerical,1631080448
1787047090,numerical,1631080448
1787047090,numerical,1631080448
1787047091,numerical,1631080448
1787047091,numerical,1631080448
1787047091,numerical,1631080448
1787047091,numerical,1631080448
1787047092,numerical,1631080448
1787047092,numerical,1631080448
1787047092,numerical,1631080448
1787047093,numerical,1631080448
1787047093,numerical,1631080448
1787047093,numerical,1471188992
1787047093,numerical,1610846208
1787047094,numerical,1471627264
1787047094,numerical,1498599424
1787047094,numerical,1498599424
1787047094,numerical,1498308608
1787047095,numerical,1561022464
1787047095,numerical,1518022656
1787047095,numerical,1599680512
1787047096,numerical,1658286080
1787047096,numerical,1644355584
1787047096,numerical,1498079232
1787047096,numerical,1529163776
1787047097,numerical,1498079232
1787047097,numerical,1498120192
1787047097,numerical,1545351168
1787047098,numerical,1506144256
1787047098,numerical,1558585344
1787047098,numerical,1608220672
1787047098,numerical,1619042304
1787047099,numerical,1498025984
1787047099,numerical,1498025984
1787047099,numerical,1498025984
1787047100,numerical,1498324992
1787047100,numerical,1498324992
1787047100,numerical,1498324992
1787047100,numerical,1610780672
1787047101,numerical,1689894912
1787047101,numerical,1671880704
1787047101,numerical,1534009344
1787047101,numerical,1542119424
1787047102,numerical,1595846656
1787047102,numerical,1498046464
1787047102,numerical,1512910848
1787047103,numerical,1498046464
1787047103,numerical,1671598080
1787047103,numerical,1763725312
1787047103,numerical,1498357760
1787047104,numerical,1498357760
1787047104,numerical,1498357760
1787047104,numerical,1692995584
1787047105,numerical,1525698560
1787047105,numerical,1497858048
1787047105,numerical,1511100416
1787047105,numerical,1584689152
1787047106,numerical,1804898304
1787047106,numerical,1498705920
1787047106,numerical,1498169344
1787047106,numerical,1517359104
1787047107,numerical,1658298368
1787047107,numerical,1585524736
1787047107,numerical,1523617792
1787047108,numerical,1498210304
1787047108,numerical,1498210304
1787047108,numerical,1812819968
1787047108,numerical,1531768832
1787047109,numerical,1497980928
1787047109,numerical,1560805376
1787047109,numerical,1668288512
1787047110,numerical,1509642240
1787047110,numerical,1546407936
1787047110,numerical,1498292224
1787047110,numerical,1585123328
1787047111,numerical,1796141056
1787047111,numerical,1498333184
1787047111,numerical,1498333184
1787047112,numerical,1498333184
1787047112,numerical,1734332416
1787047112,numerical,1554870272
1787047112,numerical,1498103808
1787047113,numerical,1532432384
1787047113,numerical,1584934912
1787047113,numerical,1784758272
1787047113,numerical,1498439680
1787047114,numerical,1498439680
1787047114,numerical,1561264128
1787047114,numerical,1676197888
1787047115,numerical,1516740608
1787047115,numerical,1498091520
1787047115,numerical,1502953472
1787047115,numerical,1628389376
1787047116,numerical,1770528768
1787047116,numerical,1498132480
1787047116,numerical,1498132480
1787047117,numerical,1584058368
1787047117,numerical,1638162432
1787047117,numerical,1498173440
1787047117,numerical,1535569920
1787047118,numerical,1498173440
1787047118,numerical,1646583808
1787047118,numerical,1738731520
1787047119,numerical,1585065984
1787047119,numerical,1498234880
1787047119,numerical,1543106560
1787047119,numerical,1629614080
1787047120,numerical,1664528384
1787047120,numerical,1680461824
1787047120,numerical,1644281856
1787047120,numerical,1551433728
1787047121,numerical,1551433728
1787047121,numerical,1551433728
1787047121,numerical,1551433728
1787047122,numerical,1551433728
1787047122,numerical,1551433728
1787047122,numerical,1551433728
1787047122,numerical,1551433728
1787047123,numerical,1551433728
1787047123,numerical,1551433728
1787047123,numerical,1391820800
1787047124,numerical,1391820800
1787047124,numerical,1391820800
1787047124,numerical,1391820800
1787047124,numerical,1391820800
1787047125,numerical,1391820800
1787047125,numerical,1312014336
1787047125,numerical,1312014336
1787047125,numerical,1312014336
1787047126,numerical,1312014336
1787047126,numerical,1312014336
1787047126,numerical,1312014336
1787047127,numerical,1312014336
1787047127,numerical,1312014336
1787047127,numerical,1213632512
1787047127,numerical,1213632512
1787047128,numerical,1213632512
1787047128,numerical,1213632512
1787047128,numerical,1213632512
1787047129,numerical,1213632512
1787047129,numerical,1213632512
1787047129,numerical,1213632512
1787047129,numerical,1213632512
1787047130,numerical,1213632512
1787047130,numerical,1213632512
1787047130,numerical,1213632512
1787047130,numerical,1213632512
1787047131,numerical,974213120
1787047131,numerical,974213120
1787047131,numerical,974213120
1787047132,numerical,974213120
1787047132,numerical,974213120
1787047132,numerical,974213120
1787047132,numerical,974213120
1787047133,numerical,974213120
1787047133,numerical,974213120
1787047133,numerical,974213120
1787047134,numerical,974213120
1787047134,numerical,974213120
1787047134,numerical,974213120
1787047134,numerical,974213120
1787047135,numerical,974213120
1787047135,numerical,974213120
1787047135,numerical,974213120
1787047136,numerical,974213120
1787047136,numerical,974213120
1787047136,numerical,974213120
1787047136,numerical,974213120
1787047137,numerical,974213120
1787047137,numerical,974213120
1787047137,numerical,974213120
1787047137,numerical,974213120
1787047138,numerical,974213120
1787047138,numerical,974213120
1787047138,numerical,974213120
1787047139,numerical,974213120
1787047139,numerical,974213120
1787047139,numerical,974213120
1787047139,numerical,974213120
1787047140,numerical,974213120
1787047140,numerical,974213120
1787047140,numerical,974213120
1787047141,numerical,974213120
1787047141,numerical,974213120
1787047141,numerical,974213120
1787047141,numerical,1133559808
1787047142,numerical,1133559808
1787047142,numerical,1133559808
1787047142,numerical,1133559808
1787047143,numerical,1133559808
1787047143,numerical,1133559808
1787047143,numerical,1133559808
1787047143,numerical,1133559808
1787047144,numerical,1133559808
1787047144,numerical,1133559808
1787047144,numerical,1133559808
1787047144,numerical,1133559808
1787047145,numerical,1133559808
1787047145,numerical,1133559808
1787047145,numerical,1133559808
1787047146,numerical,1133559808
1787047146,numerical,1133559808
1787047146,numerical,1133559808
1787047146,numerical,1133559808
1787047147,numerical,1133559808
1787047147,numerical,1133559808
1787047147,numerical,1133559808
1787047148,numerical,1133559808
1787047148,numerical,1053413376
1787047148,numerical,1053413376
1787047148,numerical,1053413376
1787047149,numerical,1053413376
1787047149,numerical,1053413376
1787047149,numerical,1053413376
1787047150,numerical,1053413376
1787047150,numerical,1053413376
1787047150,numerical,1053413376
1787047150,numerical,1053413376
1787047151,numerical,1053413376
1787047151,numerical,1053413376
1787047151,numerical,1053413376
1787047151,numerical,1053413376
1787047152,numerical,1053413376
1787047152,numerical,1053413376
1787047152,numerical,1053413376
1787047153,numerical,1053413376
1787047153,numerical,1053413376
1787047153,numerical,1053413376
1787047153,numerical,1053413376
1787047154,numerical,1053413376
1787047154,numerical,1053413376
1787047154,numerical,1053413376
1787047155,numerical,1053413376
1787047155,numerical,1054019584
1787047155,numerical,1054019584
1787047155,numerical,1054019584
1787047156,numerical,1054019584
1787047156,numerical,1054019584
1787047156,numerical,1054019584
1787047156,numerical,1054019584
1787047157,numerical,1054019584
1787047157,numerical,1054019584
1787047157,numerical,1054019584
1787047158,numerical,1054019584
1787047158,numerical,1054019584
1787047158,numerical,1054019584
1787047158,numerical,1083879424
1787047159,numerical,1083879424
1787047159,numerical,1083879424
1787047159,numerical,1083879424
1787047160,numerical,1083879424
1787047160,numerical,1149579264
1787047160,numerical,1636319232
1787047160,numerical,1585913856
1787047161,numerical,1461186560
1787047161,numerical,1509502976
1787047161,numerical,1412165632
1787047162,numerical,1522552832
1787047162,numerical,1475825664
1787047162,numerical,1552601088
1787047162,numerical,1417355264
1787047163,numerical,1731506176
1787047163,numerical,1352003584
1787047163,numerical,1580158976
1787047164,numerical,1477648384
1787047164,numerical,1518526464
1787047164,numerical,1422983168
1787047164,numerical,1525469184
1787047165,numerical,1474375680
1787047165,numerical,1556828160
1787047165,numerical,1409761280
1787047165,numerical,1736114176
1787047166,numerical,1359044608
1787047166,numerical,1532706816
1787047166,numerical,1484689408
1787047167,numerical,1532866560
1787047167,numerical,1423527936
1787047167,numerical,1534529536
1787047167,numerical,1478103040
1787047168,numerical,1559203840
1787047168,numerical,1411055616
1787047168,numerical,1728647168
1787047169,numerical,1364393984
1787047169,numerical,1711489024
1787047169,numerical,1490038784
1787047169,numerical,1498759168
1787047170,numerical,1423781888
1787047170,numerical,1505275904
1787047170,numerical,1454993408
1787047170,numerical,1536634880
1787047171,numerical,1393356800
1787047171,numerical,1722605568
1787047171,numerical,1359323136
1787047172,numerical,1666924544
1787047172,numerical,1484967936
1787047172,numerical,1520979968
1787047172,numerical,1423257600
1787047173,numerical,1528819712
1787047173,numerical,1471238144
1787047173,numerical,1548554240
1787047174,numerical,1396355072
1787047174,numerical,1717026816
1787047174,numerical,1359421440
1787047174,numerical,1706528768
1787047175,numerical,1485066240
1787047175,numerical,1509994496
1787047175,numerical,1423355904
1787047176,numerical,1522429952
1787047176,numerical,1476472832
1787047176,numerical,1557303296
1787047176,numerical,1407537152
1787047177,numerical,1731452928
1787047177,numerical,1359519744
1787047177,numerical,1533181952
1787047177,numerical,1485164544
1787047178,numerical,1526583296
1787047178,numerical,1423454208
1787047178,numerical,1533071360
1787047179,numerical,1478463488
1787047179,numerical,1552535552
1787047179,numerical,1402228736
1787047179,numerical,1719656448
1787047180,numerical,1359618048
1787047180,numerical,1706725376
1787047180,numerical,1485262848
1787047181,numerical,1496244224
1787047181,numerical,1423769600
1787047181,numerical,1503113216
1787047181,numerical,1444233216
1787047182,numerical,1527488512
1787047182,numerical,1359839232
1787047182,numerical,1680924672
1787047183,numerical,1359544320
1787047183,numerical,1697337344
1787047183,numerical,1485189120
1787047183,numerical,1472000000
1787047184,numerical,1413746688
1787047184,numerical,1483624448
1787047184,numerical,1428746240
1787047184,numerical,1517146112
1787047185,numerical,1359544320
1787047185,numerical,1669939200
1787047185,numerical,1359372288
1787047186,numerical,1690259456
1787047186,numerical,1485017088
1787047186,numerical,1493184512
1787047186,numerical,1423306752
1787047187,numerical,1499131904
1787047187,numerical,1447227392
1787047187,numerical,1526435840
1787047188,numerical,1361530880
1787047188,numerical,1684094976
1787047188,numerical,1359470592
1787047188,numerical,1702252544
1787047189,numerical,1485115392
1787047189,numerical,1484902400
1787047189,numerical,1419620352
1787047190,numerical,1488146432
1787047190,numerical,1437593600
1787047190,numerical,1521938432
1787047190,numerical,1359470592
1787047191,numerical,1669865472
1787047191,numerical,1359298560
1787047191,numerical,1688834048
1787047191,numerical,1484943360
1787047192,numerical,1478512640
1787047192,numerical,1416744960
1787047192,numerical,1486352384
1787047193,numerical,1396506624
1787047193,numerical,1469923328
1787047193,numerical,1359839232
1787047193,numerical,1589403648
1787047194,numerical,1359667200
1787047194,numerical,1636765696
1787047194,numerical,1595396096
1787047195,numerical,1416949760
1787047195,numerical,1380671488
1787047195,numerical,1429950464
1787047195,numerical,1372098560
1787047196,numerical,1464283136
1787047196,numerical,1359667200
1787047196,numerical,1605451776
1787047196,numerical,1359495168
1787047197,numerical,1639018496
1787047197,numerical,1599549440
1787047197,numerical,1419776000
1787047198,numerical,1360986112
1787047198,numerical,1431941120
1787047198,numerical,1370034176
1787047198,numerical,1461678080
1787047199,numerical,1359495168
1787047199,numerical,1588789248
1787047199,numerical,1359323136
1787047200,numerical,1624788992
1787047200,numerical,1585049600
1787047200,numerical,1409060864
1787047200,numerical,1414885376
1787047201,numerical,1414799360
1787047201,numerical,1374519296
1787047201,numerical,1462648832
1787047202,numerical,1360195584
1787047202,numerical,1596518400
1787047202,numerical,1360023552
1787047202,numerical,1633599488
1787047203,numerical,1603051520
1787047203,numerical,1421656064
1787047203,numerical,1414852608
1787047203,numerical,1421049856
1787047204,numerical,1359147008
1787047204,numerical,1451597824
1787047204,numerical,1359147008
1787047205,numerical,1579253760
1787047205,numerical,1464627200
1787047205,numerical,1595400192
1787047205,numerical,1555120128
1787047206,numerical,1374806016
1787047206,numerical,1466179584
1787047206,numerical,1386160128
1787047207,numerical,1359400960
1787047207,numerical,1428062208
1787047207,numerical,1359400960
1787047207,numerical,1659387904
1787047208,numerical,1387388928
1787047208,numerical,1602514944
1787047208,numerical,1567641600
1787047209,numerical,1389219840
1787047209,numerical,1429680128
1787047209,numerical,1402736640
1787047209,numerical,1359486976
1787047210,numerical,1447612416
1787047210,numerical,1359486976
1787047210,numerical,1579053056
1787047210,numerical,1359585280
1787047211,numerical,1615048704
1787047211,numerical,1592881152
1787047211,numerical,1422569472
1787047212,numerical,1363779584
1787047212,numerical,1435275264
1787047212,numerical,1380126720
1787047212,numerical,1475825664
1787047213,numerical,1359585280
1787047213,numerical,1606991872
1787047213,numerical,1359413248
1787047214,numerical,1637314560
1787047214,numerical,1605955584
1787047214,numerical,1435914240
1787047214,numerical,1372798976
1787047215,numerical,1445105664
1787047215,numerical,1392119808
1787047215,numerical,1485926400
1787047215,numerical,1359413248
1787047216,numerical,1609793536
1787047216,numerical,1359241216
1787047216,numerical,1658499072
1787047217,numerical,1610379264
1787047217,numerical,1420333056
1787047217,numerical,1414946816
1787047217,numerical,1399517184
1787047218,numerical,1416151040
1787047218,numerical,1359241216
1787047218,numerical,1532903424
1787047219,numerical,1690894336
1787047219,numerical,1889374208
1787047219,numerical,1359564800
1787047219,numerical,1895636992
1787047220,numerical,1879445504
1787047220,numerical,1791475712
1787047220,numerical,1828274176
1787047221,numerical,1771012096
1787047221,numerical,1919234048
1787047221,numerical,1558695936
1787047221,numerical,1638502400
1787047222,numerical,1638502400
1787047222,numerical,1638502400
1787047222,numerical,1638502400
1787047222,numerical,1638502400
1787047223,numerical,1638502400
1787047223,numerical,1638502400
1787047223,numerical,1638502400
1787047224,numerical,1638502400
1787047224,numerical,1638502400
1787047224,numerical,1638502400
1787047224,numerical,1638502400
1787047225,numerical,1638502400
1787047225,numerical,1638502400
1787047225,numerical,1638502400
1787047226,numerical,1638502400
1787047226,numerical,1638502400
1787047226,numerical,1638502400
1787047226,numerical,1638502400
1787047227,numerical,1638502400
1787047227,numerical,1638502400
1787047227,numerical,1638502400
1787047228,numerical,1638502400
1787047228,numerical,1638502400
1787047228,numerical,1638502400
1787047228,numerical,1638502400
1787047229,numerical,1638502400
1787047229,numerical,1638502400
1787047229,numerical,1638502400
1787047229,numerical,1638502400
1787047230,numerical,1638502400
1787047230,numerical,1638502400
1787047230,numerical,1718116352
1787047231,numerical,1718116352
1787047231,numerical,1718116352
1787047231,numerical,1718116352
1787047231,numerical,1718116352
1787047232,numerical,1718116352
1787047232,numerical,1718116352
1787047232,numerical,1718116352
1787047233,numerical,1718116352
1787047233,numerical,1718116352
1787047233,numerical,1718116352
1787047233,numerical,1718116352
1787047234,numerical,1718116352
1787047234,numerical,1718116352
1787047234,numerical,1718116352
1787047234,numerical,1718116352
1787047235,numerical,1718116352
1787047235,numerical,1718116352
1787047235,numerical,1718116352
1787047236,numerical,1718116352
1787047236,numerical,1718116352
1787047236,numerical,1718116352
1787047236,numerical,1718427648
1787047237,numerical,1637953536
1787047237,numerical,1637953536
1787047237,numerical,1637953536
1787047238,numerical,1637953536
1787047238,numerical,1637953536
1787047238,numerical,1637953536
1787047238,numerical,1637953536
1787047239,numerical,1637953536
1787047239,numerical,1637953536
1787047239,numerical,1637953536
1787047239,numerical,1637953536
1787047240,numerical,1637953536
1787047240,numerical,1637953536
1787047240,numerical,1637953536
1787047241,numerical,1637953536
1787047241,numerical,1637953536
1787047241,numerical,1637953536
1787047241,numerical,1637953536
1787047242,numerical,1637953536
1787047242,numerical,1637953536
1787047242,numerical,1637953536
1787047243,numerical,1637953536
1787047243,numerical,1637953536
1787047243,numerical,1637953536
1787047243,numerical,1637953536
1787047244,numerical,1637953536
1787047244,numerical,1638502400
1787047244,numerical,1638502400
1787047244,numerical,1638502400
1787047245,numerical,1638502400
1787047245,numerical,1638502400
1787047245,numerical,1638502400
1787047246,numerical,1638502400
1787047246,numerical,1638502400
1787047246,numerical,1638502400
1787047246,numerical,1638502400
1787047247,numerical,1638502400
1787047247,numerical,1638502400
1787047247,numerical,1638502400
1787047248,numerical,1638502400
1787047248,numerical,1638502400
1787047248,numerical,1638502400
1787047248,numerical,1638502400
1787047249,numerical,1638502400
1787047249,numerical,1638502400
1787047249,numerical,1638502400
1787047249,numerical,1638502400
1787047250,numerical,1638502400
1787047250,numerical,1572896768
1787047250,numerical,1943732224
1787047251,numerical,1794662400
1787047251,numerical,1832620032
1787047251,numerical,1824325632
1787047251,numerical,1780207616
1787047252,numerical,1773703168
1787047252,numerical,1812402176
1787047252,numerical,1789599744
1787047253,numerical,1887965184
1787047253,numerical,1883750400
1787047253,numerical,1722068992
1787047253,numerical,2147184640
1787047254,numerical,2300829696
1787047254,numerical,1721548800
1787047254,numerical,2053275648
1787047255,numerical,1910931456
1787047255,numerical,1818181632
1787047255,numerical,1847181312
1787047255,numerical,1781121024
1787047256,numerical,1802821632
1787047256,numerical,1803927552
1787047256,numerical,1822580736
1787047256,numerical,1716072448
1787047257,numerical,2091073536
1787047257,numerical,2262573056
1787047257,numerical,1716273152
1787047258,numerical,2009583616
1787047258,numerical,1877118976
1787047258,numerical,1907666944
1787047258,numerical,1811156992
1787047259,numerical,1819865088
1787047259,numerical,1890009088
1787047259,numerical,1763491840
1787047260,numerical,1767817216
1787047260,numerical,1889849344
1787047260,numerical,2030366720
1787047260,numerical,2148880384
1787047261,numerical,1716121600
1787047261,numerical,1959960576
1787047261,numerical,1831821312
1787047262,numerical,1847230464
1787047262,numerical,1747746816
1787047262,numerical,1781141504
1787047262,numerical,1832108032
1787047263,numerical,1716506624
1787047263,numerical,1716506624
1787047263,numerical,2048638976
1787047263,numerical,1938546688
1787047264,numerical,2253631488
1787047264,numerical,1716273152
1787047264,numerical,1889935360
1787047265,numerical,1756237824
1787047265,numerical,1737273344
1787047265,numerical,1823600640
1787047265,numerical,1735933952
1787047266,numerical,1940307968
1787047266,numerical,2022756352
1787047266,numerical,1986809856
1787047267,numerical,2276986880
1787047267,numerical,1746903040
1787047267,numerical,1716088832
1787047267,numerical,1823678464
1787047268,numerical,1818812416
1787047268,numerical,1744396288
1787047268,numerical,1819082752
1787047269,numerical,1841733632
1787047269,numerical,1889751040
1787047269,numerical,2081898496
1787047269,numerical,2349101056
1787047270,numerical,1829019648
1787047270,numerical,1783062528
1787047270,numerical,1902280704
1787047270,numerical,1787502592
1787047271,numerical,1821646848
1787047271,numerical,1894170624
1787047271,numerical,1716023296
1787047272,numerical,1889685504
1787047272,numerical,2175373312
1787047272,numerical,2414448640
1787047272,numerical,1810542592
1787047273,numerical,1716428800
1787047273,numerical,1716506624
1787047273,numerical,1890222080
1787047274,numerical,1780350976
1787047274,numerical,1888165888
1787047274,numerical,1842089984
1787047274,numerical,1918844928
1787047275,numerical,1732849664
1787047275,numerical,2044944384
1787047275,numerical,1716346880
1787047276,numerical,2037575680
1787047276,numerical,1841991680
1787047276,numerical,1836912640
1787047276,numerical,1780285440
1787047277,numerical,1863946240
1787047277,numerical,1815285760
1787047277,numerical,1906925568
1787047277,numerical,1754726400
1787047278,numerical,2083725312
1787047278,numerical,1716170752
1787047278,numerical,1889832960
1787047279,numerical,1716170752
1787047279,numerical,1803104256
1787047279,numerical,1780920320
1787047279,numerical,1803104256
1787047280,numerical,1874583552
1787047280,numerical,1962172416
1787047280,numerical,1834029056
1787047281,numerical,2164002816
1787047281,numerical,1715834880
1787047281,numerical,1889497088
1787047281,numerical,1754488832
1787047282,numerical,1738809344
1787047282,numerical,1826541568
1787047282,numerical,1731121152
1787047283,numerical,1903071232
1787047283,numerical,1936748544
1787047283,numerical,1742450688
1787047283,numerical,2073972736
1787047284,numerical,1716097024
1787047284,numerical,2063376384
1787047284,numerical,1841741824
1787047284,numerical,1885114368
1787047285,numerical,1780461568
1787047285,numerical,1887604736
1787047285,numerical,1833267200
1787047286,numerical,1916260352
1787047286,numerical,1762439168
1787047286,numerical,2093588480
1787047286,numerical,1716789248
1787047287,numerical,1890451456
1787047287,numerical,1716789248
1787047287,numerical,1803722752
1787047288,numerical,1789054976
1787047288,numerical,1723682816
1787047288,numerical,1898938368
1787047288,numerical,1978146816
1787047289,numerical,1854603264
1787047289,numerical,2189332480
1787047289,numerical,1716023296
1787047290,numerical,1856122880
1787047290,numerical,1771978752
1787047290,numerical,1763057664
1787047290,numerical,1781010432
1787047291,numerical,1762029568
1787047291,numerical,1963700224
1787047291,numerical,2033987584
1787047291,numerical,1986138112
1787047292,numerical,2285182976
1787047292,numerical,1761046528
1787047292,numerical,1716715520
1787047293,numerical,1839173632
1787047293,numerical,1831063552
1787047293,numerical,1749024768
1787047293,numerical,1821278208
1787047294,numerical,1841766400
1787047294,numerical,1984000000
1787047294,numerical,2053328896
1787047295,numerical,2320871424
1787047295,numerical,1753665536
1787047295,numerical,1716506624
1787047295,numerical,1716506624
1787047296,numerical,1803440128
1787047296,numerical,1781157888
1787047296,numerical,1803440128
1787047297,numerical,1877282816
1787047297,numerical,1955225600
1787047297,numerical,1813807104
1787047297,numerical,2128871424
1787047298,numerical,1716117504
1787047298,numerical,1889779712
1787047298,numerical,1716117504
1787047298,numerical,1803051008
1787047299,numerical,1780867072
1787047299,numerical,1803051008
1787047299,numerical,1889214464
1787047300,numerical,1964638208
1787047300,numerical,1830821888
1787047300,numerical,2153656320
1787047300,numerical,1716301824
1787047301,numerical,1889964032
1787047301,numerical,1717919744
1787047301,numerical,1716301824
1787047302,numerical,1805139968
1787047302,numerical,1716809728
1787047302,numerical,1911177216
1787047302,numerical,1984978944
1787047303,numerical,1862787072
1787047303,numerical,2198597632
1787047303,numerical,1716637696
1787047303,numerical,1890299904
1787047304,numerical,1749614592
1787047304,numerical,1740963840
1787047304,numerical,1828642816
1787047305,numerical,1738747904
1787047305,numerical,1938612224
1787047305,numerical,2011062272
1787047305,numerical,1921298432
1787047306,numerical,2253852672
1787047306,numerical,1716224000
1787047306,numerical,1850163200
1787047307,numerical,1770369024
1787047307,numerical,1761251328
1787047307,numerical,1781125120
1787047307,numerical,1765388288
1787047308,numerical,1963003904
1787047308,numerical,2033020928
1787047308,numerical,1965023232
1787047309,numerical,2271637504
1787047309,numerical,1725063168
1787047309,numerical,1716686848
1787047309,numerical,1804271616
1787047310,numerical,1794269184
1787047310,numerical,1716064256
1787047310,numerical,1785716736
1787047310,numerical,1967554560
1787047311,numerical,2049953792
1787047311,numerical,1996742656
1787047311,numerical,2286653440
1787047312,numerical,1879773184
1787047312,numerical,2121621504
1787047312,numerical,2380791808
1787047312,numerical,2127769600
1787047313,numerical,2127769600
1787047313,numerical,1590808576
1787047313,numerical,1670615040
1787047314,numerical,1670615040
1787047314,numerical,1670615040
1787047314,numerical,1670615040
1787047314,numerical,1670615040
1787047315,numerical,1670615040
1787047315,numerical,1670615040
1787047315,numerical,1670615040
1787047316,numerical,1670615040
1787047316,numerical,1670615040
1787047316,numerical,1670615040
1787047316,numerical,1670615040
1787047317,numerical,1670615040
1787047317,numerical,1670615040
1787047317,numerical,1670615040
1787047317,numerical,1670615040
1787047318,numerical,1670615040
1787047318,numerical,1670615040
1787047318,numerical,1670615040
1787047319,numerical,1670615040
1787047319,numerical,1670615040
1787047319,numerical,1670615040
1787047319,numerical,1670615040
1787047320,numerical,1670615040
1787047320,numerical,1670615040
1787047320,numerical,1670615040
1787047321,numerical,1670615040
1787047321,numerical,1670615040
1787047321,numerical,1670615040
1787047321,numerical,1670615040
1787047322,numerical,1738825728
1787047322,numerical,1590808576
1787047322,numerical,1749987328
1787047322,numerical,1749987328
1787047323,numerical,1749987328
1787047323,numerical,1749987328
1787047323,numerical,1749987328
1787047324,numerical,1749987328
1787047324,numerical,1750040576
1787047324,numerical,1750040576
1787047324,numerical,1750040576
1787047325,numerical,1750040576
1787047325,numerical,1750040576
1787047325,numerical,1750040576
1787047326,numerical,1750040576
1787047326,numerical,1750040576
1787047326,numerical,1750040576
1787047326,numerical,1750040576
1787047327,numerical,1750040576
1787047327,numerical,1750040576
1787047327,numerical,1750040576
1787047328,numerical,1750040576
1787047328,numerical,1750040576
1787047328,numerical,1750040576
1787047328,numerical,1750040576
1787047329,numerical,1670176768
1787047329,numerical,1670176768
1787047329,numerical,1670176768
1787047329,numerical,1670176768
1787047330,numerical,1670176768
1787047330,numerical,1670176768
1787047330,numerical,1670176768
1787047331,numerical,1670176768
1787047331,numerical,1670176768
1787047331,numerical,1670176768
1787047331,numerical,1670176768
1787047332,numerical,1670176768
1787047332,numerical,1590571008
1787047332,numerical,1590571008
1787047333,numerical,1590571008
1787047333,numerical,1590571008
1787047333,numerical,1590571008
1787047333,numerical,1590571008
1787047334,numerical,1590571008
1787047334,numerical,1590571008
1787047334,numerical,1590571008
1787047334,numerical,1590571008
1787047335,numerical,1590571008
1787047335,numerical,1590571008
1787047335,numerical,1590571008
1787047336,numerical,1590808576
1787047336,numerical,1590808576
1787047336,numerical,1590808576
1787047336,numerical,1590808576
1787047337,numerical,1590808576
1787047337,numerical,1590808576
1787047337,numerical,1590808576
1787047338,numerical,1590808576
1787047338,numerical,1590808576
1787047338,numerical,1590808576
1787047338,numerical,1590808576
1787047339,numerical,1590808576
1787047339,numerical,1670336512
1787047339,numerical,1670336512
1787047340,numerical,1670336512
1787047340,numerical,1670336512
1787047340,numerical,1670336512
1787047340,numerical,1670336512
1787047341,numerical,2005266432
1787047341,numerical,1968885760
1787047341,numerical,1927938048
1787047341,numerical,1740460032
1787047342,numerical,1828687872
1787047342,numerical,1794375680
1787047342,numerical,1770590208
1787047343,numerical,1841954816
1787047343,numerical,1770590208
1787047343,numerical,1971392512
1787047343,numerical,1770205184
1787047344,numerical,2108661760
1787047344,numerical,1895849984
1787047344,numerical,1902125056
1787047345,numerical,1780203520
1787047345,numerical,1882333184
1787047345,numerical,1825792000
1787047345,numerical,1911218176
1787047346,numerical,1768050688
1787047346,numerical,2109267968
1787047346,numerical,1735983104
1787047346,numerical,1909645312
1787047347,numerical,1802866688
1787047347,numerical,1904136192
1787047347,numerical,1780948992
1787047348,numerical,1810149376
1787047348,numerical,1844543488
1787047348,numerical,1936457728
1787047348,numerical,1807519744
1787047349,numerical,2110013440
1787047349,numerical,1721069568
1787047349,numerical,1894731776
1787047350,numerical,1721069568
1787047350,numerical,1808003072
1787047350,numerical,1780805632
1787047350,numerical,1802379264
1787047351,numerical,1875079168
1787047351,numerical,1966723072
1787047351,numerical,1840553984
1787047352,numerical,2180419584
1787047352,numerical,1721438208
1787047352,numerical,1895100416
1787047352,numerical,1740627968
1787047353,numerical,1721704448
1787047353,numerical,1798479872
1787047353,numerical,1715814400
1787047353,numerical,1898426368
1787047354,numerical,1983041536
1787047354,numerical,1870118912
1787047354,numerical,2225934336
1787047355,numerical,1721266176
1787047355,numerical,1775759360
1787047355,numerical,1771814912
1787047355,numerical,1748295680
1787047356,numerical,1830477824
1787047356,numerical,1723478016
1787047356,numerical,1923649536
1787047357,numerical,2005557248
1787047357,numerical,1920749568
1787047357,numerical,2268848128
1787047357,numerical,1729912832
1787047358,numerical,1821773824
1787047358,numerical,1764270080
1787047358,numerical,1742860288
1787047359,numerical,1816088576
1787047359,numerical,1716649984
1787047359,numerical,1915756544
1787047359,numerical,2002264064
1787047360,numerical,1913937920
1787047360,numerical,2266509312
1787047360,numerical,1721290752
1787047360,numerical,1721290752
1787047361,numerical,1785896960
1787047361,numerical,1762377728
1787047361,numerical,1835098112
1787047362,numerical,1742696448
1787047362,numerical,1955860480
1787047362,numerical,2044260352
1787047362,numerical,1996218368
1787047363,numerical,2294181888
1787047363,numerical,1767882752
1787047363,numerical,1721118720
1787047364,numerical,1828438016
1787047364,numerical,1809244160
1787047364,numerical,1719365632
1787047364,numerical,1783074816
1787047365,numerical,1968394240
1787047365,numerical,2064363520
1787047365,numerical,2040381440
1787047365,numerical,2315096064
1787047366,numerical,1792851968
1787047366,numerical,1740406784
1787047366,numerical,1840594944
1787047367,numerical,1821634560
1787047367,numerical,1733214208
1787047367,numerical,1803681792
1787047367,numerical,1843232768
1787047368,numerical,2064723968
1787047368,numerical,2041425920
1787047368,numerical,2315063296
1787047369,numerical,1756471296
1787047369,numerical,1721184256
1787047369,numerical,1822015488
1787047369,numerical,1805254656
1787047370,numerical,1717809152
1787047370,numerical,1784492032
1787047370,numerical,1928888320
1787047371,numerical,2064429056
1787047371,numerical,2043150336
1787047371,numerical,2318405632
1787047371,numerical,1791295488
1787047372,numerical,1738579968
1787047372,numerical,1867800576
1787047372,numerical,1851850752
1787047372,numerical,1766027264
1787047373,numerical,1830277120
1787047373,numerical,1842794496
1787047373,numerical,1890811904
1787047374,numerical,2103533568
1787047374,numerical,2358784000
1787047374,numerical,1845460992
1787047374,numerical,1794367488
1787047375,numerical,1910071296
1787047375,numerical,1792589824
1787047375,numerical,1802350592
1787047376,numerical,1865248768
1787047376,numerical,1803169792
1787047376,numerical,1890910208
1787047376,numerical,2126880768
1787047377,numerical,2378162176
1787047377,numerical,1864830976
1787047377,numerical,1817239552
1787047377,numerical,1817657344
1787047378,numerical,1792503808
1787047378,numerical,1812807680
1787047378,numerical,1873543168
1787047379,numerical,1717161984
1787047379,numerical,1890824192
1787047379,numerical,2157883392
1787047379,numerical,2398535680
1787047380,numerical,1885212672
1787047380,numerical,1839255552
1787047380,numerical,1817755648
1787047381,numerical,1737609216
1787047381,numerical,1852645376
1787047381,numerical,1908514816
1787047381,numerical,1717260288
1787047382,numerical,1894703104
1787047382,numerical,2201505792
1787047382,numerical,2419990528
1787047383,numerical,1913696256
1787047383,numerical,1869090816
1787047383,numerical,1815638016
1787047383,numerical,1773391872
1787047384,numerical,1787346944
1787047384,numerical,1812500480
1787047384,numerical,1724923904
1787047384,numerical,1721491456
1787047385,numerical,2251075584
1787047385,numerical,2101432320
1787047385,numerical,1938124800
1787047386,numerical,1896222720
1787047386,numerical,1721319424
1787047386,numerical,1805930496
1787047386,numerical,1715695616
1787047387,numerical,1812328448
1787047387,numerical,1873977344
1787047387,numerical,1721319424
1787047388,numerical,2053029888
1787047388,numerical,1721106432
1787047388,numerical,1894768640
1787047388,numerical,1846751232
1787047389,numerical,1891143680
1787047389,numerical,1780035584
1787047389,numerical,1879212032
1787047390,numerical,1824563200
1787047390,numerical,1920262144
1787047390,numerical,1775710208
1787047390,numerical,2100436992
1787047391,numerical,1721204736
1787047391,numerical,1894866944
1787047391,numerical,1721204736
1787047392,numerical,1808138240
1787047392,numerical,1780944896
1787047392,numerical,1803321344
1787047392,numerical,1865482240
1787047393,numerical,1953882112
1787047393,numerical,1835012096
1787047393,numerical,2157305856
1787047393,numerical,1721303040
1787047394,numerical,1894965248
1787047394,numerical,1749143552
1787047394,numerical,1730101248
1787047395,numerical,1812418560
1787047395,numerical,1717080064
1787047395,numerical,1919635456
1787047395,numerical,1988091904
1787047396,numerical,1867075584
1787047396,numerical,2214875136
1787047396,numerical,1717526528
1787047397,numerical,1839075328
1787047397,numerical,1760141312
1787047397,numerical,1759412224
1787047397,numerical,1835048960
1787047398,numerical,1737854976
1787047398,numerical,1941360640
1787047398,numerical,2028138496
1787047399,numerical,1968611328
1787047399,numerical,2283876352
1787047399,numerical,1873813504
1787047399,numerical,2165075968
1787047400,numerical,2077302784
1787047400,numerical,2132815872
1787047400,numerical,2132815872
1787047400,numerical,1661460480
1787047401,numerical,1681821696
1787047401,numerical,1741266944
1787047401,numerical,1741266944
1787047402,numerical,1741266944
1787047402,numerical,1741266944
1787047402,numerical,1741266944
1787047402,numerical,1741266944
1787047403,numerical,1741266944
1787047403,numerical,1741266944
1787047403,numerical,1741266944
1787047404,numerical,1741266944
1787047404,numerical,1741266944
1787047404,numerical,1741266944
1787047404,numerical,1741266944
1787047405,numerical,1741266944
1787047405,numerical,1741266944
1787047405,numerical,1741266944
1787047405,numerical,1741266944
1787047406,numerical,1741266944
1787047406,numerical,1741266944
1787047406,numerical,1741266944
1787047407,numerical,1741266944
1787047407,numerical,1741266944
1787047407,numerical,1741266944
1787047407,numerical,1741266944
1787047408,numerical,1741266944
1787047408,numerical,1741266944
1787047408,numerical,1741266944
1787047409,numerical,1741266944
1787047409,numerical,1741266944
1787047409,numerical,1741266944
1787047409,numerical,1661460480
1787047410,numerical,1661263872
1787047410,numerical,1820327936
1787047410,numerical,1820327936
1787047411,numerical,1820327936
1787047411,numerical,1820327936
1787047411,numerical,1820327936
1787047411,numerical,1820327936
1787047412,numerical,1820327936
1787047412,numerical,1820327936
1787047412,numerical,1820327936
1787047412,numerical,1820327936
1787047413,numerical,1820327936
1787047413,numerical,1820327936
1787047413,numerical,1820327936
1787047414,numerical,1820327936
1787047414,numerical,1820327936
1787047414,numerical,1820327936
1787047414,numerical,1820327936
1787047415,numerical,1820327936
1787047415,numerical,1820327936
1787047415,numerical,1820327936
1787047416,numerical,1820327936
1787047416,numerical,1820327936
1787047416,numerical,1740804096
1787047416,numerical,1740804096
1787047417,numerical,1740804096
1787047417,numerical,1740804096
1787047417,numerical,1740804096
1787047418,numerical,1740804096
1787047418,numerical,1740804096
1787047418,numerical,1740804096
1787047418,numerical,1740804096
1787047419,numerical,1740804096
1787047419,numerical,1740804096
1787047419,numerical,1740804096
1787047419,numerical,1661059072
1787047420,numerical,1661059072
1787047420,numerical,1661059072
1787047420,numerical,1661059072
1787047421,numerical,1661059072
1787047421,numerical,1661059072
1787047421,numerical,1661059072
1787047421,numerical,1661059072
1787047422,numerical,1661059072
1787047422,numerical,1661059072
1787047422,numerical,1661059072
1787047423,numerical,1661059072
1787047423,numerical,1661059072
1787047423,numerical,1661460480
1787047423,numerical,1661460480
1787047424,numerical,1661460480
1787047424,numerical,1661460480
1787047424,numerical,1661460480
1787047425,numerical,1661460480
1787047425,numerical,1661460480
1787047425,numerical,1661460480
1787047425,numerical,1661460480
1787047426,numerical,1661460480
1787047426,numerical,1661460480
1787047426,numerical,1661460480
1787047426,numerical,1661460480
1787047427,numerical,1660964864
1787047427,numerical,1660964864
1787047427,numerical,1660964864
1787047428,numerical,1660964864
1787047428,numerical,1660964864
1787047428,numerical,1660964864
1787047428,numerical,2096513024
1787047429,numerical,2033967104
1787047429,numerical,1930055680
1787047429,numerical,1883877376
1787047430,numerical,1813913600
1787047430,numerical,1937862656
1787047430,numerical,1996255232
1787047430,numerical,1803239424
1787047431,numerical,1976901632
1787047431,numerical,2287452160
1787047431,numerical,2484584448
1787047431,numerical,1951797248
1787047432,numerical,1892864000
1787047432,numerical,1995862016
1787047432,numerical,1802846208
1787047433,numerical,1918816256
1787047433,numerical,1984237568
1787047433,numerical,1802846208
1787047433,numerical,1976508416
1787047434,numerical,2236190720
1787047434,numerical,2459811840
1787047434,numerical,1921888256
1787047435,numerical,1860251648
1787047435,numerical,1979469824
1787047435,numerical,1905909760
1787047435,numerical,1875931136
1787047436,numerical,1942704128
1787047436,numerical,1928318976
1787047436,numerical,1976336384
1787047436,numerical,2196549632
1787047437,numerical,2432065536
1787047437,numerical,1890627584
1787047437,numerical,1833316352
1787047438,numerical,1948749824
1787047438,numerical,1931988992
1787047438,numerical,1852780544
1787047438,numerical,1914687488
1787047439,numerical,1928687616
1787047439,numerical,1976705024
1787047439,numerical,2156572672
1787047440,numerical,2409410560
1787047440,numerical,1849049088
1787047440,numerical,1802825728
1787047440,numerical,1905819648
1787047441,numerical,1885802496
1787047441,numerical,1804984320
1787047441,numerical,1875001344
1787047442,numerical,2035040256
1787047442,numerical,2149933056
1787047442,numerical,2107486208
1787047442,numerical,2389229568
1787047443,numerical,1827246080
1787047443,numerical,1802649600
1787047443,numerical,1879691264
1787047443,numerical,1857794048
1787047444,numerical,1856860160
1787047444,numerical,1845088256
1787047444,numerical,2040270848
1787047445,numerical,2120290304
1787047445,numerical,2034053120
1787047445,numerical,2355806208
1787047445,numerical,1802747904
1787047446,numerical,1976410112
1787047446,numerical,1833832448
1787047446,numerical,1816801280
1787047447,numerical,1886404608
1787047447,numerical,1803005952
1787047447,numerical,1986768896
1787047447,numerical,2071773184
1787047448,numerical,1928146944
1787047448,numerical,2182500352
1787047448,numerical,1802891264
1787047449,numerical,1974874112
1787047449,numerical,1803239424
1787047449,numerical,1864847360
1787047449,numerical,1803239424
1787047450,numerical,1803239424
1787047450,numerical,1954893824
1787047450,numerical,1854058496
1787047450,numerical,1887580160
1787047451,numerical,1976901632
1787047451,numerical,2179280896
1787047451,numerical,2340995072
1787047452,numerical,1802805248
1787047452,numerical,2049347584
1787047452,numerical,1935265792
1787047452,numerical,1982844928
1787047453,numerical,1930399744
1787047453,numerical,1837404160
1787047453,numerical,1870385152
1787047454,numerical,1998524416
1787047454,numerical,2013933568
1787047454,numerical,1802805248
1787047454,numerical,2334183424
1787047455,numerical,2422906880
1787047455,numerical,1802903552
1787047455,numerical,2128457728
1787047455,numerical,2007621632
1787047456,numerical,1899872256
1787047456,numerical,1874718720
1787047456,numerical,1857449984
1787047457,numerical,1803239424
1787047457,numerical,1941999616
1787047457,numerical,1965498368
1787047457,numerical,1803239424
1787047458,numerical,2249576448
1787047458,numerical,2379706368
1787047458,numerical,1803128832
1787047459,numerical,2088800256
1787047459,numerical,1968082944
1787047459,numerical,1899761664
1787047459,numerical,1901301760
1787047460,numerical,1874493440
1787047460,numerical,1898549248
1787047460,numerical,2008850432
1787047461,numerical,2023178240
1787047461,numerical,1803128832
1787047461,numerical,2341634048
1787047461,numerical,2432249856
1787047462,numerical,1804574720
1787047462,numerical,1976619008
1787047462,numerical,1928601600
1787047462,numerical,1862696960
1787047463,numerical,1905139712
1787047463,numerical,1802956800
1787047463,numerical,1995972608
1787047464,numerical,1928601600
1787047464,numerical,2117353472
1787047464,numerical,1936498688
1787047464,numerical,2105782272
1787047465,numerical,2501283840
1787047465,numerical,1934163968
1787047465,numerical,1802784768
1787047466,numerical,1809268736
1787047466,numerical,1976606720
1787047466,numerical,1802784768
1787047466,numerical,1929740288
1787047467,numerical,1813196800
1787047467,numerical,1847685120
1787047467,numerical,1976446976
1787047468,numerical,2127966208
1787047468,numerical,2230857728
1787047468,numerical,1803030528
1787047468,numerical,1990426624
1787047469,numerical,1818238976
1787047469,numerical,1868886016
1787047469,numerical,1890172928
1787047469,numerical,1810137088
1787047470,numerical,1958137856
1787047470,numerical,1852166144
1787047470,numerical,1881362432
1787047471,numerical,1976901632
1787047471,numerical,2167435264
1787047471,numerical,2331602944
1787047471,numerical,1802874880
1787047472,numerical,2043736064
1787047472,numerical,1926414336
1787047472,numerical,1962098688
1787047473,numerical,1907220480
1787047473,numerical,1810980864
1787047473,numerical,1839366144
1787047473,numerical,1966424064
1787047474,numerical,1985617920
1787047474,numerical,1802874880
1787047474,numerical,2288119808
1787047475,numerical,2399825920
1787047475,numerical,1802702848
1787047475,numerical,2144133120
1787047475,numerical,2029510656
1787047476,numerical,1802702848
1787047476,numerical,1841086464
1787047476,numerical,1945436160
1787047476,numerical,1957060608
1787047477,numerical,1928347648
1787047477,numerical,2077360128
1787047477,numerical,1870553088
1787047478,numerical,2047946752
1787047478,numerical,2474524672
1787047478,numerical,1886887936
1787047478,numerical,1976463360
1787047479,numerical,1928445952
1787047479,numerical,1921859584
1787047479,numerical,1802801152
1787047480,numerical,1869029376
1787047480,numerical,1899433984
1787047480,numerical,1802801152
1787047480,numerical,2150342656
1787047481,numerical,2035724288
1787047481,numerical,2167091200
1787047481,numerical,1987031040
1787047482,numerical,1976459264
1787047482,numerical,1810587648
1787047482,numerical,1870921728
1787047482,numerical,1889923072
1787047483,numerical,1834377216
1787047483,numerical,1973792768
1787047483,numerical,1870131200
1787047483,numerical,1836851200
1787047484,numerical,1976901632
1787047484,numerical,2100056064
1787047484,numerical,2181959680
1787047485,numerical,1833697280
1787047485,numerical,1982509056
1787047485,numerical,1816915968
1787047485,numerical,1874444288
1787047486,numerical,1889742848
1787047486,numerical,1808547840
1787047486,numerical,1948786688
1787047487,numerical,1834704896
1787047487,numerical,1864171520
1787047487,numerical,1976471552
1787047487,numerical,2144194560
1787047488,numerical,2271027200
1787047488,numerical,1802838016
1787047488,numerical,2022940672
1787047489,numerical,1899241472
1787047489,numerical,1934303232
1787047489,numerical,1855725568
1787047489,numerical,1902972928
1787047490,numerical,1889771520
1787047490,numerical,1917186048
1787047490,numerical,1938001920
1787047490,numerical,1802838016
1787047491,numerical,2221473792
1787047491,numerical,2363727872
1787047491,numerical,1803100160
1787047492,numerical,2081001472
1787047492,numerical,1962594304
1787047492,numerical,1996115968
1787047492,numerical,1935560704
1787047493,numerical,1841213440
1787047493,numerical,1854189568
1787047493,numerical,1971515392
1787047494,numerical,1990979584
1787047494,numerical,1803100160
1787047494,numerical,2301054976
1787047494,numerical,2406539264
1787047495,numerical,1870495744
1787047495,numerical,2023026688
1787047495,numerical,2388541440
1787047496,numerical,2312069120
1787047496,numerical,2214416384
1787047496,numerical,2214416384
1787047496,numerical,1677455360
1787047497,numerical,1677455360
1787047497,numerical,1677455360
1787047497,numerical,1677455360
1787047497,numerical,1677455360
1787047498,numerical,1677455360
1787047498,numerical,1677455360
1787047498,numerical,1677455360
1787047499,numerical,1677455360
1787047499,numerical,1677455360
1787047499,numerical,1677455360
1787047499,numerical,1677455360
1787047500,numerical,1677455360
1787047500,numerical,1677455360
1787047500,numerical,1677455360
1787047501,numerical,1677455360
1787047501,numerical,1677455360
1787047501,numerical,1677455360
1787047501,numerical,1677455360
1787047502,numerical,1677455360
1787047502,numerical,1677455360
1787047502,numerical,1677455360
1787047503,numerical,1677455360
1787047503,numerical,1677455360
1787047503,numerical,1677455360
1787047503,numerical,1677455360
1787047504,numerical,1677455360
1787047504,numerical,1677455360
1787047504,numerical,1677455360
1787047504,numerical,1677455360
1787047505,numerical,1677455360
1787047505,numerical,1677455360
1787047505,numerical,1757261824
1787047506,numerical,1677455360
1787047506,numerical,1757077504
1787047506,numerical,1757077504
1787047506,numerical,1757077504
1787047507,numerical,1757077504
1787047507,numerical,1757077504
1787047507,numerical,1757077504
1787047508,numerical,1757077504
1787047508,numerical,1757077504
1787047508,numerical,1757077504
1787047508,numerical,1757077504
1787047509,numerical,1757077504
1787047509,numerical,1757077504
1787047509,numerical,1757077504
1787047509,numerical,1757077504
1787047510,numerical,1757077504
1787047510,numerical,1757077504
1787047510,numerical,1757077504
1787047511,numerical,1757077504
1787047511,numerical,1757077504
1787047511,numerical,1757077504
1787047511,numerical,1757077504
1787047512,numerical,1757077504
1787047512,numerical,1757077504
1787047512,numerical,1677213696
1787047513,numerical,1677213696
1787047513,numerical,1677213696
1787047513,numerical,1677213696
1787047513,numerical,1677213696
1787047514,numerical,1677213696
1787047514,numerical,1677213696
1787047514,numerical,1677213696
1787047514,numerical,1677213696
1787047515,numerical,1677213696
1787047515,numerical,1677213696
1787047515,numerical,1677213696
1787047516,numerical,1677213696
1787047516,numerical,1677213696
1787047516,numerical,1677213696
1787047516,numerical,1677213696
1787047517,numerical,1677213696
1787047517,numerical,1677213696
1787047517,numerical,1677213696
1787047518,numerical,1677213696
1787047518,numerical,1677213696
1787047518,numerical,1677213696
1787047518,numerical,1677213696
1787047519,numerical,1677213696
1787047519,numerical,1677213696
1787047519,numerical,1677213696
1787047519,numerical,1677213696
1787047520,numerical,1677213696
1787047520,numerical,1677213696
1787047520,numerical,1677213696
1787047521,numerical,1677213696
1787047521,numerical,1677455360
1787047521,numerical,1677455360
1787047521,numerical,1677455360
1787047522,numerical,1677455360
1787047522,numerical,1677455360
1787047522,numerical,1677455360
1787047522,numerical,1677455360
1787047523,numerical,1677455360
1787047523,numerical,1677455360
1787047523,numerical,1677455360
1787047524,numerical,1677455360
1787047524,numerical,1677455360
1787047524,numerical,1677455360
1787047524,numerical,1677455360
1787047525,numerical,1677455360
1787047525,numerical,1669967872
1787047525,numerical,1597648896
1787047526,numerical,1597648896
1787047526,numerical,1597648896
1787047526,numerical,1597648896
1787047526,numerical,1597648896
1787047527,numerical,1597648896
1787047527,numerical,1817800704
1787047527,numerical,1723432960
1787047527,numerical,1982623744
1787047528,numerical,1833320448
1787047528,numerical,1845202944
1787047528,numerical,1723432960
1787047529,numerical,1770000384
1787047529,numerical,1792278528
1787047529,numerical,1804169216
1787047529,numerical,1708957696
1787047530,numerical,2040893440
1787047530,numerical,1854222336
1787047530,numerical,2034933760
1787047531,numerical,1888481280
1787047531,numerical,1870606336
1787047531,numerical,1708417024
1787047531,numerical,1731391488
1787047532,numerical,1858449408
1787047532,numerical,1717686272
1787047532,numerical,1788686336
1787047533,numerical,1871024128
1787047533,numerical,1971712000
1787047533,numerical,1966575616
1787047533,numerical,1734238208
1787047534,numerical,2220871680
1787047534,numerical,2372018176
1787047534,numerical,1774620672
1787047534,numerical,1895301120
1787047535,numerical,1847283712
1787047535,numerical,1747587072
1787047535,numerical,1741369344
1787047536,numerical,1770594304
1787047536,numerical,1755283456
1787047536,numerical,1859350528
1787047536,numerical,1865568256
1787047537,numerical,1721638912
1787047537,numerical,2143539200
1787047537,numerical,2292555776
1787047538,numerical,1721655296
1787047538,numerical,2019291136
1787047538,numerical,1897369600
1787047538,numerical,1914671104
1787047539,numerical,1823297536
1787047539,numerical,1827348480
1787047539,numerical,1849946112
1787047540,numerical,1770696704
1787047540,numerical,1775833088
1787047540,numerical,1894080512
1787047540,numerical,2034970624
1787047541,numerical,2127478784
1787047541,numerical,1721483264
1787047541,numerical,1932611584
1787047541,numerical,1787981824
1787047542,numerical,1807716352
1787047542,numerical,1808416768
1787047542,numerical,1779601408
1787047543,numerical,1772699648
1787047543,numerical,1812836352
1787047543,numerical,1842647040
1787047543,numerical,2012745728
1787047544,numerical,1802579968
1787047544,numerical,1976999936
1787047544,numerical,2415755264
1787047545,numerical,1834577920
1787047545,numerical,1855791104
1787047545,numerical,1768050688
1787047545,numerical,1808625664
1787047546,numerical,1804570624
1787047546,numerical,1848008704
1787047546,numerical,1827102720
1787047547,numerical,1720614912
1787047547,numerical,2067722240
1787047547,numerical,1878102016
1787047547,numerical,2055495680
1787047548,numerical,1801842688
1787047548,numerical,1884958720
1787047548,numerical,1734651904
1787047549,numerical,1759903744
1787047549,numerical,1885548544
1787047549,numerical,1737269248
1787047549,numerical,1723899904
1787047550,numerical,1891237888
1787047550,numerical,1843048448
1787047550,numerical,1975062528
1787047551,numerical,1750290432
1787047551,numerical,1942573056
1787047551,numerical,2382159872
1787047551,numerical,1789657088
1787047552,numerical,1895317504
1787047552,numerical,1847300096
1787047552,numerical,1762471936
1787047553,numerical,1758687232
1787047553,numerical,1799151616
1787047553,numerical,1781219328
1787047553,numerical,1885589504
1787047554,numerical,1889914880
1787047554,numerical,1721655296
1787047554,numerical,2172981248
1787047554,numerical,2310094848
1787047555,numerical,1721622528
1787047555,numerical,2044129280
1787047555,numerical,1910853632
1787047556,numerical,1818255360
1787047556,numerical,1840836608
1787047556,numerical,1780768768
1787047556,numerical,1803276288
1787047557,numerical,1788776448
1787047557,numerical,1793912832
1787047557,numerical,1890803712
1787047558,numerical,2058997760
1787047558,numerical,2206924800
1787047558,numerical,1721720832
1787047558,numerical,1955246080
1787047559,numerical,1809285120
1787047559,numerical,1825058816
1787047559,numerical,1721720832
1787047560,numerical,1780178944
1787047560,numerical,1800749056
1787047560,numerical,1812500480
1787047560,numerical,1720483840
1787047561,numerical,2045964288
1787047561,numerical,1841745920
1787047561,numerical,2021830656
1787047561,numerical,2340704256
1787047562,numerical,1856700416
1787047562,numerical,1721536512
1787047562,numerical,1721536512
1787047563,numerical,1828044800
1787047563,numerical,1819394048
1787047563,numerical,1855942656
1787047563,numerical,1839525888
1787047564,numerical,1938726912
1787047564,numerical,1933860864
1787047564,numerical,1721536512
1787047565,numerical,2230034432
1787047565,numerical,2339303424
1787047565,numerical,1724334080
1787047565,numerical,2068742144
1787047566,numerical,1954119680
1787047566,numerical,1778544640
1787047566,numerical,1793114112
1787047567,numerical,1731469312
1787047567,numerical,1715781632
1787047567,numerical,1821335552
1787047567,numerical,1822142464
1787047568,numerical,1801306112
1787047568,numerical,2082750464
1787047568,numerical,2254000128
1787047568,numerical,1721487360
1787047569,numerical,1975627776
1787047569,numerical,1840922624
1787047569,numerical,1856765952
1787047570,numerical,1757409280
1787047570,numerical,1780404224
1787047570,numerical,1829203968
1787047570,numerical,1717006336
1787047571,numerical,1717006336
1787047571,numerical,2064113664
1787047571,numerical,1867194368
1787047572,numerical,2046210048
1787047572,numerical,1981812736
1787047572,numerical,1874862080
1787047572,numerical,1721585664
1787047573,numerical,1721585664
1787047573,numerical,1840799744
1787047573,numerical,1829986304
1787047574,numerical,1787211776
1787047574,numerical,1848463360
1787047574,numerical,1950670848
1787047574,numerical,1942020096
1787047575,numerical,1721585664
1787047575,numerical,2247925760
1787047575,numerical,2350166016
1787047575,numerical,1736396800
1787047576,numerical,2069180416
1787047576,numerical,1958752256
1787047576,numerical,1818574848
1787047577,numerical,1862508544
1787047577,numerical,1717227520
1787047577,numerical,1764655104
1787047577,numerical,1810558976
1787047578,numerical,1816506368
1787047578,numerical,1895550976
1787047578,numerical,2077089792
1787047579,numerical,2248536064
1787047579,numerical,1721700352
1787047579,numerical,1967427584
1787047579,numerical,1829289984
1787047580,numerical,1843077120
1787047580,numerical,1736294400
1787047580,numerical,1780088832
1787047581,numerical,1806405632
1787047581,numerical,1817071616
1787047581,numerical,1720463360
1787047581,numerical,2050539520
1787047582,numerical,1850376192
1787047582,numerical,2034257920
1787047582,numerical,2109497344
1787047582,numerical,1872371712
1787047583,numerical,1721798656
1787047583,numerical,1727741952
1787047583,numerical,1852096512
1787047584,numerical,1776009216
1787047584,numerical,1788674048
1787047584,numerical,1862361088
1787047584,numerical,1960886272
1787047585,numerical,1951424512
1787047585,numerical,1721798656
1787047585,numerical,2260574208
1787047586,numerical,2359570432
1787047586,numerical,1755414528
1787047586,numerical,1895288832
1787047586,numerical,1972031488
1787047587,numerical,1722068992
1787047587,numerical,1793548288
1787047587,numerical,1749012480
1787047588,numerical,1728647168
1787047588,numerical,1837342720
1787047588,numerical,1840300032
1787047588,numerical,1722068992
1787047589,numerical,2111139840
1787047589,numerical,2270765056
1787047589,numerical,1721909248
1787047589,numerical,1987178496
1787047590,numerical,1853829120
1787047590,numerical,1873293312
1787047590,numerical,1774620672
1787047591,numerical,1781649408
1787047591,numerical,1856253952
1787047591,numerical,1720672256
1787047591,numerical,1723641856
1787047592,numerical,1988550656
1787047592,numerical,1926418432
1787047592,numerical,2084888576
1787047593,numerical,1721606144
1787047593,numerical,1895268352
1787047593,numerical,1971122176
1787047594,numerical,1721606144
1787047594,numerical,1732976640
1787047594,numerical,1757741056
1787047594,numerical,1738997760
1787047595,numerical,1847422976
1787047595,numerical,1853816832
1787047595,numerical,1722068992
1787047596,numerical,2112094208
1787047596,numerical,2272444416
1787047596,numerical,1721819136
1787047596,numerical,1987596288
1787047597,numerical,1846726656
1787047597,numerical,1864097792
1787047597,numerical,1760505856
1787047597,numerical,1781035008
1787047598,numerical,1837780992
1787047598,numerical,1720582144
1787047598,numerical,1720582144
1787047599,numerical,2067689472
1787047599,numerical,1899134976
1787047599,numerical,2073014272
1787047599,numerical,1721626624
1787047600,numerical,2122792960
1787047600,numerical,2186317824
1787047600,numerical,2294169600
1787047601,numerical,2386567168
1787047601,numerical,2133245952
1787047601,numerical,2133245952
1787047601,numerical,1661890560
1787047602,numerical,1741697024
1787047602,numerical,1741697024
1787047602,numerical,1741697024
1787047603,numerical,1741697024
1787047603,numerical,1741697024
1787047603,numerical,1741697024
1787047603,numerical,1741697024
1787047604,numerical,1741697024
1787047604,numerical,1741697024
1787047604,numerical,1741697024
1787047604,numerical,1741697024
1787047605,numerical,1741697024
1787047605,numerical,1741697024
1787047605,numerical,1741697024
1787047606,numerical,1741697024
1787047606,numerical,1741697024
1787047606,numerical,1741697024
1787047606,numerical,1741697024
1787047607,numerical,1741697024
1787047607,numerical,1741697024
1787047607,numerical,1741697024
1787047608,numerical,1741697024
1787047608,numerical,1741697024
1787047608,numerical,1741697024
1787047608,numerical,1741697024
1787047609,numerical,1741697024
1787047609,numerical,1741697024
1787047609,numerical,1741697024
1787047609,numerical,1741697024
1787047610,numerical,1741697024
1787047610,numerical,1741697024
1787047610,numerical,1661890560
1787047611,numerical,1684959232
1787047611,numerical,1820938240
1787047611,numerical,1820938240
1787047611,numerical,1820938240
1787047612,numerical,1820938240
1787047612,numerical,1820938240
1787047612,numerical,1820938240
1787047613,numerical,1820938240
1787047613,numerical,1820938240
1787047613,numerical,1820938240
1787047613,numerical,1820938240
1787047614,numerical,1820938240
1787047614,numerical,1820938240
1787047614,numerical,1820938240
1787047614,numerical,1820938240
1787047615,numerical,1820938240
1787047615,numerical,1820938240
1787047615,numerical,1820938240
1787047616,numerical,1820938240
1787047616,numerical,1820938240
1787047616,numerical,1820938240
1787047616,numerical,1820938240
1787047617,numerical,1820938240
1787047617,numerical,1820938240
1787047617,numerical,1741139968
1787047618,numerical,1741139968
1787047618,numerical,1741139968
1787047618,numerical,1741139968
1787047618,numerical,1741139968
1787047619,numerical,1741139968
1787047619,numerical,1741139968
1787047619,numerical,1741139968
1787047619,numerical,1741139968
1787047620,numerical,1741139968
1787047620,numerical,1741139968
1787047620,numerical,1741139968
1787047621,numerical,1661394944
1787047621,numerical,1661394944
1787047621,numerical,1661394944
1787047621,numerical,1661394944
1787047622,numerical,1661394944
1787047622,numerical,1661394944
1787047622,numerical,1661394944
1787047623,numerical,1661394944
1787047623,numerical,1661394944
1787047623,numerical,1661394944
1787047623,numerical,1661394944
1787047624,numerical,1661394944
1787047624,numerical,1661394944
1787047624,numerical,1661394944
1787047624,numerical,1661394944
1787047625,numerical,1661394944
1787047625,numerical,1661890560
1787047625,numerical,1661890560
1787047626,numerical,1661890560
1787047626,numerical,1661890560
1787047626,numerical,1661890560
1787047626,numerical,1661890560
1787047627,numerical,1661890560
1787047627,numerical,1661890560
1787047627,numerical,1661890560
1787047628,numerical,1661890560
1787047628,numerical,1661890560
1787047628,numerical,1661890560
1787047628,numerical,1661890560
1787047629,numerical,1661890560
1787047629,numerical,1661890560
1787047629,numerical,1741107200
1787047629,numerical,1741107200
1787047630,numerical,1741107200
1787047630,numerical,1741107200
1787047630,numerical,1741107200
1787047631,numerical,1741107200
1787047631,numerical,1675501568
1787047631,numerical,2046922752
1787047631,numerical,1944813568
1787047632,numerical,1804165120
1787047632,numerical,1836670976
1787047632,numerical,1738387456
1787047633,numerical,1770491904
1787047633,numerical,1928327168
1787047633,numerical,1809379328
1787047633,numerical,1824247808
1787047634,numerical,1944387584
1787047634,numerical,2091737088
1787047634,numerical,2245177344
1787047634,numerical,1770139648
1787047635,numerical,2017222656
1787047635,numerical,1889624064
1787047635,numerical,1915576320
1787047636,numerical,1831772160
1787047636,numerical,1833934848
1787047636,numerical,1803337728
1787047636,numerical,1831268352
1787047637,numerical,1854787584
1787047637,numerical,1717190656
1787047637,numerical,2139181056
1787047638,numerical,2283593728
1787047638,numerical,1717559296
1787047638,numerical,2004922368
1787047638,numerical,1884082176
1787047639,numerical,1814192128
1787047639,numerical,1860292608
1787047639,numerical,1768730624
1787047640,numerical,1788678144
1787047640,numerical,1907601408
1787047640,numerical,1920036864
1787047640,numerical,1717559296
1787047641,numerical,2237919232
1787047641,numerical,2336915456
1787047641,numerical,1717354496
1787047641,numerical,1970909184
1787047642,numerical,1956044800
1787047642,numerical,1758711808
1787047642,numerical,1795747840
1787047643,numerical,1810296832
1787047643,numerical,1876602880
1787047643,numerical,1842999296
1787047643,numerical,1997418496
1787047644,numerical,1806831616
1787047644,numerical,1979359232
1787047644,numerical,2403786752
1787047645,numerical,1826123776
1787047645,numerical,1731952640
1787047645,numerical,1717182464
1787047645,numerical,1871540224
1787047646,numerical,1773137920
1787047646,numerical,1791545344
1787047646,numerical,1813565440
1787047647,numerical,1717182464
1787047647,numerical,2064289792
1787047647,numerical,1949396992
1787047647,numerical,2088943616
1787047648,numerical,1717551104
1787047648,numerical,1893437440
1787047648,numerical,1747988480
1787047648,numerical,1803321344
1787047649,numerical,1717551104
1787047649,numerical,1781194752
1787047649,numerical,1873014784
1787047650,numerical,1765126144
1787047650,numerical,1800540160
1787047650,numerical,1891213312
1787047650,numerical,2075471872
1787047651,numerical,2245287936
1787047651,numerical,1717645312
1787047651,numerical,1958240256
1787047652,numerical,1841184768
1787047652,numerical,1879031808
1787047652,numerical,1821450240
1787047652,numerical,1781510144
1787047653,numerical,1725505536
1787047653,numerical,1867948032
1787047653,numerical,1893089280
1787047653,numerical,1717645312
1787047654,numerical,2185744384
1787047654,numerical,2309345280
1787047654,numerical,1717358592
1787047655,numerical,2055270400
1787047655,numerical,1936596992
1787047655,numerical,1717358592
1787047655,numerical,1738711040
1787047656,numerical,1828544512
1787047656,numerical,1838759936
1787047656,numerical,1958223872
1787047657,numerical,1965522944
1787047657,numerical,1737629696
1787047657,numerical,1937195008
1787047657,numerical,2374053888
1787047658,numerical,1773142016
1787047658,numerical,1890848768
1787047658,numerical,1842831360
1787047659,numerical,1823694848
1787047659,numerical,1731674112
1787047659,numerical,1737482240
1787047659,numerical,1813032960
1787047660,numerical,1717186560
1787047660,numerical,2059427840
1787047660,numerical,1888034816
1787047661,numerical,2056777728
1787047661,numerical,2097397760
1787047661,numerical,1873534976
1787047661,numerical,1717284864
1787047662,numerical,1770536960
1787047662,numerical,1804218368
1787047662,numerical,1779728384
1787047662,numerical,1858150400
1787047663,numerical,1745125376
1787047663,numerical,1781350400
1787047663,numerical,1890947072
1787047664,numerical,2065473536
1787047664,numerical,2210426880
1787047664,numerical,1717383168
1787047664,numerical,1955004416
1787047665,numerical,1838219264
1787047665,numerical,1866047488
1787047665,numerical,1800081408
1787047666,numerical,1835466752
1787047666,numerical,1800118272
1787047666,numerical,1843605504
1787047666,numerical,1865809920
1787047667,numerical,1717637120
1787047667,numerical,2147713024
1787047667,numerical,2287853568
1787047668,numerical,1717223424
1787047668,numerical,2013237248
1787047668,numerical,1897213952
1787047668,numerical,1814409216
1787047669,numerical,1789255680
1787047669,numerical,1779490816
1787047669,numerical,1801601024
1787047669,numerical,1925931008
1787047670,numerical,1937285120
1787047670,numerical,1717776384
1787047670,numerical,2256379904
1787047671,numerical,2350239744
1787047671,numerical,1717432320
1787047671,numerical,1891094528
1787047671,numerical,1843077120
1787047672,numerical,1777983488
1787047672,numerical,1813127168
1787047672,numerical,1788125184
1787047673,numerical,1893441536
1787047673,numerical,1843077120
1787047673,numerical,2007228416
1787047673,numerical,1832316928
1787047674,numerical,2000506880
1787047674,numerical,2410606592
1787047674,numerical,1818087424
1787047675,numerical,1763196928
1787047675,numerical,1717260288
1787047675,numerical,1857314816
1787047675,numerical,1753186304
1787047676,numerical,1777541120
1787047676,numerical,1813622784
1787047676,numerical,1717776384
1787047676,numerical,2064883712
1787047677,numerical,1924063232
1787047677,numerical,2073075712
1787047677,numerical,1847185408
1787047678,numerical,1890914304
1787047678,numerical,1743310848
1787047678,numerical,1796567040
1787047678,numerical,1804296192
1787047679,numerical,1781157888
1787047679,numerical,1863094272
1787047679,numerical,1751961600
1787047680,numerical,1791700992
1787047680,numerical,1891024896
1787047680,numerical,2069872640
1787047680,numerical,2228076544
1787047681,numerical,1717190656
1787047681,numerical,1952919552
1787047681,numerical,1829916672
1787047682,numerical,1864519680
1787047682,numerical,1792069632
1787047682,numerical,1831538688
1787047682,numerical,1803923456
1787047683,numerical,1822220288
1787047683,numerical,1841573888
1787047683,numerical,1717776384
1787047683,numerical,2118262784
1787047684,numerical,2270760960
1787047684,numerical,1717161984
1787047684,numerical,1986318336
1787047685,numerical,1870426112
1787047685,numerical,1910345728
1787047685,numerical,1846640640
1787047685,numerical,1730215936
1787047686,numerical,1745297408
1787047686,numerical,1875304448
1787047686,numerical,1897201664
1787047687,numerical,1717161984
1787047687,numerical,2189705216
1787047687,numerical,2312491008
1787047687,numerical,1717260288
1787047688,numerical,2055987200
1787047688,numerical,1935417344
1787047688,numerical,1717260288
1787047688,numerical,1732935680
1787047689,numerical,1820065792
1787047689,numerical,1830551552
1787047689,numerical,1943257088
1787047690,numerical,1951637504
1787047690,numerical,1717260288
1787047690,numerical,2093957120
1787047690,numerical,2361249792
1787047691,numerical,1748713472
1787047691,numerical,1891291136
1787047691,numerical,1843273728
1787047692,numerical,1800617984
1787047692,numerical,1823055872
1787047692,numerical,1788321792
1787047692,numerical,1897422848
1787047693,numerical,1843273728
1787047693,numerical,2002018304
1787047693,numerical,1804132352
1787047694,numerical,1975283712
1787047694,numerical,2399440896
1787047694,numerical,1813667840
1787047694,numerical,1891094528
1787047695,numerical,1717432320
1787047695,numerical,1862328320
1787047695,numerical,1755275264
1787047695,numerical,1769357312
1787047696,numerical,1813278720
1787047696,numerical,1717432320
1787047696,numerical,2058592256
1787047697,numerical,1871519744
1787047697,numerical,2045939712
1787047697,numerical,2200862720
1787047697,numerical,1867563008
1787047698,numerical,1717260288
1787047698,numerical,1740234752
1787047698,numerical,1891082240
1787047699,numerical,1779699712
1787047699,numerical,1809133568
1787047699,numerical,1717260288
1787047699,numerical,1717260288
1787047700,numerical,1890922496
1787047700,numerical,1980190720
1787047700,numerical,2097037312
1787047701,numerical,1717370880
1787047701,numerical,2114064384
1787047701,numerical,2168508416
1787047701,numerical,2294378496
1787047702,numerical,2143129600
1787047702,numerical,2128777216
1787047702,numerical,2249596928
1787047702,numerical,1657597952
1787047703,numerical,1657597952
1787047703,numerical,1657597952
1787047703,numerical,1657597952
1787047704,numerical,1657597952
1787047704,numerical,1657597952
1787047704,numerical,1657597952
1787047704,numerical,1657597952
1787047705,numerical,1577791488
1787047705,numerical,1497985024
1787047705,numerical,1497985024
1787047706,numerical,1497985024
1787047706,numerical,1497985024
1787047706,numerical,1497985024
1787047706,numerical,1497985024
1787047707,numerical,1497985024
1787047707,numerical,1497985024
1787047707,numerical,1497985024
1787047707,numerical,1497985024
1787047708,numerical,1497985024
1787047708,numerical,1497985024
1787047708,numerical,1497985024
1787047709,numerical,1418178560
1787047709,numerical,1418178560
1787047709,numerical,1418178560
1787047709,numerical,1418178560
1787047710,numerical,1418178560
1787047710,numerical,1418178560
1787047710,numerical,1418178560
1787047711,numerical,1418178560
1787047711,numerical,1418178560
1787047711,numerical,1418178560
1787047711,numerical,1418178560
1787047712,numerical,1418178560
1787047712,numerical,1418178560
1787047712,numerical,1418178560
1787047713,numerical,1418178560
1787047713,numerical,1418178560
1787047713,numerical,1418178560
1787047713,numerical,1418178560
1787047714,numerical,1418178560
1787047714,numerical,1418178560
1787047714,numerical,1418178560
1787047714,numerical,1418178560
1787047715,numerical,1418178560
1787047715,numerical,1418178560
1787047715,numerical,1418178560
1787047716,numerical,1418178560
1787047716,numerical,1418178560
1787047716,numerical,1418178560
1787047716,numerical,1418178560
1787047717,numerical,1418178560
1787047717,numerical,1418178560
1787047717,numerical,1418178560
1787047718,numerical,1418178560
1787047718,numerical,1418178560
1787047718,numerical,1418178560
1787047718,numerical,1418178560
1787047719,numerical,1418178560
1787047719,numerical,1418178560
1787047719,numerical,1418178560
1787047719,numerical,1418178560
1787047720,numerical,1033355264
1787047720,restoration,1033564160
1787047720,restoration,1420201984
1787047721,restoration,1506963456
1787047721,restoration,1506963456
1787047721,restoration,1549365248
1787047721,restoration,1507430400
1787047722,restoration,1507430400
1787047722,restoration,1507430400
1787047722,restoration,1507430400
1787047723,restoration,1507430400
1787047723,restoration,1790947328
1787047723,restoration,2211049472
1787047723,restoration,1944133632
1787047724,restoration,2245816320
1787047724,restoration,1573507072
1787047724,restoration,1811513344
1787047725,restoration,2226479104
1787047725,restoration,2451128320
1787047725,restoration,2451128320
1787047725,restoration,2451128320
1787047726,restoration,2516676608
1787047726,restoration,2516676608
1787047726,restoration,2532495360
1787047726,restoration,2581966848
1787047727,restoration,2582331392
1787047727,restoration,2647994368
1787047727,restoration,2647994368
1787047728,restoration,2647994368
1787047728,restoration,2582396928
1787047728,restoration,2496602112
1787047728,restoration,2516606976
1787047729,restoration,2526482432
1787047729,restoration,2581901312
1787047729,restoration,2581901312
1787047730,restoration,2614071296
1787047730,restoration,2647592960
1787047730,restoration,2647592960
1787047730,restoration,2582040576
1787047731,restoration,2450804736
1787047731,restoration,2450804736
1787047731,restoration,2504601600
1787047731,restoration,2516226048
1787047732,restoration,2519998464
1787047732,restoration,2581905408
1787047732,restoration,2581905408
1787047733,restoration,2647597056
1787047733,restoration,2647597056
1787047733,restoration,2594463744
1787047733,restoration,2600951808
1787047734,restoration,2600951808
1787047734,restoration,2600951808
1787047734,restoration,2600951808
1787047735,restoration,2600951808
1787047735,restoration,2450796544
1787047735,restoration,2450796544
1787047735,restoration,2450796544
1787047736,restoration,1947795456
1787047736,restoration,2307883008
1787047736,restoration,2450796544
1787047737,restoration,2450796544
1787047737,restoration,2453319680
1787047737,restoration,2516213760
1787047737,restoration,2516213760
1787047738,restoration,2581905408
1787047738,restoration,2581905408
1787047738,restoration,2581905408
1787047738,restoration,2647597056
1787047739,restoration,2647597056
1787047739,restoration,2582016000
1787047739,restoration,2450780160
1787047740,restoration,2516197376
1787047740,restoration,2516197376
1787047740,restoration,2581889024
1787047740,restoration,2581889024
1787047741,restoration,2581889024
1787047741,restoration,2647580672
1787047741,restoration,2647580672
1787047742,restoration,2581999616
1787047742,restoration,2450763776
1787047742,restoration,2450763776
1787047742,restoration,2461032448
1787047743,restoration,2516180992
1787047743,restoration,2516180992
1787047743,restoration,2582142976
1787047743,restoration,2582142976
1787047744,restoration,2647834624
1787047744,restoration,2648035328
1787047744,restoration,2593497088
1787047745,restoration,2601336832
1787047745,restoration,2601336832
1787047745,restoration,2601336832
1787047745,restoration,2601336832
1787047746,restoration,2601336832
1787047746,restoration,2451181568
1787047746,restoration,2451181568
1787047747,restoration,2451181568
1787047747,restoration,1655177216
1787047747,restoration,2055675904
1787047747,restoration,2366832640
1787047748,restoration,2117672960
1787047748,restoration,2425585664
1787047748,restoration,1953792
