task_schema	task_id	experiment_id	source_commit	bundle_sha256	structure	connectivity	cells_per_worker	rows	workers	firms	active_cores	stata_processors	mata_active_cores	rust_threads	matlab_workers	replicate	seed	execution_order	probes	requested_slots	mem_per_core_gib	command_memory_gib	hard_wall_seconds	estimator_timeout_seconds	sample_contract	target_contract	comparison_contract
VCKSS-COMPARATIVE-SCALING-TASK-V3	1	scale_strong_d2_n7680_c1_r1	e1514185445cab36f930c90a44c5a4e23326e027	fbed59bf26bd6cf641bec0946ff6d32cdfe992786852947c530678dd4c86a026	strong_d2	strong	2	7680	3840	96	1	1	1	1	1	1	104729	mata,rust,matlab	200	16	8	112	43200	10800	same_literal_match_rows_v2	uniform_stored_rows_v1	fresh_process_role_specific_cores_paired_host_time_rss_v3
VCKSS-COMPARATIVE-SCALING-TASK-V3	2	scale_strong_d2_n7680_c1_r2	e1514185445cab36f930c90a44c5a4e23326e027	fbed59bf26bd6cf641bec0946ff6d32cdfe992786852947c530678dd4c86a026	strong_d2	strong	2	7680	3840	96	1	1	1	1	1	2	8675309	rust,matlab,mata	200	16	8	112	43200	10800	same_literal_match_rows_v2	uniform_stored_rows_v1	fresh_process_role_specific_cores_paired_host_time_rss_v3
VCKSS-COMPARATIVE-SCALING-TASK-V3	3	scale_strong_d2_n7680_c1_r3	e1514185445cab36f930c90a44c5a4e23326e027	fbed59bf26bd6cf641bec0946ff6d32cdfe992786852947c530678dd4c86a026	strong_d2	strong	2	7680	3840	96	1	1	1	1	1	3	20260819	matlab,mata,rust	200	16	8	112	43200	10800	same_literal_match_rows_v2	uniform_stored_rows_v1	fresh_process_role_specific_cores_paired_host_time_rss_v3
VCKSS-COMPARATIVE-SCALING-TASK-V3	4	scale_strong_d2_n7680_c2_r1	e1514185445cab36f930c90a44c5a4e23326e027	fbed59bf26bd6cf641bec0946ff6d32cdfe992786852947c530678dd4c86a026	strong_d2	strong	2	7680	3840	96	2	2	2	2	2	1	104729	mata,rust,matlab	200	16	8	112	43200	10800	same_literal_match_rows_v2	uniform_stored_rows_v1	fresh_process_role_specific_cores_paired_host_time_rss_v3
VCKSS-COMPARATIVE-SCALING-TASK-V3	5	scale_strong_d2_n7680_c2_r2	e1514185445cab36f930c90a44c5a4e23326e027	fbed59bf26bd6cf641bec0946ff6d32cdfe992786852947c530678dd4c86a026	strong_d2	strong	2	7680	3840	96	2	2	2	2	2	2	8675309	rust,matlab,mata	200	16	8	112	43200	10800	same_literal_match_rows_v2	uniform_stored_rows_v1	fresh_process_role_specific_cores_paired_host_time_rss_v3
VCKSS-COMPARATIVE-SCALING-TASK-V3	6	scale_strong_d2_n7680_c2_r3	e1514185445cab36f930c90a44c5a4e23326e027	fbed59bf26bd6cf641bec0946ff6d32cdfe992786852947c530678dd4c86a026	strong_d2	strong	2	7680	3840	96	2	2	2	2	2	3	20260819	matlab,mata,rust	200	16	8	112	43200	10800	same_literal_match_rows_v2	uniform_stored_rows_v1	fresh_process_role_specific_cores_paired_host_time_rss_v3
VCKSS-COMPARATIVE-SCALING-TASK-V3	7	scale_strong_d2_n7680_c4_r1	e1514185445cab36f930c90a44c5a4e23326e027	fbed59bf26bd6cf641bec0946ff6d32cdfe992786852947c530678dd4c86a026	strong_d2	strong	2	7680	3840	96	4	4	4	4	4	1	104729	mata,rust,matlab	200	16	8	112	43200	10800	same_literal_match_rows_v2	uniform_stored_rows_v1	fresh_process_role_specific_cores_paired_host_time_rss_v3
VCKSS-COMPARATIVE-SCALING-TASK-V3	8	scale_strong_d2_n7680_c4_r2	e1514185445cab36f930c90a44c5a4e23326e027	fbed59bf26bd6cf641bec0946ff6d32cdfe992786852947c530678dd4c86a026	strong_d2	strong	2	7680	3840	96	4	4	4	4	4	2	8675309	rust,matlab,mata	200	16	8	112	43200	10800	same_literal_match_rows_v2	uniform_stored_rows_v1	fresh_process_role_specific_cores_paired_host_time_rss_v3
VCKSS-COMPARATIVE-SCALING-TASK-V3	9	scale_strong_d2_n7680_c4_r3	e1514185445cab36f930c90a44c5a4e23326e027	fbed59bf26bd6cf641bec0946ff6d32cdfe992786852947c530678dd4c86a026	strong_d2	strong	2	7680	3840	96	4	4	4	4	4	3	20260819	matlab,mata,rust	200	16	8	112	43200	10800	same_literal_match_rows_v2	uniform_stored_rows_v1	fresh_process_role_specific_cores_paired_host_time_rss_v3
VCKSS-COMPARATIVE-SCALING-TASK-V3	10	scale_strong_d2_n7680_c8_r1	e1514185445cab36f930c90a44c5a4e23326e027	fbed59bf26bd6cf641bec0946ff6d32cdfe992786852947c530678dd4c86a026	strong_d2	strong	2	7680	3840	96	8	4	4	8	8	1	104729	mata,rust,matlab	200	16	8	112	43200	10800	same_literal_match_rows_v2	uniform_stored_rows_v1	fresh_process_role_specific_cores_paired_host_time_rss_v3
VCKSS-COMPARATIVE-SCALING-TASK-V3	11	scale_strong_d2_n7680_c8_r2	e1514185445cab36f930c90a44c5a4e23326e027	fbed59bf26bd6cf641bec0946ff6d32cdfe992786852947c530678dd4c86a026	strong_d2	strong	2	7680	3840	96	8	4	4	8	8	2	8675309	rust,matlab,mata	200	16	8	112	43200	10800	same_literal_match_rows_v2	uniform_stored_rows_v1	fresh_process_role_specific_cores_paired_host_time_rss_v3
VCKSS-COMPARATIVE-SCALING-TASK-V3	12	scale_strong_d2_n7680_c8_r3	e1514185445cab36f930c90a44c5a4e23326e027	fbed59bf26bd6cf641bec0946ff6d32cdfe992786852947c530678dd4c86a026	strong_d2	strong	2	7680	3840	96	8	4	4	8	8	3	20260819	matlab,mata,rust	200	16	8	112	43200	10800	same_literal_match_rows_v2	uniform_stored_rows_v1	fresh_process_role_specific_cores_paired_host_time_rss_v3
VCKSS-COMPARATIVE-SCALING-TASK-V3	13	scale_strong_d2_n7680_c16_r1	e1514185445cab36f930c90a44c5a4e23326e027	fbed59bf26bd6cf641bec0946ff6d32cdfe992786852947c530678dd4c86a026	strong_d2	strong	2	7680	3840	96	16	4	4	16	16	1	104729	mata,rust,matlab	200	16	8	112	43200	10800	same_literal_match_rows_v2	uniform_stored_rows_v1	fresh_process_role_specific_cores_paired_host_time_rss_v3
VCKSS-COMPARATIVE-SCALING-TASK-V3	14	scale_strong_d2_n7680_c16_r2	e1514185445cab36f930c90a44c5a4e23326e027	fbed59bf26bd6cf641bec0946ff6d32cdfe992786852947c530678dd4c86a026	strong_d2	strong	2	7680	3840	96	16	4	4	16	16	2	8675309	rust,matlab,mata	200	16	8	112	43200	10800	same_literal_match_rows_v2	uniform_stored_rows_v1	fresh_process_role_specific_cores_paired_host_time_rss_v3
VCKSS-COMPARATIVE-SCALING-TASK-V3	15	scale_strong_d2_n7680_c16_r3	e1514185445cab36f930c90a44c5a4e23326e027	fbed59bf26bd6cf641bec0946ff6d32cdfe992786852947c530678dd4c86a026	strong_d2	strong	2	7680	3840	96	16	4	4	16	16	3	20260819	matlab,mata,rust	200	16	8	112	43200	10800	same_literal_match_rows_v2	uniform_stored_rows_v1	fresh_process_role_specific_cores_paired_host_time_rss_v3
VCKSS-COMPARATIVE-SCALING-TASK-V3	16	scale_strong_d2_n30720_c1_r1	e1514185445cab36f930c90a44c5a4e23326e027	fbed59bf26bd6cf641bec0946ff6d32cdfe992786852947c530678dd4c86a026	strong_d2	strong	2	30720	15360	384	1	1	1	1	1	1	104729	mata,rust,matlab	200	16	8	112	43200	10800	same_literal_match_rows_v2	uniform_stored_rows_v1	fresh_process_role_specific_cores_paired_host_time_rss_v3
VCKSS-COMPARATIVE-SCALING-TASK-V3	17	scale_strong_d2_n30720_c1_r2	e1514185445cab36f930c90a44c5a4e23326e027	fbed59bf26bd6cf641bec0946ff6d32cdfe992786852947c530678dd4c86a026	strong_d2	strong	2	30720	15360	384	1	1	1	1	1	2	8675309	rust,matlab,mata	200	16	8	112	43200	10800	same_literal_match_rows_v2	uniform_stored_rows_v1	fresh_process_role_specific_cores_paired_host_time_rss_v3
VCKSS-COMPARATIVE-SCALING-TASK-V3	18	scale_strong_d2_n30720_c1_r3	e1514185445cab36f930c90a44c5a4e23326e027	fbed59bf26bd6cf641bec0946ff6d32cdfe992786852947c530678dd4c86a026	strong_d2	strong	2	30720	15360	384	1	1	1	1	1	3	20260819	matlab,mata,rust	200	16	8	112	43200	10800	same_literal_match_rows_v2	uniform_stored_rows_v1	fresh_process_role_specific_cores_paired_host_time_rss_v3
VCKSS-COMPARATIVE-SCALING-TASK-V3	19	scale_strong_d2_n30720_c2_r1	e1514185445cab36f930c90a44c5a4e23326e027	fbed59bf26bd6cf641bec0946ff6d32cdfe992786852947c530678dd4c86a026	strong_d2	strong	2	30720	15360	384	2	2	2	2	2	1	104729	mata,rust,matlab	200	16	8	112	43200	10800	same_literal_match_rows_v2	uniform_stored_rows_v1	fresh_process_role_specific_cores_paired_host_time_rss_v3
VCKSS-COMPARATIVE-SCALING-TASK-V3	20	scale_strong_d2_n30720_c2_r2	e1514185445cab36f930c90a44c5a4e23326e027	fbed59bf26bd6cf641bec0946ff6d32cdfe992786852947c530678dd4c86a026	strong_d2	strong	2	30720	15360	384	2	2	2	2	2	2	8675309	rust,matlab,mata	200	16	8	112	43200	10800	same_literal_match_rows_v2	uniform_stored_rows_v1	fresh_process_role_specific_cores_paired_host_time_rss_v3
VCKSS-COMPARATIVE-SCALING-TASK-V3	21	scale_strong_d2_n30720_c2_r3	e1514185445cab36f930c90a44c5a4e23326e027	fbed59bf26bd6cf641bec0946ff6d32cdfe992786852947c530678dd4c86a026	strong_d2	strong	2	30720	15360	384	2	2	2	2	2	3	20260819	matlab,mata,rust	200	16	8	112	43200	10800	same_literal_match_rows_v2	uniform_stored_rows_v1	fresh_process_role_specific_cores_paired_host_time_rss_v3
VCKSS-COMPARATIVE-SCALING-TASK-V3	22	scale_strong_d2_n30720_c4_r1	e1514185445cab36f930c90a44c5a4e23326e027	fbed59bf26bd6cf641bec0946ff6d32cdfe992786852947c530678dd4c86a026	strong_d2	strong	2	30720	15360	384	4	4	4	4	4	1	104729	mata,rust,matlab	200	16	8	112	43200	10800	same_literal_match_rows_v2	uniform_stored_rows_v1	fresh_process_role_specific_cores_paired_host_time_rss_v3
VCKSS-COMPARATIVE-SCALING-TASK-V3	23	scale_strong_d2_n30720_c4_r2	e1514185445cab36f930c90a44c5a4e23326e027	fbed59bf26bd6cf641bec0946ff6d32cdfe992786852947c530678dd4c86a026	strong_d2	strong	2	30720	15360	384	4	4	4	4	4	2	8675309	rust,matlab,mata	200	16	8	112	43200	10800	same_literal_match_rows_v2	uniform_stored_rows_v1	fresh_process_role_specific_cores_paired_host_time_rss_v3
VCKSS-COMPARATIVE-SCALING-TASK-V3	24	scale_strong_d2_n30720_c4_r3	e1514185445cab36f930c90a44c5a4e23326e027	fbed59bf26bd6cf641bec0946ff6d32cdfe992786852947c530678dd4c86a026	strong_d2	strong	2	30720	15360	384	4	4	4	4	4	3	20260819	matlab,mata,rust	200	16	8	112	43200	10800	same_literal_match_rows_v2	uniform_stored_rows_v1	fresh_process_role_specific_cores_paired_host_time_rss_v3
VCKSS-COMPARATIVE-SCALING-TASK-V3	25	scale_strong_d2_n30720_c8_r1	e1514185445cab36f930c90a44c5a4e23326e027	fbed59bf26bd6cf641bec0946ff6d32cdfe992786852947c530678dd4c86a026	strong_d2	strong	2	30720	15360	384	8	4	4	8	8	1	104729	mata,rust,matlab	200	16	8	112	43200	10800	same_literal_match_rows_v2	uniform_stored_rows_v1	fresh_process_role_specific_cores_paired_host_time_rss_v3
VCKSS-COMPARATIVE-SCALING-TASK-V3	26	scale_strong_d2_n30720_c8_r2	e1514185445cab36f930c90a44c5a4e23326e027	fbed59bf26bd6cf641bec0946ff6d32cdfe992786852947c530678dd4c86a026	strong_d2	strong	2	30720	15360	384	8	4	4	8	8	2	8675309	rust,matlab,mata	200	16	8	112	43200	10800	same_literal_match_rows_v2	uniform_stored_rows_v1	fresh_process_role_specific_cores_paired_host_time_rss_v3
VCKSS-COMPARATIVE-SCALING-TASK-V3	27	scale_strong_d2_n30720_c8_r3	e1514185445cab36f930c90a44c5a4e23326e027	fbed59bf26bd6cf641bec0946ff6d32cdfe992786852947c530678dd4c86a026	strong_d2	strong	2	30720	15360	384	8	4	4	8	8	3	20260819	matlab,mata,rust	200	16	8	112	43200	10800	same_literal_match_rows_v2	uniform_stored_rows_v1	fresh_process_role_specific_cores_paired_host_time_rss_v3
VCKSS-COMPARATIVE-SCALING-TASK-V3	28	scale_strong_d2_n30720_c16_r1	e1514185445cab36f930c90a44c5a4e23326e027	fbed59bf26bd6cf641bec0946ff6d32cdfe992786852947c530678dd4c86a026	strong_d2	strong	2	30720	15360	384	16	4	4	16	16	1	104729	mata,rust,matlab	200	16	8	112	43200	10800	same_literal_match_rows_v2	uniform_stored_rows_v1	fresh_process_role_specific_cores_paired_host_time_rss_v3
VCKSS-COMPARATIVE-SCALING-TASK-V3	29	scale_strong_d2_n30720_c16_r2	e1514185445cab36f930c90a44c5a4e23326e027	fbed59bf26bd6cf641bec0946ff6d32cdfe992786852947c530678dd4c86a026	strong_d2	strong	2	30720	15360	384	16	4	4	16	16	2	8675309	rust,matlab,mata	200	16	8	112	43200	10800	same_literal_match_rows_v2	uniform_stored_rows_v1	fresh_process_role_specific_cores_paired_host_time_rss_v3
VCKSS-COMPARATIVE-SCALING-TASK-V3	30	scale_strong_d2_n30720_c16_r3	e1514185445cab36f930c90a44c5a4e23326e027	fbed59bf26bd6cf641bec0946ff6d32cdfe992786852947c530678dd4c86a026	strong_d2	strong	2	30720	15360	384	16	4	4	16	16	3	20260819	matlab,mata,rust	200	16	8	112	43200	10800	same_literal_match_rows_v2	uniform_stored_rows_v1	fresh_process_role_specific_cores_paired_host_time_rss_v3
VCKSS-COMPARATIVE-SCALING-TASK-V3	31	scale_strong_d2_n122880_c1_r1	e1514185445cab36f930c90a44c5a4e23326e027	fbed59bf26bd6cf641bec0946ff6d32cdfe992786852947c530678dd4c86a026	strong_d2	strong	2	122880	61440	1536	1	1	1	1	1	1	104729	mata,rust,matlab	200	16	8	112	43200	10800	same_literal_match_rows_v2	uniform_stored_rows_v1	fresh_process_role_specific_cores_paired_host_time_rss_v3
VCKSS-COMPARATIVE-SCALING-TASK-V3	32	scale_strong_d2_n122880_c1_r2	e1514185445cab36f930c90a44c5a4e23326e027	fbed59bf26bd6cf641bec0946ff6d32cdfe992786852947c530678dd4c86a026	strong_d2	strong	2	122880	61440	1536	1	1	1	1	1	2	8675309	rust,matlab,mata	200	16	8	112	43200	10800	same_literal_match_rows_v2	uniform_stored_rows_v1	fresh_process_role_specific_cores_paired_host_time_rss_v3
VCKSS-COMPARATIVE-SCALING-TASK-V3	33	scale_strong_d2_n122880_c1_r3	e1514185445cab36f930c90a44c5a4e23326e027	fbed59bf26bd6cf641bec0946ff6d32cdfe992786852947c530678dd4c86a026	strong_d2	strong	2	122880	61440	1536	1	1	1	1	1	3	20260819	matlab,mata,rust	200	16	8	112	43200	10800	same_literal_match_rows_v2	uniform_stored_rows_v1	fresh_process_role_specific_cores_paired_host_time_rss_v3
VCKSS-COMPARATIVE-SCALING-TASK-V3	34	scale_strong_d2_n122880_c2_r1	e1514185445cab36f930c90a44c5a4e23326e027	fbed59bf26bd6cf641bec0946ff6d32cdfe992786852947c530678dd4c86a026	strong_d2	strong	2	122880	61440	1536	2	2	2	2	2	1	104729	mata,rust,matlab	200	16	8	112	43200	10800	same_literal_match_rows_v2	uniform_stored_rows_v1	fresh_process_role_specific_cores_paired_host_time_rss_v3
VCKSS-COMPARATIVE-SCALING-TASK-V3	35	scale_strong_d2_n122880_c2_r2	e1514185445cab36f930c90a44c5a4e23326e027	fbed59bf26bd6cf641bec0946ff6d32cdfe992786852947c530678dd4c86a026	strong_d2	strong	2	122880	61440	1536	2	2	2	2	2	2	8675309	rust,matlab,mata	200	16	8	112	43200	10800	same_literal_match_rows_v2	uniform_stored_rows_v1	fresh_process_role_specific_cores_paired_host_time_rss_v3
VCKSS-COMPARATIVE-SCALING-TASK-V3	36	scale_strong_d2_n122880_c2_r3	e1514185445cab36f930c90a44c5a4e23326e027	fbed59bf26bd6cf641bec0946ff6d32cdfe992786852947c530678dd4c86a026	strong_d2	strong	2	122880	61440	1536	2	2	2	2	2	3	20260819	matlab,mata,rust	200	16	8	112	43200	10800	same_literal_match_rows_v2	uniform_stored_rows_v1	fresh_process_role_specific_cores_paired_host_time_rss_v3
VCKSS-COMPARATIVE-SCALING-TASK-V3	37	scale_strong_d2_n122880_c4_r1	e1514185445cab36f930c90a44c5a4e23326e027	fbed59bf26bd6cf641bec0946ff6d32cdfe992786852947c530678dd4c86a026	strong_d2	strong	2	122880	61440	1536	4	4	4	4	4	1	104729	mata,rust,matlab	200	16	8	112	43200	10800	same_literal_match_rows_v2	uniform_stored_rows_v1	fresh_process_role_specific_cores_paired_host_time_rss_v3
VCKSS-COMPARATIVE-SCALING-TASK-V3	38	scale_strong_d2_n122880_c4_r2	e1514185445cab36f930c90a44c5a4e23326e027	fbed59bf26bd6cf641bec0946ff6d32cdfe992786852947c530678dd4c86a026	strong_d2	strong	2	122880	61440	1536	4	4	4	4	4	2	8675309	rust,matlab,mata	200	16	8	112	43200	10800	same_literal_match_rows_v2	uniform_stored_rows_v1	fresh_process_role_specific_cores_paired_host_time_rss_v3
VCKSS-COMPARATIVE-SCALING-TASK-V3	39	scale_strong_d2_n122880_c4_r3	e1514185445cab36f930c90a44c5a4e23326e027	fbed59bf26bd6cf641bec0946ff6d32cdfe992786852947c530678dd4c86a026	strong_d2	strong	2	122880	61440	1536	4	4	4	4	4	3	20260819	matlab,mata,rust	200	16	8	112	43200	10800	same_literal_match_rows_v2	uniform_stored_rows_v1	fresh_process_role_specific_cores_paired_host_time_rss_v3
VCKSS-COMPARATIVE-SCALING-TASK-V3	40	scale_strong_d2_n122880_c8_r1	e1514185445cab36f930c90a44c5a4e23326e027	fbed59bf26bd6cf641bec0946ff6d32cdfe992786852947c530678dd4c86a026	strong_d2	strong	2	122880	61440	1536	8	4	4	8	8	1	104729	mata,rust,matlab	200	16	8	112	43200	10800	same_literal_match_rows_v2	uniform_stored_rows_v1	fresh_process_role_specific_cores_paired_host_time_rss_v3
VCKSS-COMPARATIVE-SCALING-TASK-V3	41	scale_strong_d2_n122880_c8_r2	e1514185445cab36f930c90a44c5a4e23326e027	fbed59bf26bd6cf641bec0946ff6d32cdfe992786852947c530678dd4c86a026	strong_d2	strong	2	122880	61440	1536	8	4	4	8	8	2	8675309	rust,matlab,mata	200	16	8	112	43200	10800	same_literal_match_rows_v2	uniform_stored_rows_v1	fresh_process_role_specific_cores_paired_host_time_rss_v3
VCKSS-COMPARATIVE-SCALING-TASK-V3	42	scale_strong_d2_n122880_c8_r3	e1514185445cab36f930c90a44c5a4e23326e027	fbed59bf26bd6cf641bec0946ff6d32cdfe992786852947c530678dd4c86a026	strong_d2	strong	2	122880	61440	1536	8	4	4	8	8	3	20260819	matlab,mata,rust	200	16	8	112	43200	10800	same_literal_match_rows_v2	uniform_stored_rows_v1	fresh_process_role_specific_cores_paired_host_time_rss_v3
VCKSS-COMPARATIVE-SCALING-TASK-V3	43	scale_strong_d2_n122880_c16_r1	e1514185445cab36f930c90a44c5a4e23326e027	fbed59bf26bd6cf641bec0946ff6d32cdfe992786852947c530678dd4c86a026	strong_d2	strong	2	122880	61440	1536	16	4	4	16	16	1	104729	mata,rust,matlab	200	16	8	112	43200	10800	same_literal_match_rows_v2	uniform_stored_rows_v1	fresh_process_role_specific_cores_paired_host_time_rss_v3
VCKSS-COMPARATIVE-SCALING-TASK-V3	44	scale_strong_d2_n122880_c16_r2	e1514185445cab36f930c90a44c5a4e23326e027	fbed59bf26bd6cf641bec0946ff6d32cdfe992786852947c530678dd4c86a026	strong_d2	strong	2	122880	61440	1536	16	4	4	16	16	2	8675309	rust,matlab,mata	200	16	8	112	43200	10800	same_literal_match_rows_v2	uniform_stored_rows_v1	fresh_process_role_specific_cores_paired_host_time_rss_v3
VCKSS-COMPARATIVE-SCALING-TASK-V3	45	scale_strong_d2_n122880_c16_r3	e1514185445cab36f930c90a44c5a4e23326e027	fbed59bf26bd6cf641bec0946ff6d32cdfe992786852947c530678dd4c86a026	strong_d2	strong	2	122880	61440	1536	16	4	4	16	16	3	20260819	matlab,mata,rust	200	16	8	112	43200	10800	same_literal_match_rows_v2	uniform_stored_rows_v1	fresh_process_role_specific_cores_paired_host_time_rss_v3
VCKSS-COMPARATIVE-SCALING-TASK-V3	46	scale_strong_d2_n491520_c1_r1	e1514185445cab36f930c90a44c5a4e23326e027	fbed59bf26bd6cf641bec0946ff6d32cdfe992786852947c530678dd4c86a026	strong_d2	strong	2	491520	245760	6144	1	1	1	1	1	1	104729	mata,rust,matlab	200	16	8	112	43200	10800	same_literal_match_rows_v2	uniform_stored_rows_v1	fresh_process_role_specific_cores_paired_host_time_rss_v3
VCKSS-COMPARATIVE-SCALING-TASK-V3	47	scale_strong_d2_n491520_c1_r2	e1514185445cab36f930c90a44c5a4e23326e027	fbed59bf26bd6cf641bec0946ff6d32cdfe992786852947c530678dd4c86a026	strong_d2	strong	2	491520	245760	6144	1	1	1	1	1	2	8675309	rust,matlab,mata	200	16	8	112	43200	10800	same_literal_match_rows_v2	uniform_stored_rows_v1	fresh_process_role_specific_cores_paired_host_time_rss_v3
VCKSS-COMPARATIVE-SCALING-TASK-V3	48	scale_strong_d2_n491520_c1_r3	e1514185445cab36f930c90a44c5a4e23326e027	fbed59bf26bd6cf641bec0946ff6d32cdfe992786852947c530678dd4c86a026	strong_d2	strong	2	491520	245760	6144	1	1	1	1	1	3	20260819	matlab,mata,rust	200	16	8	112	43200	10800	same_literal_match_rows_v2	uniform_stored_rows_v1	fresh_process_role_specific_cores_paired_host_time_rss_v3
VCKSS-COMPARATIVE-SCALING-TASK-V3	49	scale_strong_d2_n491520_c2_r1	e1514185445cab36f930c90a44c5a4e23326e027	fbed59bf26bd6cf641bec0946ff6d32cdfe992786852947c530678dd4c86a026	strong_d2	strong	2	491520	245760	6144	2	2	2	2	2	1	104729	mata,rust,matlab	200	16	8	112	43200	10800	same_literal_match_rows_v2	uniform_stored_rows_v1	fresh_process_role_specific_cores_paired_host_time_rss_v3
VCKSS-COMPARATIVE-SCALING-TASK-V3	50	scale_strong_d2_n491520_c2_r2	e1514185445cab36f930c90a44c5a4e23326e027	fbed59bf26bd6cf641bec0946ff6d32cdfe992786852947c530678dd4c86a026	strong_d2	strong	2	491520	245760	6144	2	2	2	2	2	2	8675309	rust,matlab,mata	200	16	8	112	43200	10800	same_literal_match_rows_v2	uniform_stored_rows_v1	fresh_process_role_specific_cores_paired_host_time_rss_v3
VCKSS-COMPARATIVE-SCALING-TASK-V3	51	scale_strong_d2_n491520_c2_r3	e1514185445cab36f930c90a44c5a4e23326e027	fbed59bf26bd6cf641bec0946ff6d32cdfe992786852947c530678dd4c86a026	strong_d2	strong	2	491520	245760	6144	2	2	2	2	2	3	20260819	matlab,mata,rust	200	16	8	112	43200	10800	same_literal_match_rows_v2	uniform_stored_rows_v1	fresh_process_role_specific_cores_paired_host_time_rss_v3
VCKSS-COMPARATIVE-SCALING-TASK-V3	52	scale_strong_d2_n491520_c4_r1	e1514185445cab36f930c90a44c5a4e23326e027	fbed59bf26bd6cf641bec0946ff6d32cdfe992786852947c530678dd4c86a026	strong_d2	strong	2	491520	245760	6144	4	4	4	4	4	1	104729	mata,rust,matlab	200	16	8	112	43200	10800	same_literal_match_rows_v2	uniform_stored_rows_v1	fresh_process_role_specific_cores_paired_host_time_rss_v3
VCKSS-COMPARATIVE-SCALING-TASK-V3	53	scale_strong_d2_n491520_c4_r2	e1514185445cab36f930c90a44c5a4e23326e027	fbed59bf26bd6cf641bec0946ff6d32cdfe992786852947c530678dd4c86a026	strong_d2	strong	2	491520	245760	6144	4	4	4	4	4	2	8675309	rust,matlab,mata	200	16	8	112	43200	10800	same_literal_match_rows_v2	uniform_stored_rows_v1	fresh_process_role_specific_cores_paired_host_time_rss_v3
VCKSS-COMPARATIVE-SCALING-TASK-V3	54	scale_strong_d2_n491520_c4_r3	e1514185445cab36f930c90a44c5a4e23326e027	fbed59bf26bd6cf641bec0946ff6d32cdfe992786852947c530678dd4c86a026	strong_d2	strong	2	491520	245760	6144	4	4	4	4	4	3	20260819	matlab,mata,rust	200	16	8	112	43200	10800	same_literal_match_rows_v2	uniform_stored_rows_v1	fresh_process_role_specific_cores_paired_host_time_rss_v3
VCKSS-COMPARATIVE-SCALING-TASK-V3	55	scale_strong_d2_n491520_c8_r1	e1514185445cab36f930c90a44c5a4e23326e027	fbed59bf26bd6cf641bec0946ff6d32cdfe992786852947c530678dd4c86a026	strong_d2	strong	2	491520	245760	6144	8	4	4	8	8	1	104729	mata,rust,matlab	200	16	8	112	43200	10800	same_literal_match_rows_v2	uniform_stored_rows_v1	fresh_process_role_specific_cores_paired_host_time_rss_v3
VCKSS-COMPARATIVE-SCALING-TASK-V3	56	scale_strong_d2_n491520_c8_r2	e1514185445cab36f930c90a44c5a4e23326e027	fbed59bf26bd6cf641bec0946ff6d32cdfe992786852947c530678dd4c86a026	strong_d2	strong	2	491520	245760	6144	8	4	4	8	8	2	8675309	rust,matlab,mata	200	16	8	112	43200	10800	same_literal_match_rows_v2	uniform_stored_rows_v1	fresh_process_role_specific_cores_paired_host_time_rss_v3
VCKSS-COMPARATIVE-SCALING-TASK-V3	57	scale_strong_d2_n491520_c8_r3	e1514185445cab36f930c90a44c5a4e23326e027	fbed59bf26bd6cf641bec0946ff6d32cdfe992786852947c530678dd4c86a026	strong_d2	strong	2	491520	245760	6144	8	4	4	8	8	3	20260819	matlab,mata,rust	200	16	8	112	43200	10800	same_literal_match_rows_v2	uniform_stored_rows_v1	fresh_process_role_specific_cores_paired_host_time_rss_v3
VCKSS-COMPARATIVE-SCALING-TASK-V3	58	scale_strong_d2_n491520_c16_r1	e1514185445cab36f930c90a44c5a4e23326e027	fbed59bf26bd6cf641bec0946ff6d32cdfe992786852947c530678dd4c86a026	strong_d2	strong	2	491520	245760	6144	16	4	4	16	16	1	104729	mata,rust,matlab	200	16	8	112	43200	10800	same_literal_match_rows_v2	uniform_stored_rows_v1	fresh_process_role_specific_cores_paired_host_time_rss_v3
VCKSS-COMPARATIVE-SCALING-TASK-V3	59	scale_strong_d2_n491520_c16_r2	e1514185445cab36f930c90a44c5a4e23326e027	fbed59bf26bd6cf641bec0946ff6d32cdfe992786852947c530678dd4c86a026	strong_d2	strong	2	491520	245760	6144	16	4	4	16	16	2	8675309	rust,matlab,mata	200	16	8	112	43200	10800	same_literal_match_rows_v2	uniform_stored_rows_v1	fresh_process_role_specific_cores_paired_host_time_rss_v3
VCKSS-COMPARATIVE-SCALING-TASK-V3	60	scale_strong_d2_n491520_c16_r3	e1514185445cab36f930c90a44c5a4e23326e027	fbed59bf26bd6cf641bec0946ff6d32cdfe992786852947c530678dd4c86a026	strong_d2	strong	2	491520	245760	6144	16	4	4	16	16	3	20260819	matlab,mata,rust	200	16	8	112	43200	10800	same_literal_match_rows_v2	uniform_stored_rows_v1	fresh_process_role_specific_cores_paired_host_time_rss_v3
VCKSS-COMPARATIVE-SCALING-TASK-V3	61	scale_strong_d2_n1966080_c1_r1	e1514185445cab36f930c90a44c5a4e23326e027	fbed59bf26bd6cf641bec0946ff6d32cdfe992786852947c530678dd4c86a026	strong_d2	strong	2	1966080	983040	24576	1	1	1	1	1	1	104729	mata,rust,matlab	200	16	8	112	43200	10800	same_literal_match_rows_v2	uniform_stored_rows_v1	fresh_process_role_specific_cores_paired_host_time_rss_v3
VCKSS-COMPARATIVE-SCALING-TASK-V3	62	scale_strong_d2_n1966080_c1_r2	e1514185445cab36f930c90a44c5a4e23326e027	fbed59bf26bd6cf641bec0946ff6d32cdfe992786852947c530678dd4c86a026	strong_d2	strong	2	1966080	983040	24576	1	1	1	1	1	2	8675309	rust,matlab,mata	200	16	8	112	43200	10800	same_literal_match_rows_v2	uniform_stored_rows_v1	fresh_process_role_specific_cores_paired_host_time_rss_v3
VCKSS-COMPARATIVE-SCALING-TASK-V3	63	scale_strong_d2_n1966080_c1_r3	e1514185445cab36f930c90a44c5a4e23326e027	fbed59bf26bd6cf641bec0946ff6d32cdfe992786852947c530678dd4c86a026	strong_d2	strong	2	1966080	983040	24576	1	1	1	1	1	3	20260819	matlab,mata,rust	200	16	8	112	43200	10800	same_literal_match_rows_v2	uniform_stored_rows_v1	fresh_process_role_specific_cores_paired_host_time_rss_v3
VCKSS-COMPARATIVE-SCALING-TASK-V3	64	scale_strong_d2_n1966080_c2_r1	e1514185445cab36f930c90a44c5a4e23326e027	fbed59bf26bd6cf641bec0946ff6d32cdfe992786852947c530678dd4c86a026	strong_d2	strong	2	1966080	983040	24576	2	2	2	2	2	1	104729	mata,rust,matlab	200	16	8	112	43200	10800	same_literal_match_rows_v2	uniform_stored_rows_v1	fresh_process_role_specific_cores_paired_host_time_rss_v3
VCKSS-COMPARATIVE-SCALING-TASK-V3	65	scale_strong_d2_n1966080_c2_r2	e1514185445cab36f930c90a44c5a4e23326e027	fbed59bf26bd6cf641bec0946ff6d32cdfe992786852947c530678dd4c86a026	strong_d2	strong	2	1966080	983040	24576	2	2	2	2	2	2	8675309	rust,matlab,mata	200	16	8	112	43200	10800	same_literal_match_rows_v2	uniform_stored_rows_v1	fresh_process_role_specific_cores_paired_host_time_rss_v3
VCKSS-COMPARATIVE-SCALING-TASK-V3	66	scale_strong_d2_n1966080_c2_r3	e1514185445cab36f930c90a44c5a4e23326e027	fbed59bf26bd6cf641bec0946ff6d32cdfe992786852947c530678dd4c86a026	strong_d2	strong	2	1966080	983040	24576	2	2	2	2	2	3	20260819	matlab,mata,rust	200	16	8	112	43200	10800	same_literal_match_rows_v2	uniform_stored_rows_v1	fresh_process_role_specific_cores_paired_host_time_rss_v3
VCKSS-COMPARATIVE-SCALING-TASK-V3	67	scale_strong_d2_n1966080_c4_r1	e1514185445cab36f930c90a44c5a4e23326e027	fbed59bf26bd6cf641bec0946ff6d32cdfe992786852947c530678dd4c86a026	strong_d2	strong	2	1966080	983040	24576	4	4	4	4	4	1	104729	mata,rust,matlab	200	16	8	112	43200	10800	same_literal_match_rows_v2	uniform_stored_rows_v1	fresh_process_role_specific_cores_paired_host_time_rss_v3
VCKSS-COMPARATIVE-SCALING-TASK-V3	68	scale_strong_d2_n1966080_c4_r2	e1514185445cab36f930c90a44c5a4e23326e027	fbed59bf26bd6cf641bec0946ff6d32cdfe992786852947c530678dd4c86a026	strong_d2	strong	2	1966080	983040	24576	4	4	4	4	4	2	8675309	rust,matlab,mata	200	16	8	112	43200	10800	same_literal_match_rows_v2	uniform_stored_rows_v1	fresh_process_role_specific_cores_paired_host_time_rss_v3
VCKSS-COMPARATIVE-SCALING-TASK-V3	69	scale_strong_d2_n1966080_c4_r3	e1514185445cab36f930c90a44c5a4e23326e027	fbed59bf26bd6cf641bec0946ff6d32cdfe992786852947c530678dd4c86a026	strong_d2	strong	2	1966080	983040	24576	4	4	4	4	4	3	20260819	matlab,mata,rust	200	16	8	112	43200	10800	same_literal_match_rows_v2	uniform_stored_rows_v1	fresh_process_role_specific_cores_paired_host_time_rss_v3
VCKSS-COMPARATIVE-SCALING-TASK-V3	70	scale_strong_d2_n1966080_c8_r1	e1514185445cab36f930c90a44c5a4e23326e027	fbed59bf26bd6cf641bec0946ff6d32cdfe992786852947c530678dd4c86a026	strong_d2	strong	2	1966080	983040	24576	8	4	4	8	8	1	104729	mata,rust,matlab	200	16	8	112	43200	10800	same_literal_match_rows_v2	uniform_stored_rows_v1	fresh_process_role_specific_cores_paired_host_time_rss_v3
VCKSS-COMPARATIVE-SCALING-TASK-V3	71	scale_strong_d2_n1966080_c8_r2	e1514185445cab36f930c90a44c5a4e23326e027	fbed59bf26bd6cf641bec0946ff6d32cdfe992786852947c530678dd4c86a026	strong_d2	strong	2	1966080	983040	24576	8	4	4	8	8	2	8675309	rust,matlab,mata	200	16	8	112	43200	10800	same_literal_match_rows_v2	uniform_stored_rows_v1	fresh_process_role_specific_cores_paired_host_time_rss_v3
VCKSS-COMPARATIVE-SCALING-TASK-V3	72	scale_strong_d2_n1966080_c8_r3	e1514185445cab36f930c90a44c5a4e23326e027	fbed59bf26bd6cf641bec0946ff6d32cdfe992786852947c530678dd4c86a026	strong_d2	strong	2	1966080	983040	24576	8	4	4	8	8	3	20260819	matlab,mata,rust	200	16	8	112	43200	10800	same_literal_match_rows_v2	uniform_stored_rows_v1	fresh_process_role_specific_cores_paired_host_time_rss_v3
VCKSS-COMPARATIVE-SCALING-TASK-V3	73	scale_strong_d2_n1966080_c16_r1	e1514185445cab36f930c90a44c5a4e23326e027	fbed59bf26bd6cf641bec0946ff6d32cdfe992786852947c530678dd4c86a026	strong_d2	strong	2	1966080	983040	24576	16	4	4	16	16	1	104729	mata,rust,matlab	200	16	8	112	43200	10800	same_literal_match_rows_v2	uniform_stored_rows_v1	fresh_process_role_specific_cores_paired_host_time_rss_v3
VCKSS-COMPARATIVE-SCALING-TASK-V3	74	scale_strong_d2_n1966080_c16_r2	e1514185445cab36f930c90a44c5a4e23326e027	fbed59bf26bd6cf641bec0946ff6d32cdfe992786852947c530678dd4c86a026	strong_d2	strong	2	1966080	983040	24576	16	4	4	16	16	2	8675309	rust,matlab,mata	200	16	8	112	43200	10800	same_literal_match_rows_v2	uniform_stored_rows_v1	fresh_process_role_specific_cores_paired_host_time_rss_v3
VCKSS-COMPARATIVE-SCALING-TASK-V3	75	scale_strong_d2_n1966080_c16_r3	e1514185445cab36f930c90a44c5a4e23326e027	fbed59bf26bd6cf641bec0946ff6d32cdfe992786852947c530678dd4c86a026	strong_d2	strong	2	1966080	983040	24576	16	4	4	16	16	3	20260819	matlab,mata,rust	200	16	8	112	43200	10800	same_literal_match_rows_v2	uniform_stored_rows_v1	fresh_process_role_specific_cores_paired_host_time_rss_v3
VCKSS-COMPARATIVE-SCALING-TASK-V3	76	scale_strong_d3_n7680_c1_r1	e1514185445cab36f930c90a44c5a4e23326e027	fbed59bf26bd6cf641bec0946ff6d32cdfe992786852947c530678dd4c86a026	strong_d3	strong	3	7680	2560	64	1	1	1	1	1	1	104729	mata,rust,matlab	200	16	8	112	43200	10800	same_literal_match_rows_v2	uniform_stored_rows_v1	fresh_process_role_specific_cores_paired_host_time_rss_v3
VCKSS-COMPARATIVE-SCALING-TASK-V3	77	scale_strong_d3_n7680_c1_r2	e1514185445cab36f930c90a44c5a4e23326e027	fbed59bf26bd6cf641bec0946ff6d32cdfe992786852947c530678dd4c86a026	strong_d3	strong	3	7680	2560	64	1	1	1	1	1	2	8675309	rust,matlab,mata	200	16	8	112	43200	10800	same_literal_match_rows_v2	uniform_stored_rows_v1	fresh_process_role_specific_cores_paired_host_time_rss_v3
VCKSS-COMPARATIVE-SCALING-TASK-V3	78	scale_strong_d3_n7680_c1_r3	e1514185445cab36f930c90a44c5a4e23326e027	fbed59bf26bd6cf641bec0946ff6d32cdfe992786852947c530678dd4c86a026	strong_d3	strong	3	7680	2560	64	1	1	1	1	1	3	20260819	matlab,mata,rust	200	16	8	112	43200	10800	same_literal_match_rows_v2	uniform_stored_rows_v1	fresh_process_role_specific_cores_paired_host_time_rss_v3
VCKSS-COMPARATIVE-SCALING-TASK-V3	79	scale_strong_d3_n7680_c2_r1	e1514185445cab36f930c90a44c5a4e23326e027	fbed59bf26bd6cf641bec0946ff6d32cdfe992786852947c530678dd4c86a026	strong_d3	strong	3	7680	2560	64	2	2	2	2	2	1	104729	mata,rust,matlab	200	16	8	112	43200	10800	same_literal_match_rows_v2	uniform_stored_rows_v1	fresh_process_role_specific_cores_paired_host_time_rss_v3
VCKSS-COMPARATIVE-SCALING-TASK-V3	80	scale_strong_d3_n7680_c2_r2	e1514185445cab36f930c90a44c5a4e23326e027	fbed59bf26bd6cf641bec0946ff6d32cdfe992786852947c530678dd4c86a026	strong_d3	strong	3	7680	2560	64	2	2	2	2	2	2	8675309	rust,matlab,mata	200	16	8	112	43200	10800	same_literal_match_rows_v2	uniform_stored_rows_v1	fresh_process_role_specific_cores_paired_host_time_rss_v3
VCKSS-COMPARATIVE-SCALING-TASK-V3	81	scale_strong_d3_n7680_c2_r3	e1514185445cab36f930c90a44c5a4e23326e027	fbed59bf26bd6cf641bec0946ff6d32cdfe992786852947c530678dd4c86a026	strong_d3	strong	3	7680	2560	64	2	2	2	2	2	3	20260819	matlab,mata,rust	200	16	8	112	43200	10800	same_literal_match_rows_v2	uniform_stored_rows_v1	fresh_process_role_specific_cores_paired_host_time_rss_v3
VCKSS-COMPARATIVE-SCALING-TASK-V3	82	scale_strong_d3_n7680_c4_r1	e1514185445cab36f930c90a44c5a4e23326e027	fbed59bf26bd6cf641bec0946ff6d32cdfe992786852947c530678dd4c86a026	strong_d3	strong	3	7680	2560	64	4	4	4	4	4	1	104729	mata,rust,matlab	200	16	8	112	43200	10800	same_literal_match_rows_v2	uniform_stored_rows_v1	fresh_process_role_specific_cores_paired_host_time_rss_v3
VCKSS-COMPARATIVE-SCALING-TASK-V3	83	scale_strong_d3_n7680_c4_r2	e1514185445cab36f930c90a44c5a4e23326e027	fbed59bf26bd6cf641bec0946ff6d32cdfe992786852947c530678dd4c86a026	strong_d3	strong	3	7680	2560	64	4	4	4	4	4	2	8675309	rust,matlab,mata	200	16	8	112	43200	10800	same_literal_match_rows_v2	uniform_stored_rows_v1	fresh_process_role_specific_cores_paired_host_time_rss_v3
VCKSS-COMPARATIVE-SCALING-TASK-V3	84	scale_strong_d3_n7680_c4_r3	e1514185445cab36f930c90a44c5a4e23326e027	fbed59bf26bd6cf641bec0946ff6d32cdfe992786852947c530678dd4c86a026	strong_d3	strong	3	7680	2560	64	4	4	4	4	4	3	20260819	matlab,mata,rust	200	16	8	112	43200	10800	same_literal_match_rows_v2	uniform_stored_rows_v1	fresh_process_role_specific_cores_paired_host_time_rss_v3
VCKSS-COMPARATIVE-SCALING-TASK-V3	85	scale_strong_d3_n7680_c8_r1	e1514185445cab36f930c90a44c5a4e23326e027	fbed59bf26bd6cf641bec0946ff6d32cdfe992786852947c530678dd4c86a026	strong_d3	strong	3	7680	2560	64	8	4	4	8	8	1	104729	mata,rust,matlab	200	16	8	112	43200	10800	same_literal_match_rows_v2	uniform_stored_rows_v1	fresh_process_role_specific_cores_paired_host_time_rss_v3
VCKSS-COMPARATIVE-SCALING-TASK-V3	86	scale_strong_d3_n7680_c8_r2	e1514185445cab36f930c90a44c5a4e23326e027	fbed59bf26bd6cf641bec0946ff6d32cdfe992786852947c530678dd4c86a026	strong_d3	strong	3	7680	2560	64	8	4	4	8	8	2	8675309	rust,matlab,mata	200	16	8	112	43200	10800	same_literal_match_rows_v2	uniform_stored_rows_v1	fresh_process_role_specific_cores_paired_host_time_rss_v3
VCKSS-COMPARATIVE-SCALING-TASK-V3	87	scale_strong_d3_n7680_c8_r3	e1514185445cab36f930c90a44c5a4e23326e027	fbed59bf26bd6cf641bec0946ff6d32cdfe992786852947c530678dd4c86a026	strong_d3	strong	3	7680	2560	64	8	4	4	8	8	3	20260819	matlab,mata,rust	200	16	8	112	43200	10800	same_literal_match_rows_v2	uniform_stored_rows_v1	fresh_process_role_specific_cores_paired_host_time_rss_v3
VCKSS-COMPARATIVE-SCALING-TASK-V3	88	scale_strong_d3_n7680_c16_r1	e1514185445cab36f930c90a44c5a4e23326e027	fbed59bf26bd6cf641bec0946ff6d32cdfe992786852947c530678dd4c86a026	strong_d3	strong	3	7680	2560	64	16	4	4	16	16	1	104729	mata,rust,matlab	200	16	8	112	43200	10800	same_literal_match_rows_v2	uniform_stored_rows_v1	fresh_process_role_specific_cores_paired_host_time_rss_v3
VCKSS-COMPARATIVE-SCALING-TASK-V3	89	scale_strong_d3_n7680_c16_r2	e1514185445cab36f930c90a44c5a4e23326e027	fbed59bf26bd6cf641bec0946ff6d32cdfe992786852947c530678dd4c86a026	strong_d3	strong	3	7680	2560	64	16	4	4	16	16	2	8675309	rust,matlab,mata	200	16	8	112	43200	10800	same_literal_match_rows_v2	uniform_stored_rows_v1	fresh_process_role_specific_cores_paired_host_time_rss_v3
VCKSS-COMPARATIVE-SCALING-TASK-V3	90	scale_strong_d3_n7680_c16_r3	e1514185445cab36f930c90a44c5a4e23326e027	fbed59bf26bd6cf641bec0946ff6d32cdfe992786852947c530678dd4c86a026	strong_d3	strong	3	7680	2560	64	16	4	4	16	16	3	20260819	matlab,mata,rust	200	16	8	112	43200	10800	same_literal_match_rows_v2	uniform_stored_rows_v1	fresh_process_role_specific_cores_paired_host_time_rss_v3
VCKSS-COMPARATIVE-SCALING-TASK-V3	91	scale_strong_d3_n30720_c1_r1	e1514185445cab36f930c90a44c5a4e23326e027	fbed59bf26bd6cf641bec0946ff6d32cdfe992786852947c530678dd4c86a026	strong_d3	strong	3	30720	10240	256	1	1	1	1	1	1	104729	mata,rust,matlab	200	16	8	112	43200	10800	same_literal_match_rows_v2	uniform_stored_rows_v1	fresh_process_role_specific_cores_paired_host_time_rss_v3
VCKSS-COMPARATIVE-SCALING-TASK-V3	92	scale_strong_d3_n30720_c1_r2	e1514185445cab36f930c90a44c5a4e23326e027	fbed59bf26bd6cf641bec0946ff6d32cdfe992786852947c530678dd4c86a026	strong_d3	strong	3	30720	10240	256	1	1	1	1	1	2	8675309	rust,matlab,mata	200	16	8	112	43200	10800	same_literal_match_rows_v2	uniform_stored_rows_v1	fresh_process_role_specific_cores_paired_host_time_rss_v3
VCKSS-COMPARATIVE-SCALING-TASK-V3	93	scale_strong_d3_n30720_c1_r3	e1514185445cab36f930c90a44c5a4e23326e027	fbed59bf26bd6cf641bec0946ff6d32cdfe992786852947c530678dd4c86a026	strong_d3	strong	3	30720	10240	256	1	1	1	1	1	3	20260819	matlab,mata,rust	200	16	8	112	43200	10800	same_literal_match_rows_v2	uniform_stored_rows_v1	fresh_process_role_specific_cores_paired_host_time_rss_v3
VCKSS-COMPARATIVE-SCALING-TASK-V3	94	scale_strong_d3_n30720_c2_r1	e1514185445cab36f930c90a44c5a4e23326e027	fbed59bf26bd6cf641bec0946ff6d32cdfe992786852947c530678dd4c86a026	strong_d3	strong	3	30720	10240	256	2	2	2	2	2	1	104729	mata,rust,matlab	200	16	8	112	43200	10800	same_literal_match_rows_v2	uniform_stored_rows_v1	fresh_process_role_specific_cores_paired_host_time_rss_v3
VCKSS-COMPARATIVE-SCALING-TASK-V3	95	scale_strong_d3_n30720_c2_r2	e1514185445cab36f930c90a44c5a4e23326e027	fbed59bf26bd6cf641bec0946ff6d32cdfe992786852947c530678dd4c86a026	strong_d3	strong	3	30720	10240	256	2	2	2	2	2	2	8675309	rust,matlab,mata	200	16	8	112	43200	10800	same_literal_match_rows_v2	uniform_stored_rows_v1	fresh_process_role_specific_cores_paired_host_time_rss_v3
VCKSS-COMPARATIVE-SCALING-TASK-V3	96	scale_strong_d3_n30720_c2_r3	e1514185445cab36f930c90a44c5a4e23326e027	fbed59bf26bd6cf641bec0946ff6d32cdfe992786852947c530678dd4c86a026	strong_d3	strong	3	30720	10240	256	2	2	2	2	2	3	20260819	matlab,mata,rust	200	16	8	112	43200	10800	same_literal_match_rows_v2	uniform_stored_rows_v1	fresh_process_role_specific_cores_paired_host_time_rss_v3
VCKSS-COMPARATIVE-SCALING-TASK-V3	97	scale_strong_d3_n30720_c4_r1	e1514185445cab36f930c90a44c5a4e23326e027	fbed59bf26bd6cf641bec0946ff6d32cdfe992786852947c530678dd4c86a026	strong_d3	strong	3	30720	10240	256	4	4	4	4	4	1	104729	mata,rust,matlab	200	16	8	112	43200	10800	same_literal_match_rows_v2	uniform_stored_rows_v1	fresh_process_role_specific_cores_paired_host_time_rss_v3
VCKSS-COMPARATIVE-SCALING-TASK-V3	98	scale_strong_d3_n30720_c4_r2	e1514185445cab36f930c90a44c5a4e23326e027	fbed59bf26bd6cf641bec0946ff6d32cdfe992786852947c530678dd4c86a026	strong_d3	strong	3	30720	10240	256	4	4	4	4	4	2	8675309	rust,matlab,mata	200	16	8	112	43200	10800	same_literal_match_rows_v2	uniform_stored_rows_v1	fresh_process_role_specific_cores_paired_host_time_rss_v3
VCKSS-COMPARATIVE-SCALING-TASK-V3	99	scale_strong_d3_n30720_c4_r3	e1514185445cab36f930c90a44c5a4e23326e027	fbed59bf26bd6cf641bec0946ff6d32cdfe992786852947c530678dd4c86a026	strong_d3	strong	3	30720	10240	256	4	4	4	4	4	3	20260819	matlab,mata,rust	200	16	8	112	43200	10800	same_literal_match_rows_v2	uniform_stored_rows_v1	fresh_process_role_specific_cores_paired_host_time_rss_v3
VCKSS-COMPARATIVE-SCALING-TASK-V3	100	scale_strong_d3_n30720_c8_r1	e1514185445cab36f930c90a44c5a4e23326e027	fbed59bf26bd6cf641bec0946ff6d32cdfe992786852947c530678dd4c86a026	strong_d3	strong	3	30720	10240	256	8	4	4	8	8	1	104729	mata,rust,matlab	200	16	8	112	43200	10800	same_literal_match_rows_v2	uniform_stored_rows_v1	fresh_process_role_specific_cores_paired_host_time_rss_v3
VCKSS-COMPARATIVE-SCALING-TASK-V3	101	scale_strong_d3_n30720_c8_r2	e1514185445cab36f930c90a44c5a4e23326e027	fbed59bf26bd6cf641bec0946ff6d32cdfe992786852947c530678dd4c86a026	strong_d3	strong	3	30720	10240	256	8	4	4	8	8	2	8675309	rust,matlab,mata	200	16	8	112	43200	10800	same_literal_match_rows_v2	uniform_stored_rows_v1	fresh_process_role_specific_cores_paired_host_time_rss_v3
VCKSS-COMPARATIVE-SCALING-TASK-V3	102	scale_strong_d3_n30720_c8_r3	e1514185445cab36f930c90a44c5a4e23326e027	fbed59bf26bd6cf641bec0946ff6d32cdfe992786852947c530678dd4c86a026	strong_d3	strong	3	30720	10240	256	8	4	4	8	8	3	20260819	matlab,mata,rust	200	16	8	112	43200	10800	same_literal_match_rows_v2	uniform_stored_rows_v1	fresh_process_role_specific_cores_paired_host_time_rss_v3
VCKSS-COMPARATIVE-SCALING-TASK-V3	103	scale_strong_d3_n30720_c16_r1	e1514185445cab36f930c90a44c5a4e23326e027	fbed59bf26bd6cf641bec0946ff6d32cdfe992786852947c530678dd4c86a026	strong_d3	strong	3	30720	10240	256	16	4	4	16	16	1	104729	mata,rust,matlab	200	16	8	112	43200	10800	same_literal_match_rows_v2	uniform_stored_rows_v1	fresh_process_role_specific_cores_paired_host_time_rss_v3
VCKSS-COMPARATIVE-SCALING-TASK-V3	104	scale_strong_d3_n30720_c16_r2	e1514185445cab36f930c90a44c5a4e23326e027	fbed59bf26bd6cf641bec0946ff6d32cdfe992786852947c530678dd4c86a026	strong_d3	strong	3	30720	10240	256	16	4	4	16	16	2	8675309	rust,matlab,mata	200	16	8	112	43200	10800	same_literal_match_rows_v2	uniform_stored_rows_v1	fresh_process_role_specific_cores_paired_host_time_rss_v3
VCKSS-COMPARATIVE-SCALING-TASK-V3	105	scale_strong_d3_n30720_c16_r3	e1514185445cab36f930c90a44c5a4e23326e027	fbed59bf26bd6cf641bec0946ff6d32cdfe992786852947c530678dd4c86a026	strong_d3	strong	3	30720	10240	256	16	4	4	16	16	3	20260819	matlab,mata,rust	200	16	8	112	43200	10800	same_literal_match_rows_v2	uniform_stored_rows_v1	fresh_process_role_specific_cores_paired_host_time_rss_v3
VCKSS-COMPARATIVE-SCALING-TASK-V3	106	scale_strong_d3_n122880_c1_r1	e1514185445cab36f930c90a44c5a4e23326e027	fbed59bf26bd6cf641bec0946ff6d32cdfe992786852947c530678dd4c86a026	strong_d3	strong	3	122880	40960	1024	1	1	1	1	1	1	104729	mata,rust,matlab	200	16	8	112	43200	10800	same_literal_match_rows_v2	uniform_stored_rows_v1	fresh_process_role_specific_cores_paired_host_time_rss_v3
VCKSS-COMPARATIVE-SCALING-TASK-V3	107	scale_strong_d3_n122880_c1_r2	e1514185445cab36f930c90a44c5a4e23326e027	fbed59bf26bd6cf641bec0946ff6d32cdfe992786852947c530678dd4c86a026	strong_d3	strong	3	122880	40960	1024	1	1	1	1	1	2	8675309	rust,matlab,mata	200	16	8	112	43200	10800	same_literal_match_rows_v2	uniform_stored_rows_v1	fresh_process_role_specific_cores_paired_host_time_rss_v3
VCKSS-COMPARATIVE-SCALING-TASK-V3	108	scale_strong_d3_n122880_c1_r3	e1514185445cab36f930c90a44c5a4e23326e027	fbed59bf26bd6cf641bec0946ff6d32cdfe992786852947c530678dd4c86a026	strong_d3	strong	3	122880	40960	1024	1	1	1	1	1	3	20260819	matlab,mata,rust	200	16	8	112	43200	10800	same_literal_match_rows_v2	uniform_stored_rows_v1	fresh_process_role_specific_cores_paired_host_time_rss_v3
VCKSS-COMPARATIVE-SCALING-TASK-V3	109	scale_strong_d3_n122880_c2_r1	e1514185445cab36f930c90a44c5a4e23326e027	fbed59bf26bd6cf641bec0946ff6d32cdfe992786852947c530678dd4c86a026	strong_d3	strong	3	122880	40960	1024	2	2	2	2	2	1	104729	mata,rust,matlab	200	16	8	112	43200	10800	same_literal_match_rows_v2	uniform_stored_rows_v1	fresh_process_role_specific_cores_paired_host_time_rss_v3
VCKSS-COMPARATIVE-SCALING-TASK-V3	110	scale_strong_d3_n122880_c2_r2	e1514185445cab36f930c90a44c5a4e23326e027	fbed59bf26bd6cf641bec0946ff6d32cdfe992786852947c530678dd4c86a026	strong_d3	strong	3	122880	40960	1024	2	2	2	2	2	2	8675309	rust,matlab,mata	200	16	8	112	43200	10800	same_literal_match_rows_v2	uniform_stored_rows_v1	fresh_process_role_specific_cores_paired_host_time_rss_v3
VCKSS-COMPARATIVE-SCALING-TASK-V3	111	scale_strong_d3_n122880_c2_r3	e1514185445cab36f930c90a44c5a4e23326e027	fbed59bf26bd6cf641bec0946ff6d32cdfe992786852947c530678dd4c86a026	strong_d3	strong	3	122880	40960	1024	2	2	2	2	2	3	20260819	matlab,mata,rust	200	16	8	112	43200	10800	same_literal_match_rows_v2	uniform_stored_rows_v1	fresh_process_role_specific_cores_paired_host_time_rss_v3
VCKSS-COMPARATIVE-SCALING-TASK-V3	112	scale_strong_d3_n122880_c4_r1	e1514185445cab36f930c90a44c5a4e23326e027	fbed59bf26bd6cf641bec0946ff6d32cdfe992786852947c530678dd4c86a026	strong_d3	strong	3	122880	40960	1024	4	4	4	4	4	1	104729	mata,rust,matlab	200	16	8	112	43200	10800	same_literal_match_rows_v2	uniform_stored_rows_v1	fresh_process_role_specific_cores_paired_host_time_rss_v3
VCKSS-COMPARATIVE-SCALING-TASK-V3	113	scale_strong_d3_n122880_c4_r2	e1514185445cab36f930c90a44c5a4e23326e027	fbed59bf26bd6cf641bec0946ff6d32cdfe992786852947c530678dd4c86a026	strong_d3	strong	3	122880	40960	1024	4	4	4	4	4	2	8675309	rust,matlab,mata	200	16	8	112	43200	10800	same_literal_match_rows_v2	uniform_stored_rows_v1	fresh_process_role_specific_cores_paired_host_time_rss_v3
VCKSS-COMPARATIVE-SCALING-TASK-V3	114	scale_strong_d3_n122880_c4_r3	e1514185445cab36f930c90a44c5a4e23326e027	fbed59bf26bd6cf641bec0946ff6d32cdfe992786852947c530678dd4c86a026	strong_d3	strong	3	122880	40960	1024	4	4	4	4	4	3	20260819	matlab,mata,rust	200	16	8	112	43200	10800	same_literal_match_rows_v2	uniform_stored_rows_v1	fresh_process_role_specific_cores_paired_host_time_rss_v3
VCKSS-COMPARATIVE-SCALING-TASK-V3	115	scale_strong_d3_n122880_c8_r1	e1514185445cab36f930c90a44c5a4e23326e027	fbed59bf26bd6cf641bec0946ff6d32cdfe992786852947c530678dd4c86a026	strong_d3	strong	3	122880	40960	1024	8	4	4	8	8	1	104729	mata,rust,matlab	200	16	8	112	43200	10800	same_literal_match_rows_v2	uniform_stored_rows_v1	fresh_process_role_specific_cores_paired_host_time_rss_v3
VCKSS-COMPARATIVE-SCALING-TASK-V3	116	scale_strong_d3_n122880_c8_r2	e1514185445cab36f930c90a44c5a4e23326e027	fbed59bf26bd6cf641bec0946ff6d32cdfe992786852947c530678dd4c86a026	strong_d3	strong	3	122880	40960	1024	8	4	4	8	8	2	8675309	rust,matlab,mata	200	16	8	112	43200	10800	same_literal_match_rows_v2	uniform_stored_rows_v1	fresh_process_role_specific_cores_paired_host_time_rss_v3
VCKSS-COMPARATIVE-SCALING-TASK-V3	117	scale_strong_d3_n122880_c8_r3	e1514185445cab36f930c90a44c5a4e23326e027	fbed59bf26bd6cf641bec0946ff6d32cdfe992786852947c530678dd4c86a026	strong_d3	strong	3	122880	40960	1024	8	4	4	8	8	3	20260819	matlab,mata,rust	200	16	8	112	43200	10800	same_literal_match_rows_v2	uniform_stored_rows_v1	fresh_process_role_specific_cores_paired_host_time_rss_v3
VCKSS-COMPARATIVE-SCALING-TASK-V3	118	scale_strong_d3_n122880_c16_r1	e1514185445cab36f930c90a44c5a4e23326e027	fbed59bf26bd6cf641bec0946ff6d32cdfe992786852947c530678dd4c86a026	strong_d3	strong	3	122880	40960	1024	16	4	4	16	16	1	104729	mata,rust,matlab	200	16	8	112	43200	10800	same_literal_match_rows_v2	uniform_stored_rows_v1	fresh_process_role_specific_cores_paired_host_time_rss_v3
VCKSS-COMPARATIVE-SCALING-TASK-V3	119	scale_strong_d3_n122880_c16_r2	e1514185445cab36f930c90a44c5a4e23326e027	fbed59bf26bd6cf641bec0946ff6d32cdfe992786852947c530678dd4c86a026	strong_d3	strong	3	122880	40960	1024	16	4	4	16	16	2	8675309	rust,matlab,mata	200	16	8	112	43200	10800	same_literal_match_rows_v2	uniform_stored_rows_v1	fresh_process_role_specific_cores_paired_host_time_rss_v3
VCKSS-COMPARATIVE-SCALING-TASK-V3	120	scale_strong_d3_n122880_c16_r3	e1514185445cab36f930c90a44c5a4e23326e027	fbed59bf26bd6cf641bec0946ff6d32cdfe992786852947c530678dd4c86a026	strong_d3	strong	3	122880	40960	1024	16	4	4	16	16	3	20260819	matlab,mata,rust	200	16	8	112	43200	10800	same_literal_match_rows_v2	uniform_stored_rows_v1	fresh_process_role_specific_cores_paired_host_time_rss_v3
VCKSS-COMPARATIVE-SCALING-TASK-V3	121	scale_strong_d3_n491520_c1_r1	e1514185445cab36f930c90a44c5a4e23326e027	fbed59bf26bd6cf641bec0946ff6d32cdfe992786852947c530678dd4c86a026	strong_d3	strong	3	491520	163840	4096	1	1	1	1	1	1	104729	mata,rust,matlab	200	16	8	112	43200	10800	same_literal_match_rows_v2	uniform_stored_rows_v1	fresh_process_role_specific_cores_paired_host_time_rss_v3
VCKSS-COMPARATIVE-SCALING-TASK-V3	122	scale_strong_d3_n491520_c1_r2	e1514185445cab36f930c90a44c5a4e23326e027	fbed59bf26bd6cf641bec0946ff6d32cdfe992786852947c530678dd4c86a026	strong_d3	strong	3	491520	163840	4096	1	1	1	1	1	2	8675309	rust,matlab,mata	200	16	8	112	43200	10800	same_literal_match_rows_v2	uniform_stored_rows_v1	fresh_process_role_specific_cores_paired_host_time_rss_v3
VCKSS-COMPARATIVE-SCALING-TASK-V3	123	scale_strong_d3_n491520_c1_r3	e1514185445cab36f930c90a44c5a4e23326e027	fbed59bf26bd6cf641bec0946ff6d32cdfe992786852947c530678dd4c86a026	strong_d3	strong	3	491520	163840	4096	1	1	1	1	1	3	20260819	matlab,mata,rust	200	16	8	112	43200	10800	same_literal_match_rows_v2	uniform_stored_rows_v1	fresh_process_role_specific_cores_paired_host_time_rss_v3
VCKSS-COMPARATIVE-SCALING-TASK-V3	124	scale_strong_d3_n491520_c2_r1	e1514185445cab36f930c90a44c5a4e23326e027	fbed59bf26bd6cf641bec0946ff6d32cdfe992786852947c530678dd4c86a026	strong_d3	strong	3	491520	163840	4096	2	2	2	2	2	1	104729	mata,rust,matlab	200	16	8	112	43200	10800	same_literal_match_rows_v2	uniform_stored_rows_v1	fresh_process_role_specific_cores_paired_host_time_rss_v3
VCKSS-COMPARATIVE-SCALING-TASK-V3	125	scale_strong_d3_n491520_c2_r2	e1514185445cab36f930c90a44c5a4e23326e027	fbed59bf26bd6cf641bec0946ff6d32cdfe992786852947c530678dd4c86a026	strong_d3	strong	3	491520	163840	4096	2	2	2	2	2	2	8675309	rust,matlab,mata	200	16	8	112	43200	10800	same_literal_match_rows_v2	uniform_stored_rows_v1	fresh_process_role_specific_cores_paired_host_time_rss_v3
VCKSS-COMPARATIVE-SCALING-TASK-V3	126	scale_strong_d3_n491520_c2_r3	e1514185445cab36f930c90a44c5a4e23326e027	fbed59bf26bd6cf641bec0946ff6d32cdfe992786852947c530678dd4c86a026	strong_d3	strong	3	491520	163840	4096	2	2	2	2	2	3	20260819	matlab,mata,rust	200	16	8	112	43200	10800	same_literal_match_rows_v2	uniform_stored_rows_v1	fresh_process_role_specific_cores_paired_host_time_rss_v3
VCKSS-COMPARATIVE-SCALING-TASK-V3	127	scale_strong_d3_n491520_c4_r1	e1514185445cab36f930c90a44c5a4e23326e027	fbed59bf26bd6cf641bec0946ff6d32cdfe992786852947c530678dd4c86a026	strong_d3	strong	3	491520	163840	4096	4	4	4	4	4	1	104729	mata,rust,matlab	200	16	8	112	43200	10800	same_literal_match_rows_v2	uniform_stored_rows_v1	fresh_process_role_specific_cores_paired_host_time_rss_v3
VCKSS-COMPARATIVE-SCALING-TASK-V3	128	scale_strong_d3_n491520_c4_r2	e1514185445cab36f930c90a44c5a4e23326e027	fbed59bf26bd6cf641bec0946ff6d32cdfe992786852947c530678dd4c86a026	strong_d3	strong	3	491520	163840	4096	4	4	4	4	4	2	8675309	rust,matlab,mata	200	16	8	112	43200	10800	same_literal_match_rows_v2	uniform_stored_rows_v1	fresh_process_role_specific_cores_paired_host_time_rss_v3
VCKSS-COMPARATIVE-SCALING-TASK-V3	129	scale_strong_d3_n491520_c4_r3	e1514185445cab36f930c90a44c5a4e23326e027	fbed59bf26bd6cf641bec0946ff6d32cdfe992786852947c530678dd4c86a026	strong_d3	strong	3	491520	163840	4096	4	4	4	4	4	3	20260819	matlab,mata,rust	200	16	8	112	43200	10800	same_literal_match_rows_v2	uniform_stored_rows_v1	fresh_process_role_specific_cores_paired_host_time_rss_v3
VCKSS-COMPARATIVE-SCALING-TASK-V3	130	scale_strong_d3_n491520_c8_r1	e1514185445cab36f930c90a44c5a4e23326e027	fbed59bf26bd6cf641bec0946ff6d32cdfe992786852947c530678dd4c86a026	strong_d3	strong	3	491520	163840	4096	8	4	4	8	8	1	104729	mata,rust,matlab	200	16	8	112	43200	10800	same_literal_match_rows_v2	uniform_stored_rows_v1	fresh_process_role_specific_cores_paired_host_time_rss_v3
VCKSS-COMPARATIVE-SCALING-TASK-V3	131	scale_strong_d3_n491520_c8_r2	e1514185445cab36f930c90a44c5a4e23326e027	fbed59bf26bd6cf641bec0946ff6d32cdfe992786852947c530678dd4c86a026	strong_d3	strong	3	491520	163840	4096	8	4	4	8	8	2	8675309	rust,matlab,mata	200	16	8	112	43200	10800	same_literal_match_rows_v2	uniform_stored_rows_v1	fresh_process_role_specific_cores_paired_host_time_rss_v3
VCKSS-COMPARATIVE-SCALING-TASK-V3	132	scale_strong_d3_n491520_c8_r3	e1514185445cab36f930c90a44c5a4e23326e027	fbed59bf26bd6cf641bec0946ff6d32cdfe992786852947c530678dd4c86a026	strong_d3	strong	3	491520	163840	4096	8	4	4	8	8	3	20260819	matlab,mata,rust	200	16	8	112	43200	10800	same_literal_match_rows_v2	uniform_stored_rows_v1	fresh_process_role_specific_cores_paired_host_time_rss_v3
VCKSS-COMPARATIVE-SCALING-TASK-V3	133	scale_strong_d3_n491520_c16_r1	e1514185445cab36f930c90a44c5a4e23326e027	fbed59bf26bd6cf641bec0946ff6d32cdfe992786852947c530678dd4c86a026	strong_d3	strong	3	491520	163840	4096	16	4	4	16	16	1	104729	mata,rust,matlab	200	16	8	112	43200	10800	same_literal_match_rows_v2	uniform_stored_rows_v1	fresh_process_role_specific_cores_paired_host_time_rss_v3
VCKSS-COMPARATIVE-SCALING-TASK-V3	134	scale_strong_d3_n491520_c16_r2	e1514185445cab36f930c90a44c5a4e23326e027	fbed59bf26bd6cf641bec0946ff6d32cdfe992786852947c530678dd4c86a026	strong_d3	strong	3	491520	163840	4096	16	4	4	16	16	2	8675309	rust,matlab,mata	200	16	8	112	43200	10800	same_literal_match_rows_v2	uniform_stored_rows_v1	fresh_process_role_specific_cores_paired_host_time_rss_v3
VCKSS-COMPARATIVE-SCALING-TASK-V3	135	scale_strong_d3_n491520_c16_r3	e1514185445cab36f930c90a44c5a4e23326e027	fbed59bf26bd6cf641bec0946ff6d32cdfe992786852947c530678dd4c86a026	strong_d3	strong	3	491520	163840	4096	16	4	4	16	16	3	20260819	matlab,mata,rust	200	16	8	112	43200	10800	same_literal_match_rows_v2	uniform_stored_rows_v1	fresh_process_role_specific_cores_paired_host_time_rss_v3
VCKSS-COMPARATIVE-SCALING-TASK-V3	136	scale_strong_d3_n1966080_c1_r1	e1514185445cab36f930c90a44c5a4e23326e027	fbed59bf26bd6cf641bec0946ff6d32cdfe992786852947c530678dd4c86a026	strong_d3	strong	3	1966080	655360	16384	1	1	1	1	1	1	104729	mata,rust,matlab	200	16	8	112	43200	10800	same_literal_match_rows_v2	uniform_stored_rows_v1	fresh_process_role_specific_cores_paired_host_time_rss_v3
VCKSS-COMPARATIVE-SCALING-TASK-V3	137	scale_strong_d3_n1966080_c1_r2	e1514185445cab36f930c90a44c5a4e23326e027	fbed59bf26bd6cf641bec0946ff6d32cdfe992786852947c530678dd4c86a026	strong_d3	strong	3	1966080	655360	16384	1	1	1	1	1	2	8675309	rust,matlab,mata	200	16	8	112	43200	10800	same_literal_match_rows_v2	uniform_stored_rows_v1	fresh_process_role_specific_cores_paired_host_time_rss_v3
VCKSS-COMPARATIVE-SCALING-TASK-V3	138	scale_strong_d3_n1966080_c1_r3	e1514185445cab36f930c90a44c5a4e23326e027	fbed59bf26bd6cf641bec0946ff6d32cdfe992786852947c530678dd4c86a026	strong_d3	strong	3	1966080	655360	16384	1	1	1	1	1	3	20260819	matlab,mata,rust	200	16	8	112	43200	10800	same_literal_match_rows_v2	uniform_stored_rows_v1	fresh_process_role_specific_cores_paired_host_time_rss_v3
VCKSS-COMPARATIVE-SCALING-TASK-V3	139	scale_strong_d3_n1966080_c2_r1	e1514185445cab36f930c90a44c5a4e23326e027	fbed59bf26bd6cf641bec0946ff6d32cdfe992786852947c530678dd4c86a026	strong_d3	strong	3	1966080	655360	16384	2	2	2	2	2	1	104729	mata,rust,matlab	200	16	8	112	43200	10800	same_literal_match_rows_v2	uniform_stored_rows_v1	fresh_process_role_specific_cores_paired_host_time_rss_v3
VCKSS-COMPARATIVE-SCALING-TASK-V3	140	scale_strong_d3_n1966080_c2_r2	e1514185445cab36f930c90a44c5a4e23326e027	fbed59bf26bd6cf641bec0946ff6d32cdfe992786852947c530678dd4c86a026	strong_d3	strong	3	1966080	655360	16384	2	2	2	2	2	2	8675309	rust,matlab,mata	200	16	8	112	43200	10800	same_literal_match_rows_v2	uniform_stored_rows_v1	fresh_process_role_specific_cores_paired_host_time_rss_v3
VCKSS-COMPARATIVE-SCALING-TASK-V3	141	scale_strong_d3_n1966080_c2_r3	e1514185445cab36f930c90a44c5a4e23326e027	fbed59bf26bd6cf641bec0946ff6d32cdfe992786852947c530678dd4c86a026	strong_d3	strong	3	1966080	655360	16384	2	2	2	2	2	3	20260819	matlab,mata,rust	200	16	8	112	43200	10800	same_literal_match_rows_v2	uniform_stored_rows_v1	fresh_process_role_specific_cores_paired_host_time_rss_v3
VCKSS-COMPARATIVE-SCALING-TASK-V3	142	scale_strong_d3_n1966080_c4_r1	e1514185445cab36f930c90a44c5a4e23326e027	fbed59bf26bd6cf641bec0946ff6d32cdfe992786852947c530678dd4c86a026	strong_d3	strong	3	1966080	655360	16384	4	4	4	4	4	1	104729	mata,rust,matlab	200	16	8	112	43200	10800	same_literal_match_rows_v2	uniform_stored_rows_v1	fresh_process_role_specific_cores_paired_host_time_rss_v3
VCKSS-COMPARATIVE-SCALING-TASK-V3	143	scale_strong_d3_n1966080_c4_r2	e1514185445cab36f930c90a44c5a4e23326e027	fbed59bf26bd6cf641bec0946ff6d32cdfe992786852947c530678dd4c86a026	strong_d3	strong	3	1966080	655360	16384	4	4	4	4	4	2	8675309	rust,matlab,mata	200	16	8	112	43200	10800	same_literal_match_rows_v2	uniform_stored_rows_v1	fresh_process_role_specific_cores_paired_host_time_rss_v3
VCKSS-COMPARATIVE-SCALING-TASK-V3	144	scale_strong_d3_n1966080_c4_r3	e1514185445cab36f930c90a44c5a4e23326e027	fbed59bf26bd6cf641bec0946ff6d32cdfe992786852947c530678dd4c86a026	strong_d3	strong	3	1966080	655360	16384	4	4	4	4	4	3	20260819	matlab,mata,rust	200	16	8	112	43200	10800	same_literal_match_rows_v2	uniform_stored_rows_v1	fresh_process_role_specific_cores_paired_host_time_rss_v3
VCKSS-COMPARATIVE-SCALING-TASK-V3	145	scale_strong_d3_n1966080_c8_r1	e1514185445cab36f930c90a44c5a4e23326e027	fbed59bf26bd6cf641bec0946ff6d32cdfe992786852947c530678dd4c86a026	strong_d3	strong	3	1966080	655360	16384	8	4	4	8	8	1	104729	mata,rust,matlab	200	16	8	112	43200	10800	same_literal_match_rows_v2	uniform_stored_rows_v1	fresh_process_role_specific_cores_paired_host_time_rss_v3
VCKSS-COMPARATIVE-SCALING-TASK-V3	146	scale_strong_d3_n1966080_c8_r2	e1514185445cab36f930c90a44c5a4e23326e027	fbed59bf26bd6cf641bec0946ff6d32cdfe992786852947c530678dd4c86a026	strong_d3	strong	3	1966080	655360	16384	8	4	4	8	8	2	8675309	rust,matlab,mata	200	16	8	112	43200	10800	same_literal_match_rows_v2	uniform_stored_rows_v1	fresh_process_role_specific_cores_paired_host_time_rss_v3
VCKSS-COMPARATIVE-SCALING-TASK-V3	147	scale_strong_d3_n1966080_c8_r3	e1514185445cab36f930c90a44c5a4e23326e027	fbed59bf26bd6cf641bec0946ff6d32cdfe992786852947c530678dd4c86a026	strong_d3	strong	3	1966080	655360	16384	8	4	4	8	8	3	20260819	matlab,mata,rust	200	16	8	112	43200	10800	same_literal_match_rows_v2	uniform_stored_rows_v1	fresh_process_role_specific_cores_paired_host_time_rss_v3
VCKSS-COMPARATIVE-SCALING-TASK-V3	148	scale_strong_d3_n1966080_c16_r1	e1514185445cab36f930c90a44c5a4e23326e027	fbed59bf26bd6cf641bec0946ff6d32cdfe992786852947c530678dd4c86a026	strong_d3	strong	3	1966080	655360	16384	16	4	4	16	16	1	104729	mata,rust,matlab	200	16	8	112	43200	10800	same_literal_match_rows_v2	uniform_stored_rows_v1	fresh_process_role_specific_cores_paired_host_time_rss_v3
VCKSS-COMPARATIVE-SCALING-TASK-V3	149	scale_strong_d3_n1966080_c16_r2	e1514185445cab36f930c90a44c5a4e23326e027	fbed59bf26bd6cf641bec0946ff6d32cdfe992786852947c530678dd4c86a026	strong_d3	strong	3	1966080	655360	16384	16	4	4	16	16	2	8675309	rust,matlab,mata	200	16	8	112	43200	10800	same_literal_match_rows_v2	uniform_stored_rows_v1	fresh_process_role_specific_cores_paired_host_time_rss_v3
VCKSS-COMPARATIVE-SCALING-TASK-V3	150	scale_strong_d3_n1966080_c16_r3	e1514185445cab36f930c90a44c5a4e23326e027	fbed59bf26bd6cf641bec0946ff6d32cdfe992786852947c530678dd4c86a026	strong_d3	strong	3	1966080	655360	16384	16	4	4	16	16	3	20260819	matlab,mata,rust	200	16	8	112	43200	10800	same_literal_match_rows_v2	uniform_stored_rows_v1	fresh_process_role_specific_cores_paired_host_time_rss_v3
VCKSS-COMPARATIVE-SCALING-TASK-V3	151	scale_strong_d6_n7680_c1_r1	e1514185445cab36f930c90a44c5a4e23326e027	fbed59bf26bd6cf641bec0946ff6d32cdfe992786852947c530678dd4c86a026	strong_d6	strong	6	7680	1280	32	1	1	1	1	1	1	104729	mata,rust,matlab	200	16	8	112	43200	10800	same_literal_match_rows_v2	uniform_stored_rows_v1	fresh_process_role_specific_cores_paired_host_time_rss_v3
VCKSS-COMPARATIVE-SCALING-TASK-V3	152	scale_strong_d6_n7680_c1_r2	e1514185445cab36f930c90a44c5a4e23326e027	fbed59bf26bd6cf641bec0946ff6d32cdfe992786852947c530678dd4c86a026	strong_d6	strong	6	7680	1280	32	1	1	1	1	1	2	8675309	rust,matlab,mata	200	16	8	112	43200	10800	same_literal_match_rows_v2	uniform_stored_rows_v1	fresh_process_role_specific_cores_paired_host_time_rss_v3
VCKSS-COMPARATIVE-SCALING-TASK-V3	153	scale_strong_d6_n7680_c1_r3	e1514185445cab36f930c90a44c5a4e23326e027	fbed59bf26bd6cf641bec0946ff6d32cdfe992786852947c530678dd4c86a026	strong_d6	strong	6	7680	1280	32	1	1	1	1	1	3	20260819	matlab,mata,rust	200	16	8	112	43200	10800	same_literal_match_rows_v2	uniform_stored_rows_v1	fresh_process_role_specific_cores_paired_host_time_rss_v3
VCKSS-COMPARATIVE-SCALING-TASK-V3	154	scale_strong_d6_n7680_c2_r1	e1514185445cab36f930c90a44c5a4e23326e027	fbed59bf26bd6cf641bec0946ff6d32cdfe992786852947c530678dd4c86a026	strong_d6	strong	6	7680	1280	32	2	2	2	2	2	1	104729	mata,rust,matlab	200	16	8	112	43200	10800	same_literal_match_rows_v2	uniform_stored_rows_v1	fresh_process_role_specific_cores_paired_host_time_rss_v3
VCKSS-COMPARATIVE-SCALING-TASK-V3	155	scale_strong_d6_n7680_c2_r2	e1514185445cab36f930c90a44c5a4e23326e027	fbed59bf26bd6cf641bec0946ff6d32cdfe992786852947c530678dd4c86a026	strong_d6	strong	6	7680	1280	32	2	2	2	2	2	2	8675309	rust,matlab,mata	200	16	8	112	43200	10800	same_literal_match_rows_v2	uniform_stored_rows_v1	fresh_process_role_specific_cores_paired_host_time_rss_v3
VCKSS-COMPARATIVE-SCALING-TASK-V3	156	scale_strong_d6_n7680_c2_r3	e1514185445cab36f930c90a44c5a4e23326e027	fbed59bf26bd6cf641bec0946ff6d32cdfe992786852947c530678dd4c86a026	strong_d6	strong	6	7680	1280	32	2	2	2	2	2	3	20260819	matlab,mata,rust	200	16	8	112	43200	10800	same_literal_match_rows_v2	uniform_stored_rows_v1	fresh_process_role_specific_cores_paired_host_time_rss_v3
VCKSS-COMPARATIVE-SCALING-TASK-V3	157	scale_strong_d6_n7680_c4_r1	e1514185445cab36f930c90a44c5a4e23326e027	fbed59bf26bd6cf641bec0946ff6d32cdfe992786852947c530678dd4c86a026	strong_d6	strong	6	7680	1280	32	4	4	4	4	4	1	104729	mata,rust,matlab	200	16	8	112	43200	10800	same_literal_match_rows_v2	uniform_stored_rows_v1	fresh_process_role_specific_cores_paired_host_time_rss_v3
VCKSS-COMPARATIVE-SCALING-TASK-V3	158	scale_strong_d6_n7680_c4_r2	e1514185445cab36f930c90a44c5a4e23326e027	fbed59bf26bd6cf641bec0946ff6d32cdfe992786852947c530678dd4c86a026	strong_d6	strong	6	7680	1280	32	4	4	4	4	4	2	8675309	rust,matlab,mata	200	16	8	112	43200	10800	same_literal_match_rows_v2	uniform_stored_rows_v1	fresh_process_role_specific_cores_paired_host_time_rss_v3
VCKSS-COMPARATIVE-SCALING-TASK-V3	159	scale_strong_d6_n7680_c4_r3	e1514185445cab36f930c90a44c5a4e23326e027	fbed59bf26bd6cf641bec0946ff6d32cdfe992786852947c530678dd4c86a026	strong_d6	strong	6	7680	1280	32	4	4	4	4	4	3	20260819	matlab,mata,rust	200	16	8	112	43200	10800	same_literal_match_rows_v2	uniform_stored_rows_v1	fresh_process_role_specific_cores_paired_host_time_rss_v3
VCKSS-COMPARATIVE-SCALING-TASK-V3	160	scale_strong_d6_n7680_c8_r1	e1514185445cab36f930c90a44c5a4e23326e027	fbed59bf26bd6cf641bec0946ff6d32cdfe992786852947c530678dd4c86a026	strong_d6	strong	6	7680	1280	32	8	4	4	8	8	1	104729	mata,rust,matlab	200	16	8	112	43200	10800	same_literal_match_rows_v2	uniform_stored_rows_v1	fresh_process_role_specific_cores_paired_host_time_rss_v3
VCKSS-COMPARATIVE-SCALING-TASK-V3	161	scale_strong_d6_n7680_c8_r2	e1514185445cab36f930c90a44c5a4e23326e027	fbed59bf26bd6cf641bec0946ff6d32cdfe992786852947c530678dd4c86a026	strong_d6	strong	6	7680	1280	32	8	4	4	8	8	2	8675309	rust,matlab,mata	200	16	8	112	43200	10800	same_literal_match_rows_v2	uniform_stored_rows_v1	fresh_process_role_specific_cores_paired_host_time_rss_v3
VCKSS-COMPARATIVE-SCALING-TASK-V3	162	scale_strong_d6_n7680_c8_r3	e1514185445cab36f930c90a44c5a4e23326e027	fbed59bf26bd6cf641bec0946ff6d32cdfe992786852947c530678dd4c86a026	strong_d6	strong	6	7680	1280	32	8	4	4	8	8	3	20260819	matlab,mata,rust	200	16	8	112	43200	10800	same_literal_match_rows_v2	uniform_stored_rows_v1	fresh_process_role_specific_cores_paired_host_time_rss_v3
VCKSS-COMPARATIVE-SCALING-TASK-V3	163	scale_strong_d6_n7680_c16_r1	e1514185445cab36f930c90a44c5a4e23326e027	fbed59bf26bd6cf641bec0946ff6d32cdfe992786852947c530678dd4c86a026	strong_d6	strong	6	7680	1280	32	16	4	4	16	16	1	104729	mata,rust,matlab	200	16	8	112	43200	10800	same_literal_match_rows_v2	uniform_stored_rows_v1	fresh_process_role_specific_cores_paired_host_time_rss_v3
VCKSS-COMPARATIVE-SCALING-TASK-V3	164	scale_strong_d6_n7680_c16_r2	e1514185445cab36f930c90a44c5a4e23326e027	fbed59bf26bd6cf641bec0946ff6d32cdfe992786852947c530678dd4c86a026	strong_d6	strong	6	7680	1280	32	16	4	4	16	16	2	8675309	rust,matlab,mata	200	16	8	112	43200	10800	same_literal_match_rows_v2	uniform_stored_rows_v1	fresh_process_role_specific_cores_paired_host_time_rss_v3
VCKSS-COMPARATIVE-SCALING-TASK-V3	165	scale_strong_d6_n7680_c16_r3	e1514185445cab36f930c90a44c5a4e23326e027	fbed59bf26bd6cf641bec0946ff6d32cdfe992786852947c530678dd4c86a026	strong_d6	strong	6	7680	1280	32	16	4	4	16	16	3	20260819	matlab,mata,rust	200	16	8	112	43200	10800	same_literal_match_rows_v2	uniform_stored_rows_v1	fresh_process_role_specific_cores_paired_host_time_rss_v3
VCKSS-COMPARATIVE-SCALING-TASK-V3	166	scale_strong_d6_n30720_c1_r1	e1514185445cab36f930c90a44c5a4e23326e027	fbed59bf26bd6cf641bec0946ff6d32cdfe992786852947c530678dd4c86a026	strong_d6	strong	6	30720	5120	128	1	1	1	1	1	1	104729	mata,rust,matlab	200	16	8	112	43200	10800	same_literal_match_rows_v2	uniform_stored_rows_v1	fresh_process_role_specific_cores_paired_host_time_rss_v3
VCKSS-COMPARATIVE-SCALING-TASK-V3	167	scale_strong_d6_n30720_c1_r2	e1514185445cab36f930c90a44c5a4e23326e027	fbed59bf26bd6cf641bec0946ff6d32cdfe992786852947c530678dd4c86a026	strong_d6	strong	6	30720	5120	128	1	1	1	1	1	2	8675309	rust,matlab,mata	200	16	8	112	43200	10800	same_literal_match_rows_v2	uniform_stored_rows_v1	fresh_process_role_specific_cores_paired_host_time_rss_v3
VCKSS-COMPARATIVE-SCALING-TASK-V3	168	scale_strong_d6_n30720_c1_r3	e1514185445cab36f930c90a44c5a4e23326e027	fbed59bf26bd6cf641bec0946ff6d32cdfe992786852947c530678dd4c86a026	strong_d6	strong	6	30720	5120	128	1	1	1	1	1	3	20260819	matlab,mata,rust	200	16	8	112	43200	10800	same_literal_match_rows_v2	uniform_stored_rows_v1	fresh_process_role_specific_cores_paired_host_time_rss_v3
VCKSS-COMPARATIVE-SCALING-TASK-V3	169	scale_strong_d6_n30720_c2_r1	e1514185445cab36f930c90a44c5a4e23326e027	fbed59bf26bd6cf641bec0946ff6d32cdfe992786852947c530678dd4c86a026	strong_d6	strong	6	30720	5120	128	2	2	2	2	2	1	104729	mata,rust,matlab	200	16	8	112	43200	10800	same_literal_match_rows_v2	uniform_stored_rows_v1	fresh_process_role_specific_cores_paired_host_time_rss_v3
VCKSS-COMPARATIVE-SCALING-TASK-V3	170	scale_strong_d6_n30720_c2_r2	e1514185445cab36f930c90a44c5a4e23326e027	fbed59bf26bd6cf641bec0946ff6d32cdfe992786852947c530678dd4c86a026	strong_d6	strong	6	30720	5120	128	2	2	2	2	2	2	8675309	rust,matlab,mata	200	16	8	112	43200	10800	same_literal_match_rows_v2	uniform_stored_rows_v1	fresh_process_role_specific_cores_paired_host_time_rss_v3
VCKSS-COMPARATIVE-SCALING-TASK-V3	171	scale_strong_d6_n30720_c2_r3	e1514185445cab36f930c90a44c5a4e23326e027	fbed59bf26bd6cf641bec0946ff6d32cdfe992786852947c530678dd4c86a026	strong_d6	strong	6	30720	5120	128	2	2	2	2	2	3	20260819	matlab,mata,rust	200	16	8	112	43200	10800	same_literal_match_rows_v2	uniform_stored_rows_v1	fresh_process_role_specific_cores_paired_host_time_rss_v3
VCKSS-COMPARATIVE-SCALING-TASK-V3	172	scale_strong_d6_n30720_c4_r1	e1514185445cab36f930c90a44c5a4e23326e027	fbed59bf26bd6cf641bec0946ff6d32cdfe992786852947c530678dd4c86a026	strong_d6	strong	6	30720	5120	128	4	4	4	4	4	1	104729	mata,rust,matlab	200	16	8	112	43200	10800	same_literal_match_rows_v2	uniform_stored_rows_v1	fresh_process_role_specific_cores_paired_host_time_rss_v3
VCKSS-COMPARATIVE-SCALING-TASK-V3	173	scale_strong_d6_n30720_c4_r2	e1514185445cab36f930c90a44c5a4e23326e027	fbed59bf26bd6cf641bec0946ff6d32cdfe992786852947c530678dd4c86a026	strong_d6	strong	6	30720	5120	128	4	4	4	4	4	2	8675309	rust,matlab,mata	200	16	8	112	43200	10800	same_literal_match_rows_v2	uniform_stored_rows_v1	fresh_process_role_specific_cores_paired_host_time_rss_v3
VCKSS-COMPARATIVE-SCALING-TASK-V3	174	scale_strong_d6_n30720_c4_r3	e1514185445cab36f930c90a44c5a4e23326e027	fbed59bf26bd6cf641bec0946ff6d32cdfe992786852947c530678dd4c86a026	strong_d6	strong	6	30720	5120	128	4	4	4	4	4	3	20260819	matlab,mata,rust	200	16	8	112	43200	10800	same_literal_match_rows_v2	uniform_stored_rows_v1	fresh_process_role_specific_cores_paired_host_time_rss_v3
VCKSS-COMPARATIVE-SCALING-TASK-V3	175	scale_strong_d6_n30720_c8_r1	e1514185445cab36f930c90a44c5a4e23326e027	fbed59bf26bd6cf641bec0946ff6d32cdfe992786852947c530678dd4c86a026	strong_d6	strong	6	30720	5120	128	8	4	4	8	8	1	104729	mata,rust,matlab	200	16	8	112	43200	10800	same_literal_match_rows_v2	uniform_stored_rows_v1	fresh_process_role_specific_cores_paired_host_time_rss_v3
VCKSS-COMPARATIVE-SCALING-TASK-V3	176	scale_strong_d6_n30720_c8_r2	e1514185445cab36f930c90a44c5a4e23326e027	fbed59bf26bd6cf641bec0946ff6d32cdfe992786852947c530678dd4c86a026	strong_d6	strong	6	30720	5120	128	8	4	4	8	8	2	8675309	rust,matlab,mata	200	16	8	112	43200	10800	same_literal_match_rows_v2	uniform_stored_rows_v1	fresh_process_role_specific_cores_paired_host_time_rss_v3
VCKSS-COMPARATIVE-SCALING-TASK-V3	177	scale_strong_d6_n30720_c8_r3	e1514185445cab36f930c90a44c5a4e23326e027	fbed59bf26bd6cf641bec0946ff6d32cdfe992786852947c530678dd4c86a026	strong_d6	strong	6	30720	5120	128	8	4	4	8	8	3	20260819	matlab,mata,rust	200	16	8	112	43200	10800	same_literal_match_rows_v2	uniform_stored_rows_v1	fresh_process_role_specific_cores_paired_host_time_rss_v3
VCKSS-COMPARATIVE-SCALING-TASK-V3	178	scale_strong_d6_n30720_c16_r1	e1514185445cab36f930c90a44c5a4e23326e027	fbed59bf26bd6cf641bec0946ff6d32cdfe992786852947c530678dd4c86a026	strong_d6	strong	6	30720	5120	128	16	4	4	16	16	1	104729	mata,rust,matlab	200	16	8	112	43200	10800	same_literal_match_rows_v2	uniform_stored_rows_v1	fresh_process_role_specific_cores_paired_host_time_rss_v3
VCKSS-COMPARATIVE-SCALING-TASK-V3	179	scale_strong_d6_n30720_c16_r2	e1514185445cab36f930c90a44c5a4e23326e027	fbed59bf26bd6cf641bec0946ff6d32cdfe992786852947c530678dd4c86a026	strong_d6	strong	6	30720	5120	128	16	4	4	16	16	2	8675309	rust,matlab,mata	200	16	8	112	43200	10800	same_literal_match_rows_v2	uniform_stored_rows_v1	fresh_process_role_specific_cores_paired_host_time_rss_v3
VCKSS-COMPARATIVE-SCALING-TASK-V3	180	scale_strong_d6_n30720_c16_r3	e1514185445cab36f930c90a44c5a4e23326e027	fbed59bf26bd6cf641bec0946ff6d32cdfe992786852947c530678dd4c86a026	strong_d6	strong	6	30720	5120	128	16	4	4	16	16	3	20260819	matlab,mata,rust	200	16	8	112	43200	10800	same_literal_match_rows_v2	uniform_stored_rows_v1	fresh_process_role_specific_cores_paired_host_time_rss_v3
VCKSS-COMPARATIVE-SCALING-TASK-V3	181	scale_strong_d6_n122880_c1_r1	e1514185445cab36f930c90a44c5a4e23326e027	fbed59bf26bd6cf641bec0946ff6d32cdfe992786852947c530678dd4c86a026	strong_d6	strong	6	122880	20480	512	1	1	1	1	1	1	104729	mata,rust,matlab	200	16	8	112	43200	10800	same_literal_match_rows_v2	uniform_stored_rows_v1	fresh_process_role_specific_cores_paired_host_time_rss_v3
VCKSS-COMPARATIVE-SCALING-TASK-V3	182	scale_strong_d6_n122880_c1_r2	e1514185445cab36f930c90a44c5a4e23326e027	fbed59bf26bd6cf641bec0946ff6d32cdfe992786852947c530678dd4c86a026	strong_d6	strong	6	122880	20480	512	1	1	1	1	1	2	8675309	rust,matlab,mata	200	16	8	112	43200	10800	same_literal_match_rows_v2	uniform_stored_rows_v1	fresh_process_role_specific_cores_paired_host_time_rss_v3
VCKSS-COMPARATIVE-SCALING-TASK-V3	183	scale_strong_d6_n122880_c1_r3	e1514185445cab36f930c90a44c5a4e23326e027	fbed59bf26bd6cf641bec0946ff6d32cdfe992786852947c530678dd4c86a026	strong_d6	strong	6	122880	20480	512	1	1	1	1	1	3	20260819	matlab,mata,rust	200	16	8	112	43200	10800	same_literal_match_rows_v2	uniform_stored_rows_v1	fresh_process_role_specific_cores_paired_host_time_rss_v3
VCKSS-COMPARATIVE-SCALING-TASK-V3	184	scale_strong_d6_n122880_c2_r1	e1514185445cab36f930c90a44c5a4e23326e027	fbed59bf26bd6cf641bec0946ff6d32cdfe992786852947c530678dd4c86a026	strong_d6	strong	6	122880	20480	512	2	2	2	2	2	1	104729	mata,rust,matlab	200	16	8	112	43200	10800	same_literal_match_rows_v2	uniform_stored_rows_v1	fresh_process_role_specific_cores_paired_host_time_rss_v3
VCKSS-COMPARATIVE-SCALING-TASK-V3	185	scale_strong_d6_n122880_c2_r2	e1514185445cab36f930c90a44c5a4e23326e027	fbed59bf26bd6cf641bec0946ff6d32cdfe992786852947c530678dd4c86a026	strong_d6	strong	6	122880	20480	512	2	2	2	2	2	2	8675309	rust,matlab,mata	200	16	8	112	43200	10800	same_literal_match_rows_v2	uniform_stored_rows_v1	fresh_process_role_specific_cores_paired_host_time_rss_v3
VCKSS-COMPARATIVE-SCALING-TASK-V3	186	scale_strong_d6_n122880_c2_r3	e1514185445cab36f930c90a44c5a4e23326e027	fbed59bf26bd6cf641bec0946ff6d32cdfe992786852947c530678dd4c86a026	strong_d6	strong	6	122880	20480	512	2	2	2	2	2	3	20260819	matlab,mata,rust	200	16	8	112	43200	10800	same_literal_match_rows_v2	uniform_stored_rows_v1	fresh_process_role_specific_cores_paired_host_time_rss_v3
VCKSS-COMPARATIVE-SCALING-TASK-V3	187	scale_strong_d6_n122880_c4_r1	e1514185445cab36f930c90a44c5a4e23326e027	fbed59bf26bd6cf641bec0946ff6d32cdfe992786852947c530678dd4c86a026	strong_d6	strong	6	122880	20480	512	4	4	4	4	4	1	104729	mata,rust,matlab	200	16	8	112	43200	10800	same_literal_match_rows_v2	uniform_stored_rows_v1	fresh_process_role_specific_cores_paired_host_time_rss_v3
VCKSS-COMPARATIVE-SCALING-TASK-V3	188	scale_strong_d6_n122880_c4_r2	e1514185445cab36f930c90a44c5a4e23326e027	fbed59bf26bd6cf641bec0946ff6d32cdfe992786852947c530678dd4c86a026	strong_d6	strong	6	122880	20480	512	4	4	4	4	4	2	8675309	rust,matlab,mata	200	16	8	112	43200	10800	same_literal_match_rows_v2	uniform_stored_rows_v1	fresh_process_role_specific_cores_paired_host_time_rss_v3
VCKSS-COMPARATIVE-SCALING-TASK-V3	189	scale_strong_d6_n122880_c4_r3	e1514185445cab36f930c90a44c5a4e23326e027	fbed59bf26bd6cf641bec0946ff6d32cdfe992786852947c530678dd4c86a026	strong_d6	strong	6	122880	20480	512	4	4	4	4	4	3	20260819	matlab,mata,rust	200	16	8	112	43200	10800	same_literal_match_rows_v2	uniform_stored_rows_v1	fresh_process_role_specific_cores_paired_host_time_rss_v3
VCKSS-COMPARATIVE-SCALING-TASK-V3	190	scale_strong_d6_n122880_c8_r1	e1514185445cab36f930c90a44c5a4e23326e027	fbed59bf26bd6cf641bec0946ff6d32cdfe992786852947c530678dd4c86a026	strong_d6	strong	6	122880	20480	512	8	4	4	8	8	1	104729	mata,rust,matlab	200	16	8	112	43200	10800	same_literal_match_rows_v2	uniform_stored_rows_v1	fresh_process_role_specific_cores_paired_host_time_rss_v3
VCKSS-COMPARATIVE-SCALING-TASK-V3	191	scale_strong_d6_n122880_c8_r2	e1514185445cab36f930c90a44c5a4e23326e027	fbed59bf26bd6cf641bec0946ff6d32cdfe992786852947c530678dd4c86a026	strong_d6	strong	6	122880	20480	512	8	4	4	8	8	2	8675309	rust,matlab,mata	200	16	8	112	43200	10800	same_literal_match_rows_v2	uniform_stored_rows_v1	fresh_process_role_specific_cores_paired_host_time_rss_v3
VCKSS-COMPARATIVE-SCALING-TASK-V3	192	scale_strong_d6_n122880_c8_r3	e1514185445cab36f930c90a44c5a4e23326e027	fbed59bf26bd6cf641bec0946ff6d32cdfe992786852947c530678dd4c86a026	strong_d6	strong	6	122880	20480	512	8	4	4	8	8	3	20260819	matlab,mata,rust	200	16	8	112	43200	10800	same_literal_match_rows_v2	uniform_stored_rows_v1	fresh_process_role_specific_cores_paired_host_time_rss_v3
VCKSS-COMPARATIVE-SCALING-TASK-V3	193	scale_strong_d6_n122880_c16_r1	e1514185445cab36f930c90a44c5a4e23326e027	fbed59bf26bd6cf641bec0946ff6d32cdfe992786852947c530678dd4c86a026	strong_d6	strong	6	122880	20480	512	16	4	4	16	16	1	104729	mata,rust,matlab	200	16	8	112	43200	10800	same_literal_match_rows_v2	uniform_stored_rows_v1	fresh_process_role_specific_cores_paired_host_time_rss_v3
VCKSS-COMPARATIVE-SCALING-TASK-V3	194	scale_strong_d6_n122880_c16_r2	e1514185445cab36f930c90a44c5a4e23326e027	fbed59bf26bd6cf641bec0946ff6d32cdfe992786852947c530678dd4c86a026	strong_d6	strong	6	122880	20480	512	16	4	4	16	16	2	8675309	rust,matlab,mata	200	16	8	112	43200	10800	same_literal_match_rows_v2	uniform_stored_rows_v1	fresh_process_role_specific_cores_paired_host_time_rss_v3
VCKSS-COMPARATIVE-SCALING-TASK-V3	195	scale_strong_d6_n122880_c16_r3	e1514185445cab36f930c90a44c5a4e23326e027	fbed59bf26bd6cf641bec0946ff6d32cdfe992786852947c530678dd4c86a026	strong_d6	strong	6	122880	20480	512	16	4	4	16	16	3	20260819	matlab,mata,rust	200	16	8	112	43200	10800	same_literal_match_rows_v2	uniform_stored_rows_v1	fresh_process_role_specific_cores_paired_host_time_rss_v3
VCKSS-COMPARATIVE-SCALING-TASK-V3	196	scale_strong_d6_n491520_c1_r1	e1514185445cab36f930c90a44c5a4e23326e027	fbed59bf26bd6cf641bec0946ff6d32cdfe992786852947c530678dd4c86a026	strong_d6	strong	6	491520	81920	2048	1	1	1	1	1	1	104729	mata,rust,matlab	200	16	8	112	43200	10800	same_literal_match_rows_v2	uniform_stored_rows_v1	fresh_process_role_specific_cores_paired_host_time_rss_v3
VCKSS-COMPARATIVE-SCALING-TASK-V3	197	scale_strong_d6_n491520_c1_r2	e1514185445cab36f930c90a44c5a4e23326e027	fbed59bf26bd6cf641bec0946ff6d32cdfe992786852947c530678dd4c86a026	strong_d6	strong	6	491520	81920	2048	1	1	1	1	1	2	8675309	rust,matlab,mata	200	16	8	112	43200	10800	same_literal_match_rows_v2	uniform_stored_rows_v1	fresh_process_role_specific_cores_paired_host_time_rss_v3
VCKSS-COMPARATIVE-SCALING-TASK-V3	198	scale_strong_d6_n491520_c1_r3	e1514185445cab36f930c90a44c5a4e23326e027	fbed59bf26bd6cf641bec0946ff6d32cdfe992786852947c530678dd4c86a026	strong_d6	strong	6	491520	81920	2048	1	1	1	1	1	3	20260819	matlab,mata,rust	200	16	8	112	43200	10800	same_literal_match_rows_v2	uniform_stored_rows_v1	fresh_process_role_specific_cores_paired_host_time_rss_v3
VCKSS-COMPARATIVE-SCALING-TASK-V3	199	scale_strong_d6_n491520_c2_r1	e1514185445cab36f930c90a44c5a4e23326e027	fbed59bf26bd6cf641bec0946ff6d32cdfe992786852947c530678dd4c86a026	strong_d6	strong	6	491520	81920	2048	2	2	2	2	2	1	104729	mata,rust,matlab	200	16	8	112	43200	10800	same_literal_match_rows_v2	uniform_stored_rows_v1	fresh_process_role_specific_cores_paired_host_time_rss_v3
VCKSS-COMPARATIVE-SCALING-TASK-V3	200	scale_strong_d6_n491520_c2_r2	e1514185445cab36f930c90a44c5a4e23326e027	fbed59bf26bd6cf641bec0946ff6d32cdfe992786852947c530678dd4c86a026	strong_d6	strong	6	491520	81920	2048	2	2	2	2	2	2	8675309	rust,matlab,mata	200	16	8	112	43200	10800	same_literal_match_rows_v2	uniform_stored_rows_v1	fresh_process_role_specific_cores_paired_host_time_rss_v3
VCKSS-COMPARATIVE-SCALING-TASK-V3	201	scale_strong_d6_n491520_c2_r3	e1514185445cab36f930c90a44c5a4e23326e027	fbed59bf26bd6cf641bec0946ff6d32cdfe992786852947c530678dd4c86a026	strong_d6	strong	6	491520	81920	2048	2	2	2	2	2	3	20260819	matlab,mata,rust	200	16	8	112	43200	10800	same_literal_match_rows_v2	uniform_stored_rows_v1	fresh_process_role_specific_cores_paired_host_time_rss_v3
VCKSS-COMPARATIVE-SCALING-TASK-V3	202	scale_strong_d6_n491520_c4_r1	e1514185445cab36f930c90a44c5a4e23326e027	fbed59bf26bd6cf641bec0946ff6d32cdfe992786852947c530678dd4c86a026	strong_d6	strong	6	491520	81920	2048	4	4	4	4	4	1	104729	mata,rust,matlab	200	16	8	112	43200	10800	same_literal_match_rows_v2	uniform_stored_rows_v1	fresh_process_role_specific_cores_paired_host_time_rss_v3
VCKSS-COMPARATIVE-SCALING-TASK-V3	203	scale_strong_d6_n491520_c4_r2	e1514185445cab36f930c90a44c5a4e23326e027	fbed59bf26bd6cf641bec0946ff6d32cdfe992786852947c530678dd4c86a026	strong_d6	strong	6	491520	81920	2048	4	4	4	4	4	2	8675309	rust,matlab,mata	200	16	8	112	43200	10800	same_literal_match_rows_v2	uniform_stored_rows_v1	fresh_process_role_specific_cores_paired_host_time_rss_v3
VCKSS-COMPARATIVE-SCALING-TASK-V3	204	scale_strong_d6_n491520_c4_r3	e1514185445cab36f930c90a44c5a4e23326e027	fbed59bf26bd6cf641bec0946ff6d32cdfe992786852947c530678dd4c86a026	strong_d6	strong	6	491520	81920	2048	4	4	4	4	4	3	20260819	matlab,mata,rust	200	16	8	112	43200	10800	same_literal_match_rows_v2	uniform_stored_rows_v1	fresh_process_role_specific_cores_paired_host_time_rss_v3
VCKSS-COMPARATIVE-SCALING-TASK-V3	205	scale_strong_d6_n491520_c8_r1	e1514185445cab36f930c90a44c5a4e23326e027	fbed59bf26bd6cf641bec0946ff6d32cdfe992786852947c530678dd4c86a026	strong_d6	strong	6	491520	81920	2048	8	4	4	8	8	1	104729	mata,rust,matlab	200	16	8	112	43200	10800	same_literal_match_rows_v2	uniform_stored_rows_v1	fresh_process_role_specific_cores_paired_host_time_rss_v3
VCKSS-COMPARATIVE-SCALING-TASK-V3	206	scale_strong_d6_n491520_c8_r2	e1514185445cab36f930c90a44c5a4e23326e027	fbed59bf26bd6cf641bec0946ff6d32cdfe992786852947c530678dd4c86a026	strong_d6	strong	6	491520	81920	2048	8	4	4	8	8	2	8675309	rust,matlab,mata	200	16	8	112	43200	10800	same_literal_match_rows_v2	uniform_stored_rows_v1	fresh_process_role_specific_cores_paired_host_time_rss_v3
VCKSS-COMPARATIVE-SCALING-TASK-V3	207	scale_strong_d6_n491520_c8_r3	e1514185445cab36f930c90a44c5a4e23326e027	fbed59bf26bd6cf641bec0946ff6d32cdfe992786852947c530678dd4c86a026	strong_d6	strong	6	491520	81920	2048	8	4	4	8	8	3	20260819	matlab,mata,rust	200	16	8	112	43200	10800	same_literal_match_rows_v2	uniform_stored_rows_v1	fresh_process_role_specific_cores_paired_host_time_rss_v3
VCKSS-COMPARATIVE-SCALING-TASK-V3	208	scale_strong_d6_n491520_c16_r1	e1514185445cab36f930c90a44c5a4e23326e027	fbed59bf26bd6cf641bec0946ff6d32cdfe992786852947c530678dd4c86a026	strong_d6	strong	6	491520	81920	2048	16	4	4	16	16	1	104729	mata,rust,matlab	200	16	8	112	43200	10800	same_literal_match_rows_v2	uniform_stored_rows_v1	fresh_process_role_specific_cores_paired_host_time_rss_v3
VCKSS-COMPARATIVE-SCALING-TASK-V3	209	scale_strong_d6_n491520_c16_r2	e1514185445cab36f930c90a44c5a4e23326e027	fbed59bf26bd6cf641bec0946ff6d32cdfe992786852947c530678dd4c86a026	strong_d6	strong	6	491520	81920	2048	16	4	4	16	16	2	8675309	rust,matlab,mata	200	16	8	112	43200	10800	same_literal_match_rows_v2	uniform_stored_rows_v1	fresh_process_role_specific_cores_paired_host_time_rss_v3
VCKSS-COMPARATIVE-SCALING-TASK-V3	210	scale_strong_d6_n491520_c16_r3	e1514185445cab36f930c90a44c5a4e23326e027	fbed59bf26bd6cf641bec0946ff6d32cdfe992786852947c530678dd4c86a026	strong_d6	strong	6	491520	81920	2048	16	4	4	16	16	3	20260819	matlab,mata,rust	200	16	8	112	43200	10800	same_literal_match_rows_v2	uniform_stored_rows_v1	fresh_process_role_specific_cores_paired_host_time_rss_v3
VCKSS-COMPARATIVE-SCALING-TASK-V3	211	scale_strong_d6_n1966080_c1_r1	e1514185445cab36f930c90a44c5a4e23326e027	fbed59bf26bd6cf641bec0946ff6d32cdfe992786852947c530678dd4c86a026	strong_d6	strong	6	1966080	327680	8192	1	1	1	1	1	1	104729	mata,rust,matlab	200	16	8	112	43200	10800	same_literal_match_rows_v2	uniform_stored_rows_v1	fresh_process_role_specific_cores_paired_host_time_rss_v3
VCKSS-COMPARATIVE-SCALING-TASK-V3	212	scale_strong_d6_n1966080_c1_r2	e1514185445cab36f930c90a44c5a4e23326e027	fbed59bf26bd6cf641bec0946ff6d32cdfe992786852947c530678dd4c86a026	strong_d6	strong	6	1966080	327680	8192	1	1	1	1	1	2	8675309	rust,matlab,mata	200	16	8	112	43200	10800	same_literal_match_rows_v2	uniform_stored_rows_v1	fresh_process_role_specific_cores_paired_host_time_rss_v3
VCKSS-COMPARATIVE-SCALING-TASK-V3	213	scale_strong_d6_n1966080_c1_r3	e1514185445cab36f930c90a44c5a4e23326e027	fbed59bf26bd6cf641bec0946ff6d32cdfe992786852947c530678dd4c86a026	strong_d6	strong	6	1966080	327680	8192	1	1	1	1	1	3	20260819	matlab,mata,rust	200	16	8	112	43200	10800	same_literal_match_rows_v2	uniform_stored_rows_v1	fresh_process_role_specific_cores_paired_host_time_rss_v3
VCKSS-COMPARATIVE-SCALING-TASK-V3	214	scale_strong_d6_n1966080_c2_r1	e1514185445cab36f930c90a44c5a4e23326e027	fbed59bf26bd6cf641bec0946ff6d32cdfe992786852947c530678dd4c86a026	strong_d6	strong	6	1966080	327680	8192	2	2	2	2	2	1	104729	mata,rust,matlab	200	16	8	112	43200	10800	same_literal_match_rows_v2	uniform_stored_rows_v1	fresh_process_role_specific_cores_paired_host_time_rss_v3
VCKSS-COMPARATIVE-SCALING-TASK-V3	215	scale_strong_d6_n1966080_c2_r2	e1514185445cab36f930c90a44c5a4e23326e027	fbed59bf26bd6cf641bec0946ff6d32cdfe992786852947c530678dd4c86a026	strong_d6	strong	6	1966080	327680	8192	2	2	2	2	2	2	8675309	rust,matlab,mata	200	16	8	112	43200	10800	same_literal_match_rows_v2	uniform_stored_rows_v1	fresh_process_role_specific_cores_paired_host_time_rss_v3
VCKSS-COMPARATIVE-SCALING-TASK-V3	216	scale_strong_d6_n1966080_c2_r3	e1514185445cab36f930c90a44c5a4e23326e027	fbed59bf26bd6cf641bec0946ff6d32cdfe992786852947c530678dd4c86a026	strong_d6	strong	6	1966080	327680	8192	2	2	2	2	2	3	20260819	matlab,mata,rust	200	16	8	112	43200	10800	same_literal_match_rows_v2	uniform_stored_rows_v1	fresh_process_role_specific_cores_paired_host_time_rss_v3
VCKSS-COMPARATIVE-SCALING-TASK-V3	217	scale_strong_d6_n1966080_c4_r1	e1514185445cab36f930c90a44c5a4e23326e027	fbed59bf26bd6cf641bec0946ff6d32cdfe992786852947c530678dd4c86a026	strong_d6	strong	6	1966080	327680	8192	4	4	4	4	4	1	104729	mata,rust,matlab	200	16	8	112	43200	10800	same_literal_match_rows_v2	uniform_stored_rows_v1	fresh_process_role_specific_cores_paired_host_time_rss_v3
VCKSS-COMPARATIVE-SCALING-TASK-V3	218	scale_strong_d6_n1966080_c4_r2	e1514185445cab36f930c90a44c5a4e23326e027	fbed59bf26bd6cf641bec0946ff6d32cdfe992786852947c530678dd4c86a026	strong_d6	strong	6	1966080	327680	8192	4	4	4	4	4	2	8675309	rust,matlab,mata	200	16	8	112	43200	10800	same_literal_match_rows_v2	uniform_stored_rows_v1	fresh_process_role_specific_cores_paired_host_time_rss_v3
VCKSS-COMPARATIVE-SCALING-TASK-V3	219	scale_strong_d6_n1966080_c4_r3	e1514185445cab36f930c90a44c5a4e23326e027	fbed59bf26bd6cf641bec0946ff6d32cdfe992786852947c530678dd4c86a026	strong_d6	strong	6	1966080	327680	8192	4	4	4	4	4	3	20260819	matlab,mata,rust	200	16	8	112	43200	10800	same_literal_match_rows_v2	uniform_stored_rows_v1	fresh_process_role_specific_cores_paired_host_time_rss_v3
VCKSS-COMPARATIVE-SCALING-TASK-V3	220	scale_strong_d6_n1966080_c8_r1	e1514185445cab36f930c90a44c5a4e23326e027	fbed59bf26bd6cf641bec0946ff6d32cdfe992786852947c530678dd4c86a026	strong_d6	strong	6	1966080	327680	8192	8	4	4	8	8	1	104729	mata,rust,matlab	200	16	8	112	43200	10800	same_literal_match_rows_v2	uniform_stored_rows_v1	fresh_process_role_specific_cores_paired_host_time_rss_v3
VCKSS-COMPARATIVE-SCALING-TASK-V3	221	scale_strong_d6_n1966080_c8_r2	e1514185445cab36f930c90a44c5a4e23326e027	fbed59bf26bd6cf641bec0946ff6d32cdfe992786852947c530678dd4c86a026	strong_d6	strong	6	1966080	327680	8192	8	4	4	8	8	2	8675309	rust,matlab,mata	200	16	8	112	43200	10800	same_literal_match_rows_v2	uniform_stored_rows_v1	fresh_process_role_specific_cores_paired_host_time_rss_v3
VCKSS-COMPARATIVE-SCALING-TASK-V3	222	scale_strong_d6_n1966080_c8_r3	e1514185445cab36f930c90a44c5a4e23326e027	fbed59bf26bd6cf641bec0946ff6d32cdfe992786852947c530678dd4c86a026	strong_d6	strong	6	1966080	327680	8192	8	4	4	8	8	3	20260819	matlab,mata,rust	200	16	8	112	43200	10800	same_literal_match_rows_v2	uniform_stored_rows_v1	fresh_process_role_specific_cores_paired_host_time_rss_v3
VCKSS-COMPARATIVE-SCALING-TASK-V3	223	scale_strong_d6_n1966080_c16_r1	e1514185445cab36f930c90a44c5a4e23326e027	fbed59bf26bd6cf641bec0946ff6d32cdfe992786852947c530678dd4c86a026	strong_d6	strong	6	1966080	327680	8192	16	4	4	16	16	1	104729	mata,rust,matlab	200	16	8	112	43200	10800	same_literal_match_rows_v2	uniform_stored_rows_v1	fresh_process_role_specific_cores_paired_host_time_rss_v3
VCKSS-COMPARATIVE-SCALING-TASK-V3	224	scale_strong_d6_n1966080_c16_r2	e1514185445cab36f930c90a44c5a4e23326e027	fbed59bf26bd6cf641bec0946ff6d32cdfe992786852947c530678dd4c86a026	strong_d6	strong	6	1966080	327680	8192	16	4	4	16	16	2	8675309	rust,matlab,mata	200	16	8	112	43200	10800	same_literal_match_rows_v2	uniform_stored_rows_v1	fresh_process_role_specific_cores_paired_host_time_rss_v3
VCKSS-COMPARATIVE-SCALING-TASK-V3	225	scale_strong_d6_n1966080_c16_r3	e1514185445cab36f930c90a44c5a4e23326e027	fbed59bf26bd6cf641bec0946ff6d32cdfe992786852947c530678dd4c86a026	strong_d6	strong	6	1966080	327680	8192	16	4	4	16	16	3	20260819	matlab,mata,rust	200	16	8	112	43200	10800	same_literal_match_rows_v2	uniform_stored_rows_v1	fresh_process_role_specific_cores_paired_host_time_rss_v3
VCKSS-COMPARATIVE-SCALING-TASK-V3	226	scale_weak_d3_n7680_c1_r1	e1514185445cab36f930c90a44c5a4e23326e027	fbed59bf26bd6cf641bec0946ff6d32cdfe992786852947c530678dd4c86a026	weak_d3	weak	3	7680	2560	2113	1	1	1	1	1	1	104729	mata,rust,matlab	200	16	8	112	43200	10800	same_literal_match_rows_v2	uniform_stored_rows_v1	fresh_process_role_specific_cores_paired_host_time_rss_v3
VCKSS-COMPARATIVE-SCALING-TASK-V3	227	scale_weak_d3_n7680_c1_r2	e1514185445cab36f930c90a44c5a4e23326e027	fbed59bf26bd6cf641bec0946ff6d32cdfe992786852947c530678dd4c86a026	weak_d3	weak	3	7680	2560	2113	1	1	1	1	1	2	8675309	rust,matlab,mata	200	16	8	112	43200	10800	same_literal_match_rows_v2	uniform_stored_rows_v1	fresh_process_role_specific_cores_paired_host_time_rss_v3
VCKSS-COMPARATIVE-SCALING-TASK-V3	228	scale_weak_d3_n7680_c1_r3	e1514185445cab36f930c90a44c5a4e23326e027	fbed59bf26bd6cf641bec0946ff6d32cdfe992786852947c530678dd4c86a026	weak_d3	weak	3	7680	2560	2113	1	1	1	1	1	3	20260819	matlab,mata,rust	200	16	8	112	43200	10800	same_literal_match_rows_v2	uniform_stored_rows_v1	fresh_process_role_specific_cores_paired_host_time_rss_v3
VCKSS-COMPARATIVE-SCALING-TASK-V3	229	scale_weak_d3_n7680_c2_r1	e1514185445cab36f930c90a44c5a4e23326e027	fbed59bf26bd6cf641bec0946ff6d32cdfe992786852947c530678dd4c86a026	weak_d3	weak	3	7680	2560	2113	2	2	2	2	2	1	104729	mata,rust,matlab	200	16	8	112	43200	10800	same_literal_match_rows_v2	uniform_stored_rows_v1	fresh_process_role_specific_cores_paired_host_time_rss_v3
VCKSS-COMPARATIVE-SCALING-TASK-V3	230	scale_weak_d3_n7680_c2_r2	e1514185445cab36f930c90a44c5a4e23326e027	fbed59bf26bd6cf641bec0946ff6d32cdfe992786852947c530678dd4c86a026	weak_d3	weak	3	7680	2560	2113	2	2	2	2	2	2	8675309	rust,matlab,mata	200	16	8	112	43200	10800	same_literal_match_rows_v2	uniform_stored_rows_v1	fresh_process_role_specific_cores_paired_host_time_rss_v3
VCKSS-COMPARATIVE-SCALING-TASK-V3	231	scale_weak_d3_n7680_c2_r3	e1514185445cab36f930c90a44c5a4e23326e027	fbed59bf26bd6cf641bec0946ff6d32cdfe992786852947c530678dd4c86a026	weak_d3	weak	3	7680	2560	2113	2	2	2	2	2	3	20260819	matlab,mata,rust	200	16	8	112	43200	10800	same_literal_match_rows_v2	uniform_stored_rows_v1	fresh_process_role_specific_cores_paired_host_time_rss_v3
VCKSS-COMPARATIVE-SCALING-TASK-V3	232	scale_weak_d3_n7680_c4_r1	e1514185445cab36f930c90a44c5a4e23326e027	fbed59bf26bd6cf641bec0946ff6d32cdfe992786852947c530678dd4c86a026	weak_d3	weak	3	7680	2560	2113	4	4	4	4	4	1	104729	mata,rust,matlab	200	16	8	112	43200	10800	same_literal_match_rows_v2	uniform_stored_rows_v1	fresh_process_role_specific_cores_paired_host_time_rss_v3
VCKSS-COMPARATIVE-SCALING-TASK-V3	233	scale_weak_d3_n7680_c4_r2	e1514185445cab36f930c90a44c5a4e23326e027	fbed59bf26bd6cf641bec0946ff6d32cdfe992786852947c530678dd4c86a026	weak_d3	weak	3	7680	2560	2113	4	4	4	4	4	2	8675309	rust,matlab,mata	200	16	8	112	43200	10800	same_literal_match_rows_v2	uniform_stored_rows_v1	fresh_process_role_specific_cores_paired_host_time_rss_v3
VCKSS-COMPARATIVE-SCALING-TASK-V3	234	scale_weak_d3_n7680_c4_r3	e1514185445cab36f930c90a44c5a4e23326e027	fbed59bf26bd6cf641bec0946ff6d32cdfe992786852947c530678dd4c86a026	weak_d3	weak	3	7680	2560	2113	4	4	4	4	4	3	20260819	matlab,mata,rust	200	16	8	112	43200	10800	same_literal_match_rows_v2	uniform_stored_rows_v1	fresh_process_role_specific_cores_paired_host_time_rss_v3
VCKSS-COMPARATIVE-SCALING-TASK-V3	235	scale_weak_d3_n7680_c8_r1	e1514185445cab36f930c90a44c5a4e23326e027	fbed59bf26bd6cf641bec0946ff6d32cdfe992786852947c530678dd4c86a026	weak_d3	weak	3	7680	2560	2113	8	4	4	8	8	1	104729	mata,rust,matlab	200	16	8	112	43200	10800	same_literal_match_rows_v2	uniform_stored_rows_v1	fresh_process_role_specific_cores_paired_host_time_rss_v3
VCKSS-COMPARATIVE-SCALING-TASK-V3	236	scale_weak_d3_n7680_c8_r2	e1514185445cab36f930c90a44c5a4e23326e027	fbed59bf26bd6cf641bec0946ff6d32cdfe992786852947c530678dd4c86a026	weak_d3	weak	3	7680	2560	2113	8	4	4	8	8	2	8675309	rust,matlab,mata	200	16	8	112	43200	10800	same_literal_match_rows_v2	uniform_stored_rows_v1	fresh_process_role_specific_cores_paired_host_time_rss_v3
VCKSS-COMPARATIVE-SCALING-TASK-V3	237	scale_weak_d3_n7680_c8_r3	e1514185445cab36f930c90a44c5a4e23326e027	fbed59bf26bd6cf641bec0946ff6d32cdfe992786852947c530678dd4c86a026	weak_d3	weak	3	7680	2560	2113	8	4	4	8	8	3	20260819	matlab,mata,rust	200	16	8	112	43200	10800	same_literal_match_rows_v2	uniform_stored_rows_v1	fresh_process_role_specific_cores_paired_host_time_rss_v3
VCKSS-COMPARATIVE-SCALING-TASK-V3	238	scale_weak_d3_n7680_c16_r1	e1514185445cab36f930c90a44c5a4e23326e027	fbed59bf26bd6cf641bec0946ff6d32cdfe992786852947c530678dd4c86a026	weak_d3	weak	3	7680	2560	2113	16	4	4	16	16	1	104729	mata,rust,matlab	200	16	8	112	43200	10800	same_literal_match_rows_v2	uniform_stored_rows_v1	fresh_process_role_specific_cores_paired_host_time_rss_v3
VCKSS-COMPARATIVE-SCALING-TASK-V3	239	scale_weak_d3_n7680_c16_r2	e1514185445cab36f930c90a44c5a4e23326e027	fbed59bf26bd6cf641bec0946ff6d32cdfe992786852947c530678dd4c86a026	weak_d3	weak	3	7680	2560	2113	16	4	4	16	16	2	8675309	rust,matlab,mata	200	16	8	112	43200	10800	same_literal_match_rows_v2	uniform_stored_rows_v1	fresh_process_role_specific_cores_paired_host_time_rss_v3
VCKSS-COMPARATIVE-SCALING-TASK-V3	240	scale_weak_d3_n7680_c16_r3	e1514185445cab36f930c90a44c5a4e23326e027	fbed59bf26bd6cf641bec0946ff6d32cdfe992786852947c530678dd4c86a026	weak_d3	weak	3	7680	2560	2113	16	4	4	16	16	3	20260819	matlab,mata,rust	200	16	8	112	43200	10800	same_literal_match_rows_v2	uniform_stored_rows_v1	fresh_process_role_specific_cores_paired_host_time_rss_v3
VCKSS-COMPARATIVE-SCALING-TASK-V3	241	scale_weak_d3_n30720_c1_r1	e1514185445cab36f930c90a44c5a4e23326e027	fbed59bf26bd6cf641bec0946ff6d32cdfe992786852947c530678dd4c86a026	weak_d3	weak	3	30720	10240	3649	1	1	1	1	1	1	104729	mata,rust,matlab	200	16	8	112	43200	10800	same_literal_match_rows_v2	uniform_stored_rows_v1	fresh_process_role_specific_cores_paired_host_time_rss_v3
VCKSS-COMPARATIVE-SCALING-TASK-V3	242	scale_weak_d3_n30720_c1_r2	e1514185445cab36f930c90a44c5a4e23326e027	fbed59bf26bd6cf641bec0946ff6d32cdfe992786852947c530678dd4c86a026	weak_d3	weak	3	30720	10240	3649	1	1	1	1	1	2	8675309	rust,matlab,mata	200	16	8	112	43200	10800	same_literal_match_rows_v2	uniform_stored_rows_v1	fresh_process_role_specific_cores_paired_host_time_rss_v3
VCKSS-COMPARATIVE-SCALING-TASK-V3	243	scale_weak_d3_n30720_c1_r3	e1514185445cab36f930c90a44c5a4e23326e027	fbed59bf26bd6cf641bec0946ff6d32cdfe992786852947c530678dd4c86a026	weak_d3	weak	3	30720	10240	3649	1	1	1	1	1	3	20260819	matlab,mata,rust	200	16	8	112	43200	10800	same_literal_match_rows_v2	uniform_stored_rows_v1	fresh_process_role_specific_cores_paired_host_time_rss_v3
VCKSS-COMPARATIVE-SCALING-TASK-V3	244	scale_weak_d3_n30720_c2_r1	e1514185445cab36f930c90a44c5a4e23326e027	fbed59bf26bd6cf641bec0946ff6d32cdfe992786852947c530678dd4c86a026	weak_d3	weak	3	30720	10240	3649	2	2	2	2	2	1	104729	mata,rust,matlab	200	16	8	112	43200	10800	same_literal_match_rows_v2	uniform_stored_rows_v1	fresh_process_role_specific_cores_paired_host_time_rss_v3
VCKSS-COMPARATIVE-SCALING-TASK-V3	245	scale_weak_d3_n30720_c2_r2	e1514185445cab36f930c90a44c5a4e23326e027	fbed59bf26bd6cf641bec0946ff6d32cdfe992786852947c530678dd4c86a026	weak_d3	weak	3	30720	10240	3649	2	2	2	2	2	2	8675309	rust,matlab,mata	200	16	8	112	43200	10800	same_literal_match_rows_v2	uniform_stored_rows_v1	fresh_process_role_specific_cores_paired_host_time_rss_v3
VCKSS-COMPARATIVE-SCALING-TASK-V3	246	scale_weak_d3_n30720_c2_r3	e1514185445cab36f930c90a44c5a4e23326e027	fbed59bf26bd6cf641bec0946ff6d32cdfe992786852947c530678dd4c86a026	weak_d3	weak	3	30720	10240	3649	2	2	2	2	2	3	20260819	matlab,mata,rust	200	16	8	112	43200	10800	same_literal_match_rows_v2	uniform_stored_rows_v1	fresh_process_role_specific_cores_paired_host_time_rss_v3
VCKSS-COMPARATIVE-SCALING-TASK-V3	247	scale_weak_d3_n30720_c4_r1	e1514185445cab36f930c90a44c5a4e23326e027	fbed59bf26bd6cf641bec0946ff6d32cdfe992786852947c530678dd4c86a026	weak_d3	weak	3	30720	10240	3649	4	4	4	4	4	1	104729	mata,rust,matlab	200	16	8	112	43200	10800	same_literal_match_rows_v2	uniform_stored_rows_v1	fresh_process_role_specific_cores_paired_host_time_rss_v3
VCKSS-COMPARATIVE-SCALING-TASK-V3	248	scale_weak_d3_n30720_c4_r2	e1514185445cab36f930c90a44c5a4e23326e027	fbed59bf26bd6cf641bec0946ff6d32cdfe992786852947c530678dd4c86a026	weak_d3	weak	3	30720	10240	3649	4	4	4	4	4	2	8675309	rust,matlab,mata	200	16	8	112	43200	10800	same_literal_match_rows_v2	uniform_stored_rows_v1	fresh_process_role_specific_cores_paired_host_time_rss_v3
VCKSS-COMPARATIVE-SCALING-TASK-V3	249	scale_weak_d3_n30720_c4_r3	e1514185445cab36f930c90a44c5a4e23326e027	fbed59bf26bd6cf641bec0946ff6d32cdfe992786852947c530678dd4c86a026	weak_d3	weak	3	30720	10240	3649	4	4	4	4	4	3	20260819	matlab,mata,rust	200	16	8	112	43200	10800	same_literal_match_rows_v2	uniform_stored_rows_v1	fresh_process_role_specific_cores_paired_host_time_rss_v3
VCKSS-COMPARATIVE-SCALING-TASK-V3	250	scale_weak_d3_n30720_c8_r1	e1514185445cab36f930c90a44c5a4e23326e027	fbed59bf26bd6cf641bec0946ff6d32cdfe992786852947c530678dd4c86a026	weak_d3	weak	3	30720	10240	3649	8	4	4	8	8	1	104729	mata,rust,matlab	200	16	8	112	43200	10800	same_literal_match_rows_v2	uniform_stored_rows_v1	fresh_process_role_specific_cores_paired_host_time_rss_v3
VCKSS-COMPARATIVE-SCALING-TASK-V3	251	scale_weak_d3_n30720_c8_r2	e1514185445cab36f930c90a44c5a4e23326e027	fbed59bf26bd6cf641bec0946ff6d32cdfe992786852947c530678dd4c86a026	weak_d3	weak	3	30720	10240	3649	8	4	4	8	8	2	8675309	rust,matlab,mata	200	16	8	112	43200	10800	same_literal_match_rows_v2	uniform_stored_rows_v1	fresh_process_role_specific_cores_paired_host_time_rss_v3
VCKSS-COMPARATIVE-SCALING-TASK-V3	252	scale_weak_d3_n30720_c8_r3	e1514185445cab36f930c90a44c5a4e23326e027	fbed59bf26bd6cf641bec0946ff6d32cdfe992786852947c530678dd4c86a026	weak_d3	weak	3	30720	10240	3649	8	4	4	8	8	3	20260819	matlab,mata,rust	200	16	8	112	43200	10800	same_literal_match_rows_v2	uniform_stored_rows_v1	fresh_process_role_specific_cores_paired_host_time_rss_v3
VCKSS-COMPARATIVE-SCALING-TASK-V3	253	scale_weak_d3_n30720_c16_r1	e1514185445cab36f930c90a44c5a4e23326e027	fbed59bf26bd6cf641bec0946ff6d32cdfe992786852947c530678dd4c86a026	weak_d3	weak	3	30720	10240	3649	16	4	4	16	16	1	104729	mata,rust,matlab	200	16	8	112	43200	10800	same_literal_match_rows_v2	uniform_stored_rows_v1	fresh_process_role_specific_cores_paired_host_time_rss_v3
VCKSS-COMPARATIVE-SCALING-TASK-V3	254	scale_weak_d3_n30720_c16_r2	e1514185445cab36f930c90a44c5a4e23326e027	fbed59bf26bd6cf641bec0946ff6d32cdfe992786852947c530678dd4c86a026	weak_d3	weak	3	30720	10240	3649	16	4	4	16	16	2	8675309	rust,matlab,mata	200	16	8	112	43200	10800	same_literal_match_rows_v2	uniform_stored_rows_v1	fresh_process_role_specific_cores_paired_host_time_rss_v3
VCKSS-COMPARATIVE-SCALING-TASK-V3	255	scale_weak_d3_n30720_c16_r3	e1514185445cab36f930c90a44c5a4e23326e027	fbed59bf26bd6cf641bec0946ff6d32cdfe992786852947c530678dd4c86a026	weak_d3	weak	3	30720	10240	3649	16	4	4	16	16	3	20260819	matlab,mata,rust	200	16	8	112	43200	10800	same_literal_match_rows_v2	uniform_stored_rows_v1	fresh_process_role_specific_cores_paired_host_time_rss_v3
VCKSS-COMPARATIVE-SCALING-TASK-V3	256	scale_weak_d3_n122880_c1_r1	e1514185445cab36f930c90a44c5a4e23326e027	fbed59bf26bd6cf641bec0946ff6d32cdfe992786852947c530678dd4c86a026	weak_d3	weak	3	122880	40960	9793	1	1	1	1	1	1	104729	mata,rust,matlab	200	16	8	112	43200	10800	same_literal_match_rows_v2	uniform_stored_rows_v1	fresh_process_role_specific_cores_paired_host_time_rss_v3
VCKSS-COMPARATIVE-SCALING-TASK-V3	257	scale_weak_d3_n122880_c1_r2	e1514185445cab36f930c90a44c5a4e23326e027	fbed59bf26bd6cf641bec0946ff6d32cdfe992786852947c530678dd4c86a026	weak_d3	weak	3	122880	40960	9793	1	1	1	1	1	2	8675309	rust,matlab,mata	200	16	8	112	43200	10800	same_literal_match_rows_v2	uniform_stored_rows_v1	fresh_process_role_specific_cores_paired_host_time_rss_v3
VCKSS-COMPARATIVE-SCALING-TASK-V3	258	scale_weak_d3_n122880_c1_r3	e1514185445cab36f930c90a44c5a4e23326e027	fbed59bf26bd6cf641bec0946ff6d32cdfe992786852947c530678dd4c86a026	weak_d3	weak	3	122880	40960	9793	1	1	1	1	1	3	20260819	matlab,mata,rust	200	16	8	112	43200	10800	same_literal_match_rows_v2	uniform_stored_rows_v1	fresh_process_role_specific_cores_paired_host_time_rss_v3
VCKSS-COMPARATIVE-SCALING-TASK-V3	259	scale_weak_d3_n122880_c2_r1	e1514185445cab36f930c90a44c5a4e23326e027	fbed59bf26bd6cf641bec0946ff6d32cdfe992786852947c530678dd4c86a026	weak_d3	weak	3	122880	40960	9793	2	2	2	2	2	1	104729	mata,rust,matlab	200	16	8	112	43200	10800	same_literal_match_rows_v2	uniform_stored_rows_v1	fresh_process_role_specific_cores_paired_host_time_rss_v3
VCKSS-COMPARATIVE-SCALING-TASK-V3	260	scale_weak_d3_n122880_c2_r2	e1514185445cab36f930c90a44c5a4e23326e027	fbed59bf26bd6cf641bec0946ff6d32cdfe992786852947c530678dd4c86a026	weak_d3	weak	3	122880	40960	9793	2	2	2	2	2	2	8675309	rust,matlab,mata	200	16	8	112	43200	10800	same_literal_match_rows_v2	uniform_stored_rows_v1	fresh_process_role_specific_cores_paired_host_time_rss_v3
VCKSS-COMPARATIVE-SCALING-TASK-V3	261	scale_weak_d3_n122880_c2_r3	e1514185445cab36f930c90a44c5a4e23326e027	fbed59bf26bd6cf641bec0946ff6d32cdfe992786852947c530678dd4c86a026	weak_d3	weak	3	122880	40960	9793	2	2	2	2	2	3	20260819	matlab,mata,rust	200	16	8	112	43200	10800	same_literal_match_rows_v2	uniform_stored_rows_v1	fresh_process_role_specific_cores_paired_host_time_rss_v3
VCKSS-COMPARATIVE-SCALING-TASK-V3	262	scale_weak_d3_n122880_c4_r1	e1514185445cab36f930c90a44c5a4e23326e027	fbed59bf26bd6cf641bec0946ff6d32cdfe992786852947c530678dd4c86a026	weak_d3	weak	3	122880	40960	9793	4	4	4	4	4	1	104729	mata,rust,matlab	200	16	8	112	43200	10800	same_literal_match_rows_v2	uniform_stored_rows_v1	fresh_process_role_specific_cores_paired_host_time_rss_v3
VCKSS-COMPARATIVE-SCALING-TASK-V3	263	scale_weak_d3_n122880_c4_r2	e1514185445cab36f930c90a44c5a4e23326e027	fbed59bf26bd6cf641bec0946ff6d32cdfe992786852947c530678dd4c86a026	weak_d3	weak	3	122880	40960	9793	4	4	4	4	4	2	8675309	rust,matlab,mata	200	16	8	112	43200	10800	same_literal_match_rows_v2	uniform_stored_rows_v1	fresh_process_role_specific_cores_paired_host_time_rss_v3
VCKSS-COMPARATIVE-SCALING-TASK-V3	264	scale_weak_d3_n122880_c4_r3	e1514185445cab36f930c90a44c5a4e23326e027	fbed59bf26bd6cf641bec0946ff6d32cdfe992786852947c530678dd4c86a026	weak_d3	weak	3	122880	40960	9793	4	4	4	4	4	3	20260819	matlab,mata,rust	200	16	8	112	43200	10800	same_literal_match_rows_v2	uniform_stored_rows_v1	fresh_process_role_specific_cores_paired_host_time_rss_v3
VCKSS-COMPARATIVE-SCALING-TASK-V3	265	scale_weak_d3_n122880_c8_r1	e1514185445cab36f930c90a44c5a4e23326e027	fbed59bf26bd6cf641bec0946ff6d32cdfe992786852947c530678dd4c86a026	weak_d3	weak	3	122880	40960	9793	8	4	4	8	8	1	104729	mata,rust,matlab	200	16	8	112	43200	10800	same_literal_match_rows_v2	uniform_stored_rows_v1	fresh_process_role_specific_cores_paired_host_time_rss_v3
VCKSS-COMPARATIVE-SCALING-TASK-V3	266	scale_weak_d3_n122880_c8_r2	e1514185445cab36f930c90a44c5a4e23326e027	fbed59bf26bd6cf641bec0946ff6d32cdfe992786852947c530678dd4c86a026	weak_d3	weak	3	122880	40960	9793	8	4	4	8	8	2	8675309	rust,matlab,mata	200	16	8	112	43200	10800	same_literal_match_rows_v2	uniform_stored_rows_v1	fresh_process_role_specific_cores_paired_host_time_rss_v3
VCKSS-COMPARATIVE-SCALING-TASK-V3	267	scale_weak_d3_n122880_c8_r3	e1514185445cab36f930c90a44c5a4e23326e027	fbed59bf26bd6cf641bec0946ff6d32cdfe992786852947c530678dd4c86a026	weak_d3	weak	3	122880	40960	9793	8	4	4	8	8	3	20260819	matlab,mata,rust	200	16	8	112	43200	10800	same_literal_match_rows_v2	uniform_stored_rows_v1	fresh_process_role_specific_cores_paired_host_time_rss_v3
VCKSS-COMPARATIVE-SCALING-TASK-V3	268	scale_weak_d3_n122880_c16_r1	e1514185445cab36f930c90a44c5a4e23326e027	fbed59bf26bd6cf641bec0946ff6d32cdfe992786852947c530678dd4c86a026	weak_d3	weak	3	122880	40960	9793	16	4	4	16	16	1	104729	mata,rust,matlab	200	16	8	112	43200	10800	same_literal_match_rows_v2	uniform_stored_rows_v1	fresh_process_role_specific_cores_paired_host_time_rss_v3
VCKSS-COMPARATIVE-SCALING-TASK-V3	269	scale_weak_d3_n122880_c16_r2	e1514185445cab36f930c90a44c5a4e23326e027	fbed59bf26bd6cf641bec0946ff6d32cdfe992786852947c530678dd4c86a026	weak_d3	weak	3	122880	40960	9793	16	4	4	16	16	2	8675309	rust,matlab,mata	200	16	8	112	43200	10800	same_literal_match_rows_v2	uniform_stored_rows_v1	fresh_process_role_specific_cores_paired_host_time_rss_v3
VCKSS-COMPARATIVE-SCALING-TASK-V3	270	scale_weak_d3_n122880_c16_r3	e1514185445cab36f930c90a44c5a4e23326e027	fbed59bf26bd6cf641bec0946ff6d32cdfe992786852947c530678dd4c86a026	weak_d3	weak	3	122880	40960	9793	16	4	4	16	16	3	20260819	matlab,mata,rust	200	16	8	112	43200	10800	same_literal_match_rows_v2	uniform_stored_rows_v1	fresh_process_role_specific_cores_paired_host_time_rss_v3
VCKSS-COMPARATIVE-SCALING-TASK-V3	271	scale_weak_d3_n491520_c1_r1	e1514185445cab36f930c90a44c5a4e23326e027	fbed59bf26bd6cf641bec0946ff6d32cdfe992786852947c530678dd4c86a026	weak_d3	weak	3	491520	163840	34369	1	1	1	1	1	1	104729	mata,rust,matlab	200	16	8	112	43200	10800	same_literal_match_rows_v2	uniform_stored_rows_v1	fresh_process_role_specific_cores_paired_host_time_rss_v3
VCKSS-COMPARATIVE-SCALING-TASK-V3	272	scale_weak_d3_n491520_c1_r2	e1514185445cab36f930c90a44c5a4e23326e027	fbed59bf26bd6cf641bec0946ff6d32cdfe992786852947c530678dd4c86a026	weak_d3	weak	3	491520	163840	34369	1	1	1	1	1	2	8675309	rust,matlab,mata	200	16	8	112	43200	10800	same_literal_match_rows_v2	uniform_stored_rows_v1	fresh_process_role_specific_cores_paired_host_time_rss_v3
VCKSS-COMPARATIVE-SCALING-TASK-V3	273	scale_weak_d3_n491520_c1_r3	e1514185445cab36f930c90a44c5a4e23326e027	fbed59bf26bd6cf641bec0946ff6d32cdfe992786852947c530678dd4c86a026	weak_d3	weak	3	491520	163840	34369	1	1	1	1	1	3	20260819	matlab,mata,rust	200	16	8	112	43200	10800	same_literal_match_rows_v2	uniform_stored_rows_v1	fresh_process_role_specific_cores_paired_host_time_rss_v3
VCKSS-COMPARATIVE-SCALING-TASK-V3	274	scale_weak_d3_n491520_c2_r1	e1514185445cab36f930c90a44c5a4e23326e027	fbed59bf26bd6cf641bec0946ff6d32cdfe992786852947c530678dd4c86a026	weak_d3	weak	3	491520	163840	34369	2	2	2	2	2	1	104729	mata,rust,matlab	200	16	8	112	43200	10800	same_literal_match_rows_v2	uniform_stored_rows_v1	fresh_process_role_specific_cores_paired_host_time_rss_v3
VCKSS-COMPARATIVE-SCALING-TASK-V3	275	scale_weak_d3_n491520_c2_r2	e1514185445cab36f930c90a44c5a4e23326e027	fbed59bf26bd6cf641bec0946ff6d32cdfe992786852947c530678dd4c86a026	weak_d3	weak	3	491520	163840	34369	2	2	2	2	2	2	8675309	rust,matlab,mata	200	16	8	112	43200	10800	same_literal_match_rows_v2	uniform_stored_rows_v1	fresh_process_role_specific_cores_paired_host_time_rss_v3
VCKSS-COMPARATIVE-SCALING-TASK-V3	276	scale_weak_d3_n491520_c2_r3	e1514185445cab36f930c90a44c5a4e23326e027	fbed59bf26bd6cf641bec0946ff6d32cdfe992786852947c530678dd4c86a026	weak_d3	weak	3	491520	163840	34369	2	2	2	2	2	3	20260819	matlab,mata,rust	200	16	8	112	43200	10800	same_literal_match_rows_v2	uniform_stored_rows_v1	fresh_process_role_specific_cores_paired_host_time_rss_v3
VCKSS-COMPARATIVE-SCALING-TASK-V3	277	scale_weak_d3_n491520_c4_r1	e1514185445cab36f930c90a44c5a4e23326e027	fbed59bf26bd6cf641bec0946ff6d32cdfe992786852947c530678dd4c86a026	weak_d3	weak	3	491520	163840	34369	4	4	4	4	4	1	104729	mata,rust,matlab	200	16	8	112	43200	10800	same_literal_match_rows_v2	uniform_stored_rows_v1	fresh_process_role_specific_cores_paired_host_time_rss_v3
VCKSS-COMPARATIVE-SCALING-TASK-V3	278	scale_weak_d3_n491520_c4_r2	e1514185445cab36f930c90a44c5a4e23326e027	fbed59bf26bd6cf641bec0946ff6d32cdfe992786852947c530678dd4c86a026	weak_d3	weak	3	491520	163840	34369	4	4	4	4	4	2	8675309	rust,matlab,mata	200	16	8	112	43200	10800	same_literal_match_rows_v2	uniform_stored_rows_v1	fresh_process_role_specific_cores_paired_host_time_rss_v3
VCKSS-COMPARATIVE-SCALING-TASK-V3	279	scale_weak_d3_n491520_c4_r3	e1514185445cab36f930c90a44c5a4e23326e027	fbed59bf26bd6cf641bec0946ff6d32cdfe992786852947c530678dd4c86a026	weak_d3	weak	3	491520	163840	34369	4	4	4	4	4	3	20260819	matlab,mata,rust	200	16	8	112	43200	10800	same_literal_match_rows_v2	uniform_stored_rows_v1	fresh_process_role_specific_cores_paired_host_time_rss_v3
VCKSS-COMPARATIVE-SCALING-TASK-V3	280	scale_weak_d3_n491520_c8_r1	e1514185445cab36f930c90a44c5a4e23326e027	fbed59bf26bd6cf641bec0946ff6d32cdfe992786852947c530678dd4c86a026	weak_d3	weak	3	491520	163840	34369	8	4	4	8	8	1	104729	mata,rust,matlab	200	16	8	112	43200	10800	same_literal_match_rows_v2	uniform_stored_rows_v1	fresh_process_role_specific_cores_paired_host_time_rss_v3
VCKSS-COMPARATIVE-SCALING-TASK-V3	281	scale_weak_d3_n491520_c8_r2	e1514185445cab36f930c90a44c5a4e23326e027	fbed59bf26bd6cf641bec0946ff6d32cdfe992786852947c530678dd4c86a026	weak_d3	weak	3	491520	163840	34369	8	4	4	8	8	2	8675309	rust,matlab,mata	200	16	8	112	43200	10800	same_literal_match_rows_v2	uniform_stored_rows_v1	fresh_process_role_specific_cores_paired_host_time_rss_v3
VCKSS-COMPARATIVE-SCALING-TASK-V3	282	scale_weak_d3_n491520_c8_r3	e1514185445cab36f930c90a44c5a4e23326e027	fbed59bf26bd6cf641bec0946ff6d32cdfe992786852947c530678dd4c86a026	weak_d3	weak	3	491520	163840	34369	8	4	4	8	8	3	20260819	matlab,mata,rust	200	16	8	112	43200	10800	same_literal_match_rows_v2	uniform_stored_rows_v1	fresh_process_role_specific_cores_paired_host_time_rss_v3
VCKSS-COMPARATIVE-SCALING-TASK-V3	283	scale_weak_d3_n491520_c16_r1	e1514185445cab36f930c90a44c5a4e23326e027	fbed59bf26bd6cf641bec0946ff6d32cdfe992786852947c530678dd4c86a026	weak_d3	weak	3	491520	163840	34369	16	4	4	16	16	1	104729	mata,rust,matlab	200	16	8	112	43200	10800	same_literal_match_rows_v2	uniform_stored_rows_v1	fresh_process_role_specific_cores_paired_host_time_rss_v3
VCKSS-COMPARATIVE-SCALING-TASK-V3	284	scale_weak_d3_n491520_c16_r2	e1514185445cab36f930c90a44c5a4e23326e027	fbed59bf26bd6cf641bec0946ff6d32cdfe992786852947c530678dd4c86a026	weak_d3	weak	3	491520	163840	34369	16	4	4	16	16	2	8675309	rust,matlab,mata	200	16	8	112	43200	10800	same_literal_match_rows_v2	uniform_stored_rows_v1	fresh_process_role_specific_cores_paired_host_time_rss_v3
VCKSS-COMPARATIVE-SCALING-TASK-V3	285	scale_weak_d3_n491520_c16_r3	e1514185445cab36f930c90a44c5a4e23326e027	fbed59bf26bd6cf641bec0946ff6d32cdfe992786852947c530678dd4c86a026	weak_d3	weak	3	491520	163840	34369	16	4	4	16	16	3	20260819	matlab,mata,rust	200	16	8	112	43200	10800	same_literal_match_rows_v2	uniform_stored_rows_v1	fresh_process_role_specific_cores_paired_host_time_rss_v3
VCKSS-COMPARATIVE-SCALING-TASK-V3	286	scale_weak_d3_n1966080_c1_r1	e1514185445cab36f930c90a44c5a4e23326e027	fbed59bf26bd6cf641bec0946ff6d32cdfe992786852947c530678dd4c86a026	weak_d3	weak	3	1966080	655360	132673	1	1	1	1	1	1	104729	mata,rust,matlab	200	16	8	112	43200	10800	same_literal_match_rows_v2	uniform_stored_rows_v1	fresh_process_role_specific_cores_paired_host_time_rss_v3
VCKSS-COMPARATIVE-SCALING-TASK-V3	287	scale_weak_d3_n1966080_c1_r2	e1514185445cab36f930c90a44c5a4e23326e027	fbed59bf26bd6cf641bec0946ff6d32cdfe992786852947c530678dd4c86a026	weak_d3	weak	3	1966080	655360	132673	1	1	1	1	1	2	8675309	rust,matlab,mata	200	16	8	112	43200	10800	same_literal_match_rows_v2	uniform_stored_rows_v1	fresh_process_role_specific_cores_paired_host_time_rss_v3
VCKSS-COMPARATIVE-SCALING-TASK-V3	288	scale_weak_d3_n1966080_c1_r3	e1514185445cab36f930c90a44c5a4e23326e027	fbed59bf26bd6cf641bec0946ff6d32cdfe992786852947c530678dd4c86a026	weak_d3	weak	3	1966080	655360	132673	1	1	1	1	1	3	20260819	matlab,mata,rust	200	16	8	112	43200	10800	same_literal_match_rows_v2	uniform_stored_rows_v1	fresh_process_role_specific_cores_paired_host_time_rss_v3
VCKSS-COMPARATIVE-SCALING-TASK-V3	289	scale_weak_d3_n1966080_c2_r1	e1514185445cab36f930c90a44c5a4e23326e027	fbed59bf26bd6cf641bec0946ff6d32cdfe992786852947c530678dd4c86a026	weak_d3	weak	3	1966080	655360	132673	2	2	2	2	2	1	104729	mata,rust,matlab	200	16	8	112	43200	10800	same_literal_match_rows_v2	uniform_stored_rows_v1	fresh_process_role_specific_cores_paired_host_time_rss_v3
VCKSS-COMPARATIVE-SCALING-TASK-V3	290	scale_weak_d3_n1966080_c2_r2	e1514185445cab36f930c90a44c5a4e23326e027	fbed59bf26bd6cf641bec0946ff6d32cdfe992786852947c530678dd4c86a026	weak_d3	weak	3	1966080	655360	132673	2	2	2	2	2	2	8675309	rust,matlab,mata	200	16	8	112	43200	10800	same_literal_match_rows_v2	uniform_stored_rows_v1	fresh_process_role_specific_cores_paired_host_time_rss_v3
VCKSS-COMPARATIVE-SCALING-TASK-V3	291	scale_weak_d3_n1966080_c2_r3	e1514185445cab36f930c90a44c5a4e23326e027	fbed59bf26bd6cf641bec0946ff6d32cdfe992786852947c530678dd4c86a026	weak_d3	weak	3	1966080	655360	132673	2	2	2	2	2	3	20260819	matlab,mata,rust	200	16	8	112	43200	10800	same_literal_match_rows_v2	uniform_stored_rows_v1	fresh_process_role_specific_cores_paired_host_time_rss_v3
VCKSS-COMPARATIVE-SCALING-TASK-V3	292	scale_weak_d3_n1966080_c4_r1	e1514185445cab36f930c90a44c5a4e23326e027	fbed59bf26bd6cf641bec0946ff6d32cdfe992786852947c530678dd4c86a026	weak_d3	weak	3	1966080	655360	132673	4	4	4	4	4	1	104729	mata,rust,matlab	200	16	8	112	43200	10800	same_literal_match_rows_v2	uniform_stored_rows_v1	fresh_process_role_specific_cores_paired_host_time_rss_v3
VCKSS-COMPARATIVE-SCALING-TASK-V3	293	scale_weak_d3_n1966080_c4_r2	e1514185445cab36f930c90a44c5a4e23326e027	fbed59bf26bd6cf641bec0946ff6d32cdfe992786852947c530678dd4c86a026	weak_d3	weak	3	1966080	655360	132673	4	4	4	4	4	2	8675309	rust,matlab,mata	200	16	8	112	43200	10800	same_literal_match_rows_v2	uniform_stored_rows_v1	fresh_process_role_specific_cores_paired_host_time_rss_v3
VCKSS-COMPARATIVE-SCALING-TASK-V3	294	scale_weak_d3_n1966080_c4_r3	e1514185445cab36f930c90a44c5a4e23326e027	fbed59bf26bd6cf641bec0946ff6d32cdfe992786852947c530678dd4c86a026	weak_d3	weak	3	1966080	655360	132673	4	4	4	4	4	3	20260819	matlab,mata,rust	200	16	8	112	43200	10800	same_literal_match_rows_v2	uniform_stored_rows_v1	fresh_process_role_specific_cores_paired_host_time_rss_v3
VCKSS-COMPARATIVE-SCALING-TASK-V3	295	scale_weak_d3_n1966080_c8_r1	e1514185445cab36f930c90a44c5a4e23326e027	fbed59bf26bd6cf641bec0946ff6d32cdfe992786852947c530678dd4c86a026	weak_d3	weak	3	1966080	655360	132673	8	4	4	8	8	1	104729	mata,rust,matlab	200	16	8	112	43200	10800	same_literal_match_rows_v2	uniform_stored_rows_v1	fresh_process_role_specific_cores_paired_host_time_rss_v3
VCKSS-COMPARATIVE-SCALING-TASK-V3	296	scale_weak_d3_n1966080_c8_r2	e1514185445cab36f930c90a44c5a4e23326e027	fbed59bf26bd6cf641bec0946ff6d32cdfe992786852947c530678dd4c86a026	weak_d3	weak	3	1966080	655360	132673	8	4	4	8	8	2	8675309	rust,matlab,mata	200	16	8	112	43200	10800	same_literal_match_rows_v2	uniform_stored_rows_v1	fresh_process_role_specific_cores_paired_host_time_rss_v3
VCKSS-COMPARATIVE-SCALING-TASK-V3	297	scale_weak_d3_n1966080_c8_r3	e1514185445cab36f930c90a44c5a4e23326e027	fbed59bf26bd6cf641bec0946ff6d32cdfe992786852947c530678dd4c86a026	weak_d3	weak	3	1966080	655360	132673	8	4	4	8	8	3	20260819	matlab,mata,rust	200	16	8	112	43200	10800	same_literal_match_rows_v2	uniform_stored_rows_v1	fresh_process_role_specific_cores_paired_host_time_rss_v3
VCKSS-COMPARATIVE-SCALING-TASK-V3	298	scale_weak_d3_n1966080_c16_r1	e1514185445cab36f930c90a44c5a4e23326e027	fbed59bf26bd6cf641bec0946ff6d32cdfe992786852947c530678dd4c86a026	weak_d3	weak	3	1966080	655360	132673	16	4	4	16	16	1	104729	mata,rust,matlab	200	16	8	112	43200	10800	same_literal_match_rows_v2	uniform_stored_rows_v1	fresh_process_role_specific_cores_paired_host_time_rss_v3
VCKSS-COMPARATIVE-SCALING-TASK-V3	299	scale_weak_d3_n1966080_c16_r2	e1514185445cab36f930c90a44c5a4e23326e027	fbed59bf26bd6cf641bec0946ff6d32cdfe992786852947c530678dd4c86a026	weak_d3	weak	3	1966080	655360	132673	16	4	4	16	16	2	8675309	rust,matlab,mata	200	16	8	112	43200	10800	same_literal_match_rows_v2	uniform_stored_rows_v1	fresh_process_role_specific_cores_paired_host_time_rss_v3
VCKSS-COMPARATIVE-SCALING-TASK-V3	300	scale_weak_d3_n1966080_c16_r3	e1514185445cab36f930c90a44c5a4e23326e027	fbed59bf26bd6cf641bec0946ff6d32cdfe992786852947c530678dd4c86a026	weak_d3	weak	3	1966080	655360	132673	16	4	4	16	16	3	20260819	matlab,mata,rust	200	16	8	112	43200	10800	same_literal_match_rows_v2	uniform_stored_rows_v1	fresh_process_role_specific_cores_paired_host_time_rss_v3
