result_schema	attempt_id	task_id	experiment_id	source_commit	bundle_sha256	structure	connectivity	cells_per_worker	rows	workers	firms	active_cores	stata_processors	effective_role_cores	mata_active_cores	rust_threads	matlab_workers	replicate	seed	execution_position	hostname	cpu_model	role	scientific_status	application_exit_status	monitor_exit_status	timed_out	command_seconds	process_wall_seconds	process_cpu_seconds	import_seconds	pool_startup_seconds	pool_teardown_seconds	selection_seconds	graph_seconds	compression_seconds	setup_seconds	work_seconds	fit_seconds	leverage_seconds	target_seconds	correction_seconds	rng_seconds	schur_seconds	pcg_seconds	rust_ingest_seconds	rust_canonicalize_seconds	rust_graph_seconds	rust_compress_seconds	rust_plan_seconds	rust_stayer_augmentation_seconds	rust_solve_seconds	rust_native_total_seconds	estimator_phase_peak_rss_bytes	whole_process_peak_rss_bytes	gnu_peak_rss_bytes	qacct_maxvmem_bytes	resource_peak_bytes	memory_forecast_bytes	cmg_admitted_peak_bytes	cmg_actual_retained_bytes	cmg_threads_requested	cmg_threads_used	cmg_fit_tolerance	cmg_probe_tolerance	cmg_graph_seconds	cmg_hierarchy_seconds	cmg_rhs_seconds	cmg_solve_seconds	cmg_extraction_seconds	cmg_operator_applications	cmg_preconditioner_applications	max_complete_residual	residual_acceptance	solver_iterations	cmg_backend	matlab_pcg_converged	matlab_pcg_termination_iteration	matlab_pcg_returned_iteration	matlab_pcg_relative_residual	matlab_tolerance_policy	matlab_rng_policy	corrected_worker	corrected_firm	corrected_covariance	corrected_total	mcse_worker	mcse_firm	mcse_covariance	mcse_total	rust_mata_gate
VCKSS-COMPARATIVE-SCALING-RESULT-V4	repair-full	1	scale_strong_d2_n7680_c1_r1	ca162022833c3d6e6906c11cf4860baf0d52fd86	02d6eb6ffc96e0eb7eea1252605663e3e206c6ce177f3cf7f0e860c2b25f40f9	strong_d2	strong	2	7680	3840	96	1	1	1	1	1	1	1	104729	1	scc-ei3	Intel(R) Xeon(R) Gold 6226R CPU @ 2.90GHz	mata	PASS	0	0	0	5.703	6.41	6.27	0.5800000000000001			0.617	0.247	0.085	0.018	4.63	0.023	2.01	2.556	0.078	2.358000000000001	1.133	1.692									245792768	245792768	243826688	18890339910	271759728	271759728														5.24250997978e-11	1e-09	9.0	NONE							21.3566335978869	0.7498919300803699	0.0196544668214831	22.14583446161024	6.38551492319e-05	1.28524499735e-06	4.52388881418e-05	6.21343403911e-05	PASS
VCKSS-COMPARATIVE-SCALING-RESULT-V4	repair-full	1	scale_strong_d2_n7680_c1_r1	ca162022833c3d6e6906c11cf4860baf0d52fd86	02d6eb6ffc96e0eb7eea1252605663e3e206c6ce177f3cf7f0e860c2b25f40f9	strong_d2	strong	2	7680	3840	96	1	1	1	1	1	1	1	104729	2	scc-ei3	Intel(R) Xeon(R) Gold 6226R CPU @ 2.90GHz	rust	PASS	0	0	0	0.523	1.26	1.21	0.605															0.000398937	0.002650409	0.002410296	0.002742413	0.001056964	0.0	0.247758042	0.257017061	186208256	186208256	184360960	18890339910	810614579	810614579	774006467	449016	1	1	1e-10	1e-06	0.000852576	0.000304427	0.01849215	0.01571171	0.093129983	1202	601	2.40412538805e-15	1e-05	1.0	CMG_FULL_V2							21.35658236057288	0.7498940179396917	0.0196818858944856	22.14584015030155	6.03048542848e-05	1.31390196271e-06	4.25397874865e-05	6.15421771096e-05	PASS
VCKSS-COMPARATIVE-SCALING-RESULT-V4	repair-full	1	scale_strong_d2_n7680_c1_r1	ca162022833c3d6e6906c11cf4860baf0d52fd86	02d6eb6ffc96e0eb7eea1252605663e3e206c6ce177f3cf7f0e860c2b25f40f9	strong_d2	strong	2	7680	3840	96	1	1	1	1	1	1	1	104729	3	scc-ei3	Intel(R) Xeon(R) Gold 6226R CPU @ 2.90GHz	matlab	PASS	0	0	0	3.172426	138.64	56.33	4.063502	29.342469	3.058403																					3283902464	3316396032	1821454336	18890339910																				True	13	13	3.1e-11	MAINTAINED_UPSTREAM_INTERNAL	MATLAB_TWISTER_SEED_PLUS_WORKER_INDEX	21.359357466634293	0.749992079085788	0.019661637820394127	22.148672821360872					PASS
VCKSS-COMPARATIVE-SCALING-RESULT-V4	repair-full	2	scale_strong_d2_n7680_c1_r2	ca162022833c3d6e6906c11cf4860baf0d52fd86	02d6eb6ffc96e0eb7eea1252605663e3e206c6ce177f3cf7f0e860c2b25f40f9	strong_d2	strong	2	7680	3840	96	1	1	1	1	1	1	2	8675309	3	scc-pf4	Intel(R) Xeon(R) CPU E5-2650 v2 @ 2.60GHz	mata	PASS	0	0	0	6.688	7.94	7.28	0.675			0.8760000000000001	0.364	0.108	0.024	5.256	0.031	2.352	2.823	0.086	3.071	1.016	1.58									234737664	234737664	234033152	18911814747	271759760	271759760														5.13384113081e-11	1e-09	9.0	NONE							21.35652667304495	0.7498901519100813	0.0197284836659568	22.14587379228695	5.99700433145e-05	1.20949954992e-06	4.27004851494e-05	6.27560761563e-05	PASS
VCKSS-COMPARATIVE-SCALING-RESULT-V4	repair-full	2	scale_strong_d2_n7680_c1_r2	ca162022833c3d6e6906c11cf4860baf0d52fd86	02d6eb6ffc96e0eb7eea1252605663e3e206c6ce177f3cf7f0e860c2b25f40f9	strong_d2	strong	2	7680	3840	96	1	1	1	1	1	1	2	8675309	1	scc-pf4	Intel(R) Xeon(R) CPU E5-2650 v2 @ 2.60GHz	rust	PASS	0	0	0	0.976	2.7	1.48	1.488															0.000439073	0.002940496	0.002831653	0.00337554	0.001274294	0.0	0.271038907	0.281899963	183922688	183922688	185352192	18911814747	810614579	810614579	774006467	449016	1	1	1e-10	1e-06	0.001055355	0.000377911	0.016040975	0.018734543	0.094960698	1202	601	2.4271770304e-15	1e-05	1.0	CMG_FULL_V2							21.35658917954271	0.7498914010469655	0.0196577234314411	22.14579602745256	6.41450398768e-05	1.1280862848e-06	4.68122379911e-05	6.15275525031e-05	PASS
VCKSS-COMPARATIVE-SCALING-RESULT-V4	repair-full	2	scale_strong_d2_n7680_c1_r2	ca162022833c3d6e6906c11cf4860baf0d52fd86	02d6eb6ffc96e0eb7eea1252605663e3e206c6ce177f3cf7f0e860c2b25f40f9	strong_d2	strong	2	7680	3840	96	1	1	1	1	1	1	2	8675309	2	scc-pf4	Intel(R) Xeon(R) CPU E5-2650 v2 @ 2.60GHz	matlab	PASS	0	0	0	5.741082	209.06	79.3	6.481733	55.938497	4.825923																					3295490048	3321417728	1811660800	18911814747																				True	13	13	3.1e-11	MAINTAINED_UPSTREAM_INTERNAL	MATLAB_TWISTER_SEED_PLUS_WORKER_INDEX	21.359332088885438	0.7499882838805731	0.0197024539363286	22.14872528063867					PASS
VCKSS-COMPARATIVE-SCALING-RESULT-V4	repair-full	3	scale_strong_d2_n7680_c1_r3	ca162022833c3d6e6906c11cf4860baf0d52fd86	02d6eb6ffc96e0eb7eea1252605663e3e206c6ce177f3cf7f0e860c2b25f40f9	strong_d2	strong	2	7680	3840	96	1	1	1	1	1	1	3	20260819	2	scc-ph4	Intel(R) Xeon(R) CPU E5-2650 v2 @ 2.60GHz	mata	PASS	0	0	0	7.077	9.43	7.42	2.009			0.835	0.333	0.109	0.024	5.378	0.072	2.394	2.861	0.083	3.065	1.064	1.698									246796288	246796288	244678656	18825915401	271759747	271759747														5.34173618034e-11	1e-09	9.0	NONE							21.35649938308387	0.7498900514418515	0.0197423294760247	22.14587409347778	6.46413386163e-05	1.19365721282e-06	4.33013496235e-05	6.08274672701e-05	PASS
VCKSS-COMPARATIVE-SCALING-RESULT-V4	repair-full	3	scale_strong_d2_n7680_c1_r3	ca162022833c3d6e6906c11cf4860baf0d52fd86	02d6eb6ffc96e0eb7eea1252605663e3e206c6ce177f3cf7f0e860c2b25f40f9	strong_d2	strong	2	7680	3840	96	1	1	1	1	1	1	3	20260819	3	scc-ph4	Intel(R) Xeon(R) CPU E5-2650 v2 @ 2.60GHz	rust	PASS	0	0	0	0.647	1.5	1.43	0.7030000000000001															0.000447631	0.00295066	0.002777065	0.003110855	0.001208191	0.0	0.27338228	0.283876682	184737792	184737792	186273792	18825915401	810614579	810614579	774006467	449016	1	1	1e-10	1e-06	0.001006096	0.000374247	0.016079018	0.018753041	0.095952199	1202	601	2.01964223486e-15	1e-05	1.0	CMG_FULL_V2							21.35652752829573	0.7498911817999238	0.0196718641302619	22.14576243835618	5.97856037515e-05	1.2527347472e-06	4.13771786636e-05	6.04455142106e-05	PASS
VCKSS-COMPARATIVE-SCALING-RESULT-V4	repair-full	3	scale_strong_d2_n7680_c1_r3	ca162022833c3d6e6906c11cf4860baf0d52fd86	02d6eb6ffc96e0eb7eea1252605663e3e206c6ce177f3cf7f0e860c2b25f40f9	strong_d2	strong	2	7680	3840	96	1	1	1	1	1	1	3	20260819	1	scc-ph4	Intel(R) Xeon(R) CPU E5-2650 v2 @ 2.60GHz	matlab	PASS	0	0	0	7.017539	207.16	79.88	6.520776	48.412359	5.604142																					3303657472	3330174976	1821384704	18825915401																				True	13	13	3.1e-11	MAINTAINED_UPSTREAM_INTERNAL	MATLAB_TWISTER_SEED_PLUS_WORKER_INDEX	21.35936802556267	0.7499900670043823	0.019671863311224582	22.1487018191895					PASS
VCKSS-COMPARATIVE-SCALING-RESULT-V4	first	4	scale_strong_d2_n7680_c2_r1	e1514185445cab36f930c90a44c5a4e23326e027	fbed59bf26bd6cf641bec0946ff6d32cdfe992786852947c530678dd4c86a026	strong_d2	strong	2	7680	3840	96	2	2	2	2	2	2	1	104729	1	scc-mf4	Intel(R) Xeon(R) CPU E5-2650 v2 @ 2.60GHz	mata	PASS	0	0	0	6.17	6.85	12.92	0.532			0.8089999999999999	0.343	0.11	0.025	4.788	0.021	2.177	2.541	0.069	3.143	0.675	1.152									243277824	243277824	241393664	29293824443	271759698	271759698														5.24250997978e-11	1e-09	9.0	NONE							21.3566335978869	0.7498919300803699	0.0196544668214831	22.14583446161024	6.38551492319e-05	1.28524499735e-06	4.52388881418e-05	6.21343403911e-05	PASS
VCKSS-COMPARATIVE-SCALING-RESULT-V4	first	4	scale_strong_d2_n7680_c2_r1	e1514185445cab36f930c90a44c5a4e23326e027	fbed59bf26bd6cf641bec0946ff6d32cdfe992786852947c530678dd4c86a026	strong_d2	strong	2	7680	3840	96	2	2	2	2	2	2	1	104729	2	scc-mf4	Intel(R) Xeon(R) CPU E5-2650 v2 @ 2.60GHz	rust	PASS	0	0	0	0.61	1.2	1.89	0.447															0.00045007	0.003035234	0.002910752	0.003337606	0.001238498	0.0	0.237167256	0.248139416	197873664	197873664	195731456	29293824443	822543769	822543769	774089526	518232	2	2	1e-10	1e-06	0.001053749	0.000429329	0.013702444	0.017644145	0.079348274	1202	601	2.40412538805e-15	1e-05	1.0	CMG_FULL_V2							21.35658236057288	0.7498940179396917	0.0196818858944856	22.14584015030155	6.03048542848e-05	1.31390196271e-06	4.25397874865e-05	6.15421771096e-05	PASS
VCKSS-COMPARATIVE-SCALING-RESULT-V4	first	4	scale_strong_d2_n7680_c2_r1	e1514185445cab36f930c90a44c5a4e23326e027	fbed59bf26bd6cf641bec0946ff6d32cdfe992786852947c530678dd4c86a026	strong_d2	strong	2	7680	3840	96	2	2	2	2	2	2	1	104729	3	scc-mf4	Intel(R) Xeon(R) CPU E5-2650 v2 @ 2.60GHz	matlab	PASS	0	0	0	4.392632	355.38	119.46	4.341041	150.960063	4.838727																					4938756096	5227102208	1961619456	29293824443																				True	13	13	3.1e-11	MAINTAINED_UPSTREAM_INTERNAL	MATLAB_TWISTER_SEED_PLUS_WORKER_INDEX	21.359340257595772	0.7499880191281879	0.019684538963600173	22.148697354651162					PASS
VCKSS-COMPARATIVE-SCALING-RESULT-V4	first	5	scale_strong_d2_n7680_c2_r2	e1514185445cab36f930c90a44c5a4e23326e027	fbed59bf26bd6cf641bec0946ff6d32cdfe992786852947c530678dd4c86a026	strong_d2	strong	2	7680	3840	96	2	2	2	2	2	2	2	8675309	3	scc-mc6	Intel(R) Xeon(R) CPU E5-2650 v2 @ 2.60GHz	mata	PASS	0	0	0	6.415	7.51	13.149999999999999	0.531			0.972	0.391	0.113	0.025	4.867	0.12	2.185	2.51	0.069	3.146	0.6510000000000001	1.224									247902208	247902208	251084800	29823179162	271759663	271759663														5.13384113081e-11	1e-09	9.0	NONE							21.35652667304495	0.7498901519100813	0.0197284836659568	22.14587379228695	5.99700433145e-05	1.20949954992e-06	4.27004851494e-05	6.27560761563e-05	PASS
VCKSS-COMPARATIVE-SCALING-RESULT-V4	first	5	scale_strong_d2_n7680_c2_r2	e1514185445cab36f930c90a44c5a4e23326e027	fbed59bf26bd6cf641bec0946ff6d32cdfe992786852947c530678dd4c86a026	strong_d2	strong	2	7680	3840	96	2	2	2	2	2	2	2	8675309	1	scc-mc6	Intel(R) Xeon(R) CPU E5-2650 v2 @ 2.60GHz	rust	PASS	0	0	0	0.911	3.43	2.12	2.301															0.000460422	0.003036239	0.003000682	0.003409947	0.001226724	0.0	0.224380616	0.23551463	197206016	197206016	195260416	29823179162	822543769	822543769	774089526	518232	2	2	1e-10	1e-06	0.001071414	0.000396438	0.012833696	0.016658287	0.078699923	1202	601	2.4271770304e-15	1e-05	1.0	CMG_FULL_V2							21.35658917954271	0.7498914010469655	0.0196577234314411	22.14579602745256	6.41450398768e-05	1.1280862848e-06	4.68122379911e-05	6.15275525031e-05	PASS
VCKSS-COMPARATIVE-SCALING-RESULT-V4	first	5	scale_strong_d2_n7680_c2_r2	e1514185445cab36f930c90a44c5a4e23326e027	fbed59bf26bd6cf641bec0946ff6d32cdfe992786852947c530678dd4c86a026	strong_d2	strong	2	7680	3840	96	2	2	2	2	2	2	2	8675309	2	scc-mc6	Intel(R) Xeon(R) CPU E5-2650 v2 @ 2.60GHz	matlab	PASS	0	0	0	5.391671	591.98	121.19	6.462026	107.536506	5.415011																					5276385280	5327917056	1984217088	29823179162																				True	13	13	3.1e-11	MAINTAINED_UPSTREAM_INTERNAL	MATLAB_TWISTER_SEED_PLUS_WORKER_INDEX	21.359365677138662	0.7499868475681435	0.01965533034350375	22.148663185393815					PASS
VCKSS-COMPARATIVE-SCALING-RESULT-V4	first	6	scale_strong_d2_n7680_c2_r3	e1514185445cab36f930c90a44c5a4e23326e027	fbed59bf26bd6cf641bec0946ff6d32cdfe992786852947c530678dd4c86a026	strong_d2	strong	2	7680	3840	96	2	2	2	2	2	2	3	20260819	2	scc-nd7	Intel(R) Xeon(R) CPU E5-2650 v2 @ 2.60GHz	mata	PASS	0	0	0	6.423	7.71	13.12	0.528			0.9750000000000001	0.424	0.111	0.025	4.867	0.12	2.176	2.518	0.065	3.151999999999999	0.642	1.225									247070720	247070720	245211136	29675002790	271759698	271759698														5.34173618034e-11	1e-09	9.0	NONE							21.35649938308387	0.7498900514418515	0.0197423294760247	22.14587409347778	6.46413386163e-05	1.19365721282e-06	4.33013496235e-05	6.08274672701e-05	PASS
VCKSS-COMPARATIVE-SCALING-RESULT-V4	first	6	scale_strong_d2_n7680_c2_r3	e1514185445cab36f930c90a44c5a4e23326e027	fbed59bf26bd6cf641bec0946ff6d32cdfe992786852947c530678dd4c86a026	strong_d2	strong	2	7680	3840	96	2	2	2	2	2	2	3	20260819	3	scc-nd7	Intel(R) Xeon(R) CPU E5-2650 v2 @ 2.60GHz	rust	PASS	0	0	0	0.613	1.22	1.95	0.464															0.000460314	0.003015944	0.002946728	0.003433039	0.001274306	0.0	0.235601885	0.246732216	190722048	190722048	192495616	29675002790	822543769	822543769	774089526	518232	2	2	1e-10	1e-06	0.00106831	0.000429296	0.013404579	0.016914425	0.077783507	1202	601	2.01964223486e-15	1e-05	1.0	CMG_FULL_V2							21.35652752829573	0.7498911817999238	0.0196718641302619	22.14576243835618	5.97856037515e-05	1.2527347472e-06	4.13771786636e-05	6.04455142106e-05	PASS
VCKSS-COMPARATIVE-SCALING-RESULT-V4	first	6	scale_strong_d2_n7680_c2_r3	e1514185445cab36f930c90a44c5a4e23326e027	fbed59bf26bd6cf641bec0946ff6d32cdfe992786852947c530678dd4c86a026	strong_d2	strong	2	7680	3840	96	2	2	2	2	2	2	3	20260819	1	scc-nd7	Intel(R) Xeon(R) CPU E5-2650 v2 @ 2.60GHz	matlab	PASS	0	0	0	5.428765	597.71	122.1	6.071668	107.116546	5.400605																					5298077696	5350645760	2081067008	29675002790																				True	13	13	3.1e-11	MAINTAINED_UPSTREAM_INTERNAL	MATLAB_TWISTER_SEED_PLUS_WORKER_INDEX	21.359329420176266	0.7499908132477743	0.019705364891861043	22.14873096320776					PASS
VCKSS-COMPARATIVE-SCALING-RESULT-V4	first	7	scale_strong_d2_n7680_c4_r1	e1514185445cab36f930c90a44c5a4e23326e027	fbed59bf26bd6cf641bec0946ff6d32cdfe992786852947c530678dd4c86a026	strong_d2	strong	2	7680	3840	96	4	4	4	4	4	4	1	104729	1	scc-na8	Intel(R) Xeon(R) CPU E5-2650 v2 @ 2.60GHz	mata	PASS	0	0	0	6.227	6.9	25.05	0.492			0.9530000000000001	0.372	0.117	0.026	4.662	0.04	2.135	2.433	0.057	3.322000000000001	0.449	0.9059999999999999									256770048	256770048	254734336	49641232008	271759667	271759667														5.24250997978e-11	1e-09	9.0	NONE							21.3566335978869	0.7498919300803699	0.0196544668214831	22.14583446161024	6.38551492319e-05	1.28524499735e-06	4.52388881418e-05	6.21343403911e-05	PASS
VCKSS-COMPARATIVE-SCALING-RESULT-V4	first	7	scale_strong_d2_n7680_c4_r1	e1514185445cab36f930c90a44c5a4e23326e027	fbed59bf26bd6cf641bec0946ff6d32cdfe992786852947c530678dd4c86a026	strong_d2	strong	2	7680	3840	96	4	4	4	4	4	4	1	104729	2	scc-na8	Intel(R) Xeon(R) CPU E5-2650 v2 @ 2.60GHz	rust	PASS	0	0	0	0.631	1.21	3.2199999999999998	0.393															0.00047396	0.003195461	0.003097522	0.003634611	0.001328108	0.0	0.231973767	0.243703429	215310336	215310336	213254144	49641232008	846328422	846328422	774181916	595224	4	4	1e-10	1e-06	0.001102473	0.000475031	0.012936067	0.01867929	0.075554343	1202	601	2.40412538805e-15	1e-05	1.0	CMG_FULL_V2							21.35658236057288	0.7498940179396917	0.0196818858944856	22.14584015030155	6.03048542848e-05	1.31390196271e-06	4.25397874865e-05	6.15421771096e-05	PASS
VCKSS-COMPARATIVE-SCALING-RESULT-V4	first	7	scale_strong_d2_n7680_c4_r1	e1514185445cab36f930c90a44c5a4e23326e027	fbed59bf26bd6cf641bec0946ff6d32cdfe992786852947c530678dd4c86a026	strong_d2	strong	2	7680	3840	96	4	4	4	4	4	4	1	104729	3	scc-na8	Intel(R) Xeon(R) CPU E5-2650 v2 @ 2.60GHz	matlab	PASS	0	0	0	4.098957	599.43	199.84	6.307483	119.801267	4.945395																					8456306688	8545677312	1960132608	49641232008																				True	13	13	3.1e-11	MAINTAINED_UPSTREAM_INTERNAL	MATLAB_TWISTER_SEED_PLUS_WORKER_INDEX	21.359314203938066	0.7499872747809189	0.01971966400754547	22.148740806734075					PASS
VCKSS-COMPARATIVE-SCALING-RESULT-V4	first	8	scale_strong_d2_n7680_c4_r2	e1514185445cab36f930c90a44c5a4e23326e027	fbed59bf26bd6cf641bec0946ff6d32cdfe992786852947c530678dd4c86a026	strong_d2	strong	2	7680	3840	96	4	4	4	4	4	4	2	8675309	3	scc-gm2	Intel(R) Xeon(R) Gold 6242 CPU @ 2.80GHz	mata	PASS	0	0	0	4.719	5.55	18.66	0.42			0.663	0.238	0.078	0.017	3.396	0.019	1.52	1.818	0.047	2.16	0.4839999999999999	0.8599999999999999									257888256	257888256	255954944	50022410355	271759689	271759689														5.13384113081e-11	1e-09	9.0	NONE							21.35652667304495	0.7498901519100813	0.0197284836659568	22.14587379228695	5.99700433145e-05	1.20949954992e-06	4.27004851494e-05	6.27560761563e-05	PASS
VCKSS-COMPARATIVE-SCALING-RESULT-V4	first	8	scale_strong_d2_n7680_c4_r2	e1514185445cab36f930c90a44c5a4e23326e027	fbed59bf26bd6cf641bec0946ff6d32cdfe992786852947c530678dd4c86a026	strong_d2	strong	2	7680	3840	96	4	4	4	4	4	4	2	8675309	1	scc-gm2	Intel(R) Xeon(R) Gold 6242 CPU @ 2.80GHz	rust	PASS	0	0	0	0.449	1.08	2.27	0.463															0.000376419	0.002579509	0.002276137	0.002678908	0.00101082	0.0	0.182486447	0.19140824	194134016	194134016	192045056	50022410355	846328422	846328422	774181916	595224	4	4	1e-10	1e-06	0.000823175	0.000365585	0.017914883	0.014029617	0.060118503	1202	601	2.4271770304e-15	1e-05	1.0	CMG_FULL_V2							21.35658917954271	0.7498914010469655	0.0196577234314411	22.14579602745256	6.41450398768e-05	1.1280862848e-06	4.68122379911e-05	6.15275525031e-05	PASS
VCKSS-COMPARATIVE-SCALING-RESULT-V4	first	8	scale_strong_d2_n7680_c4_r2	e1514185445cab36f930c90a44c5a4e23326e027	fbed59bf26bd6cf641bec0946ff6d32cdfe992786852947c530678dd4c86a026	strong_d2	strong	2	7680	3840	96	4	4	4	4	4	4	2	8675309	2	scc-gm2	Intel(R) Xeon(R) Gold 6242 CPU @ 2.80GHz	matlab	PASS	0	0	0	3.483637	717.04	198.28	7.403261	242.675921	5.054757																					8619929600	8683147264	2030370816	50022410355																				True	13	13	3.1e-11	MAINTAINED_UPSTREAM_INTERNAL	MATLAB_TWISTER_SEED_PLUS_WORKER_INDEX	21.359349487198465	0.7499866745778705	0.01968290418365764	22.148701970143648					PASS
VCKSS-COMPARATIVE-SCALING-RESULT-V4	first	9	scale_strong_d2_n7680_c4_r3	e1514185445cab36f930c90a44c5a4e23326e027	fbed59bf26bd6cf641bec0946ff6d32cdfe992786852947c530678dd4c86a026	strong_d2	strong	2	7680	3840	96	4	4	4	4	4	4	3	20260819	2	scc-tg3	Intel(R) Xeon(R) CPU E5-2660 v3 @ 2.60GHz	mata	PASS	0	0	0	5.796	6.86	24.299999999999997	0.7969999999999999			0.84	0.323	0.106	0.024	4.319	0.023	2.087	2.156	0.059	2.963	0.4700000000000002	0.8959999999999998									253313024	253313024	251359232	49568217564	271759695	271759695														5.34173618034e-11	1e-09	9.0	NONE							21.35649938308387	0.7498900514418515	0.0197423294760247	22.14587409347778	6.46413386163e-05	1.19365721282e-06	4.33013496235e-05	6.08274672701e-05	PASS
VCKSS-COMPARATIVE-SCALING-RESULT-V4	first	9	scale_strong_d2_n7680_c4_r3	e1514185445cab36f930c90a44c5a4e23326e027	fbed59bf26bd6cf641bec0946ff6d32cdfe992786852947c530678dd4c86a026	strong_d2	strong	2	7680	3840	96	4	4	4	4	4	4	3	20260819	3	scc-tg3	Intel(R) Xeon(R) CPU E5-2660 v3 @ 2.60GHz	rust	PASS	0	0	0	0.765	1.76	4.4399999999999995	0.773															0.001027709	0.007250293	0.0062042	0.005246254	0.001959203	0.0	0.25190283	0.273590489	198955008	198955008	197083136	49568217564	846328422	846328422	774181916	595224	4	4	1e-10	1e-06	0.0015973	0.000620445	0.0132566	0.018073108	0.086674781	1202	601	2.01964223486e-15	1e-05	1.0	CMG_FULL_V2							21.35652752829573	0.7498911817999238	0.0196718641302619	22.14576243835618	5.97856037515e-05	1.2527347472e-06	4.13771786636e-05	6.04455142106e-05	PASS
VCKSS-COMPARATIVE-SCALING-RESULT-V4	first	9	scale_strong_d2_n7680_c4_r3	e1514185445cab36f930c90a44c5a4e23326e027	fbed59bf26bd6cf641bec0946ff6d32cdfe992786852947c530678dd4c86a026	strong_d2	strong	2	7680	3840	96	4	4	4	4	4	4	3	20260819	1	scc-tg3	Intel(R) Xeon(R) CPU E5-2660 v3 @ 2.60GHz	matlab	PASS	0	0	0	5.252923	614.09	309.43	6.220892	192.012811	5.947258																					8620658688	8694894592	2046599168	49568217564																				True	13	13	3.1e-11	MAINTAINED_UPSTREAM_INTERNAL	MATLAB_TWISTER_SEED_PLUS_WORKER_INDEX	21.359301250649676	0.7499910219193383	0.019731580476557944	22.14875543352213					PASS
VCKSS-COMPARATIVE-SCALING-RESULT-V4	first	10	scale_strong_d2_n7680_c8_r1	e1514185445cab36f930c90a44c5a4e23326e027	fbed59bf26bd6cf641bec0946ff6d32cdfe992786852947c530678dd4c86a026	strong_d2	strong	2	7680	3840	96	8	4	4	4	8	8	1	104729	1	scc-eg1	Intel(R) Xeon(R) Gold 6226R CPU @ 2.90GHz	mata	PASS	0	0	0	5.575	8.47	20.86	2.141			0.712	0.251	0.094	0.018	4.091	0.124	1.904	2.023	0.056	2.432	0.675	1.211									257077248	257077248	259014656	90127741223	271759680	271759680														5.24250997978e-11	1e-09	9.0	NONE							21.3566335978869	0.7498919300803699	0.0196544668214831	22.14583446161024	6.38551492319e-05	1.28524499735e-06	4.52388881418e-05	6.21343403911e-05	PASS
VCKSS-COMPARATIVE-SCALING-RESULT-V4	first	10	scale_strong_d2_n7680_c8_r1	e1514185445cab36f930c90a44c5a4e23326e027	fbed59bf26bd6cf641bec0946ff6d32cdfe992786852947c530678dd4c86a026	strong_d2	strong	2	7680	3840	96	8	4	8	4	8	8	1	104729	2	scc-eg1	Intel(R) Xeon(R) Gold 6226R CPU @ 2.90GHz	rust	PASS	0	0	0	0.463	1.08	3.19	0.372															0.00040689	0.002669944	0.002403705	0.002796893	0.001135337	0.0	0.157508661	0.16692143	209985536	209985536	211591168	90127741223	893897728	893897728	774366697	749208	8	8	1e-10	1e-06	0.000868416	0.000520143	0.012254543	0.012682973	0.053211773	1202	601	2.40412538805e-15	1e-05	1.0	CMG_FULL_V2							21.35658236057288	0.7498940179396917	0.0196818858944856	22.14584015030155	6.03048542848e-05	1.31390196271e-06	4.25397874865e-05	6.15421771096e-05	PASS
VCKSS-COMPARATIVE-SCALING-RESULT-V4	first	10	scale_strong_d2_n7680_c8_r1	e1514185445cab36f930c90a44c5a4e23326e027	fbed59bf26bd6cf641bec0946ff6d32cdfe992786852947c530678dd4c86a026	strong_d2	strong	2	7680	3840	96	8	4	8	4	8	8	1	104729	3	scc-eg1	Intel(R) Xeon(R) Gold 6226R CPU @ 2.90GHz	matlab	PASS	0	0	0	3.153443	455.58	364.47	2.677426	229.712732	5.617719																					15191535616	15365046272	2053459968	90127741223																				True	13	13	3.1e-11	MAINTAINED_UPSTREAM_INTERNAL	MATLAB_TWISTER_SEED_PLUS_WORKER_INDEX	21.35930325983547	0.7499886878366231	0.019699148371961378	22.148690244416017					PASS
VCKSS-COMPARATIVE-SCALING-RESULT-V4	first	11	scale_strong_d2_n7680_c8_r2	e1514185445cab36f930c90a44c5a4e23326e027	fbed59bf26bd6cf641bec0946ff6d32cdfe992786852947c530678dd4c86a026	strong_d2	strong	2	7680	3840	96	8	4	4	4	8	8	2	8675309	3	scc-mf4	Intel(R) Xeon(R) CPU E5-2650 v2 @ 2.60GHz	mata	PASS	0	0	0	6.092	6.8	24.76	0.451			0.837	0.362	0.116	0.026	4.653	0.019	2.138	2.443	0.058	3.291000000000001	0.4899999999999999	0.9249999999999998									257961984	257961984	256196608	90089086518	271759663	271759663														5.13384113081e-11	1e-09	9.0	NONE							21.35652667304495	0.7498901519100813	0.0197284836659568	22.14587379228695	5.99700433145e-05	1.20949954992e-06	4.27004851494e-05	6.27560761563e-05	PASS
VCKSS-COMPARATIVE-SCALING-RESULT-V4	first	11	scale_strong_d2_n7680_c8_r2	e1514185445cab36f930c90a44c5a4e23326e027	fbed59bf26bd6cf641bec0946ff6d32cdfe992786852947c530678dd4c86a026	strong_d2	strong	2	7680	3840	96	8	4	8	4	8	8	2	8675309	1	scc-mf4	Intel(R) Xeon(R) CPU E5-2650 v2 @ 2.60GHz	rust	PASS	0	0	0	0.504	1.12	3.32	0.45															0.000491867	0.003224807	0.003063629	0.003567993	0.001301858	0.0	0.107407574	0.119057728	200056832	200056832	202203136	90089086518	893897728	893897728	774366697	749208	8	8	1e-10	1e-06	0.001088369	0.000661269	0.005193921	0.006749478	0.029571178	1202	601	2.4271770304e-15	1e-05	1.0	CMG_FULL_V2							21.35658917954271	0.7498914010469655	0.0196577234314411	22.14579602745256	6.41450398768e-05	1.1280862848e-06	4.68122379911e-05	6.15275525031e-05	PASS
VCKSS-COMPARATIVE-SCALING-RESULT-V4	first	11	scale_strong_d2_n7680_c8_r2	e1514185445cab36f930c90a44c5a4e23326e027	fbed59bf26bd6cf641bec0946ff6d32cdfe992786852947c530678dd4c86a026	strong_d2	strong	2	7680	3840	96	8	4	8	4	8	8	2	8675309	2	scc-mf4	Intel(R) Xeon(R) CPU E5-2650 v2 @ 2.60GHz	matlab	PASS	0	0	0	3.254477	466.1	369.90999999999997	3.030332	233.005589	5.144792																					14946136064	15074344960	2008195072	90089086518																				True	13	13	3.1e-11	MAINTAINED_UPSTREAM_INTERNAL	MATLAB_TWISTER_SEED_PLUS_WORKER_INDEX	21.359302810230634	0.7499891174659264	0.01970282687328036	22.14869758144312					PASS
VCKSS-COMPARATIVE-SCALING-RESULT-V4	first	12	scale_strong_d2_n7680_c8_r3	e1514185445cab36f930c90a44c5a4e23326e027	fbed59bf26bd6cf641bec0946ff6d32cdfe992786852947c530678dd4c86a026	strong_d2	strong	2	7680	3840	96	8	4	4	4	8	8	3	20260819	2	scc-kc1	Intel(R) Xeon(R) Gold 6426Y	mata	PASS	0	0	0	3.138	4.09	13.239999999999998	0.545			0.535	0.179	0.052	0.012	2.258	0.077	0.978	1.175	0.031	1.286	0.364	0.6950000000000002									263299072	263299072	261324800	89081916687	271759675	271759675														5.34173618034e-11	1e-09	9.0	NONE							21.35649938308387	0.7498900514418515	0.0197423294760247	22.14587409347778	6.46413386163e-05	1.19365721282e-06	4.33013496235e-05	6.08274672701e-05	PASS
VCKSS-COMPARATIVE-SCALING-RESULT-V4	first	12	scale_strong_d2_n7680_c8_r3	e1514185445cab36f930c90a44c5a4e23326e027	fbed59bf26bd6cf641bec0946ff6d32cdfe992786852947c530678dd4c86a026	strong_d2	strong	2	7680	3840	96	8	4	8	4	8	8	3	20260819	3	scc-kc1	Intel(R) Xeon(R) Gold 6426Y	rust	PASS	0	0	0	0.261	0.64	2.4299999999999997	0.306															0.000285315	0.002228924	0.001930576	0.00205357	0.000800264	0.0	0.06784806	0.075146709	203243520	203243520	205393920	89081916687	893897728	893897728	774366697	749208	8	8	1e-10	1e-06	0.000676435	0.000466372	0.003115327	0.00515086	0.019007787	1202	601	2.01964223486e-15	1e-05	1.0	CMG_FULL_V2							21.35652752829573	0.7498911817999238	0.0196718641302619	22.14576243835618	5.97856037515e-05	1.2527347472e-06	4.13771786636e-05	6.04455142106e-05	PASS
VCKSS-COMPARATIVE-SCALING-RESULT-V4	first	12	scale_strong_d2_n7680_c8_r3	e1514185445cab36f930c90a44c5a4e23326e027	fbed59bf26bd6cf641bec0946ff6d32cdfe992786852947c530678dd4c86a026	strong_d2	strong	2	7680	3840	96	8	4	8	4	8	8	3	20260819	1	scc-kc1	Intel(R) Xeon(R) Gold 6426Y	matlab	PASS	0	0	0	2.938365	392.65	223.43	6.379682	189.011053	5.100527																					15041011712	15160791040	1972273152	89081916687																				True	13	13	3.1e-11	MAINTAINED_UPSTREAM_INTERNAL	MATLAB_TWISTER_SEED_PLUS_WORKER_INDEX	21.359314321697802	0.7499918851730176	0.01973394004423747	22.148774086959293					PASS
VCKSS-COMPARATIVE-SCALING-RESULT-V4	first	13	scale_strong_d2_n7680_c16_r1	e1514185445cab36f930c90a44c5a4e23326e027	fbed59bf26bd6cf641bec0946ff6d32cdfe992786852947c530678dd4c86a026	strong_d2	strong	2	7680	3840	96	16	4	4	4	16	16	1	104729	1	scc-ke1	Intel(R) Xeon(R) Gold 6426Y	mata	PASS	0	0	0	3.146	5.26	13.030000000000001	1.879			0.414	0.126	0.047	0.011	2.189	0.054	0.952	1.156	0.034	1.257	0.3510000000000001	0.6520000000000001									264224768	264224768	262336512	177046068134	271759671	271759671														5.24250997978e-11	1e-09	9.0	NONE							21.3566335978869	0.7498919300803699	0.0196544668214831	22.14583446161024	6.38551492319e-05	1.28524499735e-06	4.52388881418e-05	6.21343403911e-05	PASS
VCKSS-COMPARATIVE-SCALING-RESULT-V4	first	13	scale_strong_d2_n7680_c16_r1	e1514185445cab36f930c90a44c5a4e23326e027	fbed59bf26bd6cf641bec0946ff6d32cdfe992786852947c530678dd4c86a026	strong_d2	strong	2	7680	3840	96	16	4	16	4	16	16	1	104729	2	scc-ke1	Intel(R) Xeon(R) Gold 6426Y	rust	PASS	0	0	0	0.259	0.68	2.7100000000000004	0.336															0.000299958	0.002248416	0.001952329	0.002068949	0.000789409	0.0	0.064457632	0.071816693	215949312	215949312	213929984	177046068134	989036339	989036339	774736259	1057176	16	16	1e-10	1e-06	0.000689311	0.000773348	0.004127973	0.005231549	0.014412544	1202	601	2.40412538805e-15	1e-05	1.0	CMG_FULL_V2							21.35658236057288	0.7498940179396917	0.0196818858944856	22.14584015030155	6.03048542848e-05	1.31390196271e-06	4.25397874865e-05	6.15421771096e-05	PASS
VCKSS-COMPARATIVE-SCALING-RESULT-V4	first	13	scale_strong_d2_n7680_c16_r1	e1514185445cab36f930c90a44c5a4e23326e027	fbed59bf26bd6cf641bec0946ff6d32cdfe992786852947c530678dd4c86a026	strong_d2	strong	2	7680	3840	96	16	4	16	4	16	16	1	104729	3	scc-ke1	Intel(R) Xeon(R) Gold 6426Y	matlab	PASS	0	0	0	2.798052	385.74	432.87	6.380495	189.24468	5.25089																					28235898880	28475437056	2020683776	177046068134																				True	13	13	3.1e-11	MAINTAINED_UPSTREAM_INTERNAL	MATLAB_TWISTER_SEED_PLUS_WORKER_INDEX	21.3592791498291	0.7499874294655597	0.019727094168801255	22.148720767632263					PASS
VCKSS-COMPARATIVE-SCALING-RESULT-V4	first	14	scale_strong_d2_n7680_c16_r2	e1514185445cab36f930c90a44c5a4e23326e027	fbed59bf26bd6cf641bec0946ff6d32cdfe992786852947c530678dd4c86a026	strong_d2	strong	2	7680	3840	96	16	4	4	4	16	16	2	8675309	3	scc-tg4	Intel(R) Xeon(R) CPU E5-2660 v3 @ 2.60GHz	mata	PASS	0	0	0	6.296	7.85	26.259999999999998	0.889			1.066	0.373	0.107	0.024	4.537	0.102	2.136	2.246	0.057	3.114	0.479	0.9799999999999999									255897600	255897600	253931520	178735064024	271759736	271759736														5.13384113081e-11	1e-09	9.0	NONE							21.35652667304495	0.7498901519100813	0.0197284836659568	22.14587379228695	5.99700433145e-05	1.20949954992e-06	4.27004851494e-05	6.27560761563e-05	PASS
VCKSS-COMPARATIVE-SCALING-RESULT-V4	first	14	scale_strong_d2_n7680_c16_r2	e1514185445cab36f930c90a44c5a4e23326e027	fbed59bf26bd6cf641bec0946ff6d32cdfe992786852947c530678dd4c86a026	strong_d2	strong	2	7680	3840	96	16	4	16	4	16	16	2	8675309	1	scc-tg4	Intel(R) Xeon(R) CPU E5-2660 v3 @ 2.60GHz	rust	PASS	0	0	0	0.882	2.26	6.25	1.101															0.001020212	0.007240828	0.007212132	0.008198862	0.002955315	0.0	0.200468517	0.227095866	209399808	209399808	212647936	178735064024	989036339	989036339	774736259	1057176	16	16	1e-10	1e-06	0.00248017	0.002328839	0.009800719	0.010776456	0.040882942	1202	601	2.4271770304e-15	1e-05	1.0	CMG_FULL_V2							21.35658917954271	0.7498914010469655	0.0196577234314411	22.14579602745256	6.41450398768e-05	1.1280862848e-06	4.68122379911e-05	6.15275525031e-05	PASS
VCKSS-COMPARATIVE-SCALING-RESULT-V4	first	14	scale_strong_d2_n7680_c16_r2	e1514185445cab36f930c90a44c5a4e23326e027	fbed59bf26bd6cf641bec0946ff6d32cdfe992786852947c530678dd4c86a026	strong_d2	strong	2	7680	3840	96	16	4	16	4	16	16	2	8675309	2	scc-tg4	Intel(R) Xeon(R) CPU E5-2660 v3 @ 2.60GHz	matlab	PASS	0	0	0	5.325715	566.04	929.53	8.667783	150.498343	7.272111																					28376322048	28748251136	2051334144	178735064024																				True	13	13	3.1e-11	MAINTAINED_UPSTREAM_INTERNAL	MATLAB_TWISTER_SEED_PLUS_WORKER_INDEX	21.3592514708486	0.7499874400704175	0.01971236052712797	22.148663631973275					PASS
VCKSS-COMPARATIVE-SCALING-RESULT-V4	first	15	scale_strong_d2_n7680_c16_r3	e1514185445cab36f930c90a44c5a4e23326e027	fbed59bf26bd6cf641bec0946ff6d32cdfe992786852947c530678dd4c86a026	strong_d2	strong	2	7680	3840	96	16	4	4	4	16	16	3	20260819	2	scc-sc5	Intel(R) Xeon(R) CPU E5-2650 v2 @ 2.60GHz	mata	PASS	0	0	0	7.094	11.09	26.25	3.163			1.068	0.38	0.118	0.026	4.685	0.055	2.136	2.44	0.057	3.279000000000001	0.4970000000000001	0.9679999999999999									257224704	257224704	262197248	176289080148	271759724	271759724														5.34173618034e-11	1e-09	9.0	NONE							21.35649938308387	0.7498900514418515	0.0197423294760247	22.14587409347778	6.46413386163e-05	1.19365721282e-06	4.33013496235e-05	6.08274672701e-05	PASS
VCKSS-COMPARATIVE-SCALING-RESULT-V4	first	15	scale_strong_d2_n7680_c16_r3	e1514185445cab36f930c90a44c5a4e23326e027	fbed59bf26bd6cf641bec0946ff6d32cdfe992786852947c530678dd4c86a026	strong_d2	strong	2	7680	3840	96	16	4	16	4	16	16	3	20260819	3	scc-sc5	Intel(R) Xeon(R) CPU E5-2650 v2 @ 2.60GHz	rust	PASS	0	0	0	0.657	1.71	4.41	0.66															0.000487818	0.003121697	0.002998302	0.003533013	0.001284736	0.0	0.082975246	0.094400812	221245440	221245440	219295744	176289080148	989036339	989036339	774736259	1057176	16	16	1e-10	1e-06	0.00104154	0.00110341	0.004021709	0.004699311	0.016147523	1202	601	2.01964223486e-15	1e-05	1.0	CMG_FULL_V2							21.35652752829573	0.7498911817999238	0.0196718641302619	22.14576243835618	5.97856037515e-05	1.2527347472e-06	4.13771786636e-05	6.04455142106e-05	PASS
VCKSS-COMPARATIVE-SCALING-RESULT-V4	first	15	scale_strong_d2_n7680_c16_r3	e1514185445cab36f930c90a44c5a4e23326e027	fbed59bf26bd6cf641bec0946ff6d32cdfe992786852947c530678dd4c86a026	strong_d2	strong	2	7680	3840	96	16	4	16	4	16	16	3	20260819	1	scc-sc5	Intel(R) Xeon(R) CPU E5-2650 v2 @ 2.60GHz	matlab	PASS	0	0	0	4.575069	574.67	761.78	8.006809	159.2966	6.15097																					28172787712	28439121920	2067783680	176289080148																				True	13	13	3.1e-11	MAINTAINED_UPSTREAM_INTERNAL	MATLAB_TWISTER_SEED_PLUS_WORKER_INDEX	21.359363927499043	0.7499903933646029	0.01971644904823683	22.14878721896012					PASS
VCKSS-COMPARATIVE-SCALING-RESULT-V4	repair-full	16	scale_strong_d2_n30720_c1_r1	ca162022833c3d6e6906c11cf4860baf0d52fd86	02d6eb6ffc96e0eb7eea1252605663e3e206c6ce177f3cf7f0e860c2b25f40f9	strong_d2	strong	2	30720	15360	384	1	1	1	1	1	1	1	104729	1	scc-kc1	Intel(R) Xeon(R) Gold 6426Y	mata	PASS	0	0	0	8.62	9.21	9.06	0.423			0.741	0.453	0.188	0.11	7.445	0.01	3.449	3.825	0.181	4.885	0.0	1.095									505880576	505880576	503926784	18959059387	1438725336	1438725336														3.79590091687e-15	1e-09	1.0	NONE							21.4282893815586	1.330397243004027	-0.2047448940284405	22.34919683650575	3.3525407084e-05	1.15163669572e-06	2.2017203424e-05	3.41317850419e-05	PASS
VCKSS-COMPARATIVE-SCALING-RESULT-V4	repair-full	16	scale_strong_d2_n30720_c1_r1	ca162022833c3d6e6906c11cf4860baf0d52fd86	02d6eb6ffc96e0eb7eea1252605663e3e206c6ce177f3cf7f0e860c2b25f40f9	strong_d2	strong	2	30720	15360	384	1	1	1	1	1	1	1	104729	2	scc-kc1	Intel(R) Xeon(R) Gold 6426Y	rust	PASS	0	0	0	0.83	1.38	1.33	0.413															0.001058708	0.008549439	0.006729244	0.006838925	0.00261107	0.0	0.615185981	0.640973367	285200384	285200384	283365376	18959059387	1430512652	1430512652	1285299971	2812536	1	1	1e-10	1e-06	0.002560021	0.008035904	0.033371128	0.086247871	0.192596539	1202	601	2.67934634078e-15	1e-05	1.0	CMG_FULL_V2							21.42832193333535	1.330400103664626	-0.2047529213626054	22.34921619427477	3.75330023213e-05	1.00514688326e-06	2.44792015628e-05	3.27946756453e-05	PASS
VCKSS-COMPARATIVE-SCALING-RESULT-V4	repair-full	16	scale_strong_d2_n30720_c1_r1	ca162022833c3d6e6906c11cf4860baf0d52fd86	02d6eb6ffc96e0eb7eea1252605663e3e206c6ce177f3cf7f0e860c2b25f40f9	strong_d2	strong	2	30720	15360	384	1	1	1	1	1	1	1	104729	3	scc-kc1	Intel(R) Xeon(R) Gold 6426Y	matlab	PASS	0	0	0	4.483404	133.07	34.06	1.920436	27.490419	2.660711																					3347013632	3980075008	1848360960	18959059387																				True	22	22	2.6e-11	MAINTAINED_UPSTREAM_INTERNAL	MATLAB_TWISTER_SEED_PLUS_WORKER_INDEX	21.429049266526263	1.3304425357483094	-0.2047726772388126	22.34994644779695					PASS
VCKSS-COMPARATIVE-SCALING-RESULT-V4	repair-full	17	scale_strong_d2_n30720_c1_r2	ca162022833c3d6e6906c11cf4860baf0d52fd86	02d6eb6ffc96e0eb7eea1252605663e3e206c6ce177f3cf7f0e860c2b25f40f9	strong_d2	strong	2	30720	15360	384	1	1	1	1	1	1	2	8675309	3	scc-ke1	Intel(R) Xeon(R) Gold 6426Y	mata	PASS	0	0	0	8.91	9.56	9.39	0.477			0.754	0.454	0.19	0.111	7.706	0.01	3.55	3.984	0.185	5.0	0.0	1.171									505884672	505884672	503914496	18908593521	1438725303	1438725303														3.59758575575e-15	1e-09	1.0	NONE							21.42828162649759	1.330397162361571	-0.2047305891387642	22.34921761058163	3.48994660606e-05	1.19831544734e-06	2.26211013331e-05	3.0164447837e-05	PASS
VCKSS-COMPARATIVE-SCALING-RESULT-V4	repair-full	17	scale_strong_d2_n30720_c1_r2	ca162022833c3d6e6906c11cf4860baf0d52fd86	02d6eb6ffc96e0eb7eea1252605663e3e206c6ce177f3cf7f0e860c2b25f40f9	strong_d2	strong	2	30720	15360	384	1	1	1	1	1	1	2	8675309	1	scc-ke1	Intel(R) Xeon(R) Gold 6426Y	rust	PASS	0	0	0	0.866	1.49	1.4100000000000001	0.462															0.001067277	0.008540485	0.006826386	0.006977431	0.002688379	0.0	0.634681888	0.660781846	281157632	281157632	287395840	18908593521	1430512652	1430512652	1285299971	2812536	1	1	1e-10	1e-06	0.002634008	0.00807239	0.035014679	0.089113696	0.197837099	1202	601	2.64390470697e-15	1e-05	1.0	CMG_FULL_V2							21.42831039863289	1.33039913022667	-0.2047498244327465	22.34920987999406	3.38036150613e-05	1.1254481429e-06	2.17333781122e-05	2.79417362119e-05	PASS
VCKSS-COMPARATIVE-SCALING-RESULT-V4	repair-full	17	scale_strong_d2_n30720_c1_r2	ca162022833c3d6e6906c11cf4860baf0d52fd86	02d6eb6ffc96e0eb7eea1252605663e3e206c6ce177f3cf7f0e860c2b25f40f9	strong_d2	strong	2	30720	15360	384	1	1	1	1	1	1	2	8675309	2	scc-ke1	Intel(R) Xeon(R) Gold 6426Y	matlab	PASS	0	0	0	4.787939	143.69	37.57	2.133902	27.802388	2.799122																					3334750208	3357962240	1835479040	18908593521																				True	22	22	2.6e-11	MAINTAINED_UPSTREAM_INTERNAL	MATLAB_TWISTER_SEED_PLUS_WORKER_INDEX	21.429020588301277	1.3304413773489077	-0.20475353205468189	22.349954901540823					PASS
VCKSS-COMPARATIVE-SCALING-RESULT-V4	repair-full	18	scale_strong_d2_n30720_c1_r3	ca162022833c3d6e6906c11cf4860baf0d52fd86	02d6eb6ffc96e0eb7eea1252605663e3e206c6ce177f3cf7f0e860c2b25f40f9	strong_d2	strong	2	30720	15360	384	1	1	1	1	1	1	3	20260819	2	scc-sb8	Intel(R) Xeon(R) CPU E5-2650 v2 @ 2.60GHz	mata	PASS	0	0	0	19.712	20.8	20.46	0.8280000000000001			1.899	1.307	0.448	0.403	16.886	0.021	7.883	8.483	0.346	12.223	0.0	1.886									498434048	498434048	496271360	18712098767	1438725340	1438725340														3.83381521369e-15	1e-09	1.0	NONE							21.42833166712578	1.330399111122326	-0.2047397107981571	22.34925135665178	3.20574883157e-05	1.04155483811e-06	2.28676829855e-05	3.37268391783e-05	PASS
VCKSS-COMPARATIVE-SCALING-RESULT-V4	repair-full	18	scale_strong_d2_n30720_c1_r3	ca162022833c3d6e6906c11cf4860baf0d52fd86	02d6eb6ffc96e0eb7eea1252605663e3e206c6ce177f3cf7f0e860c2b25f40f9	strong_d2	strong	2	30720	15360	384	1	1	1	1	1	1	3	20260819	3	scc-sb8	Intel(R) Xeon(R) CPU E5-2650 v2 @ 2.60GHz	rust	PASS	0	0	0	1.689	2.72	2.6500000000000004	0.7989999999999999															0.001791503	0.012207429	0.011319312	0.012510311	0.004521638	0.0	1.24624495	1.288595143	281026560	281026560	279113728	18712098767	1430512652	1430512652	1285299971	2812536	1	1	1e-10	1e-06	0.004281962	0.016488981	0.066046195	0.201398178	0.381260122	1202	601	2.77943816608e-15	1e-05	1.0	CMG_FULL_V2							21.42833059011084	1.330397742218725	-0.2047568000753209	22.34921473217892	3.50965279654e-05	1.16100928974e-06	2.34246534733e-05	3.0787798605e-05	PASS
VCKSS-COMPARATIVE-SCALING-RESULT-V4	repair-full	18	scale_strong_d2_n30720_c1_r3	ca162022833c3d6e6906c11cf4860baf0d52fd86	02d6eb6ffc96e0eb7eea1252605663e3e206c6ce177f3cf7f0e860c2b25f40f9	strong_d2	strong	2	30720	15360	384	1	1	1	1	1	1	3	20260819	1	scc-sb8	Intel(R) Xeon(R) CPU E5-2650 v2 @ 2.60GHz	matlab	PASS	0	0	0	11.726587	168.8	81.47	4.571058	36.915816	3.559023																					3345522688	3361439744	1848401920	18712098767																				True	22	22	2.6e-11	MAINTAINED_UPSTREAM_INTERNAL	MATLAB_TWISTER_SEED_PLUS_WORKER_INDEX	21.42902360146352	1.3304436852481376	-0.20476166222272482	22.34994396226621					PASS
VCKSS-COMPARATIVE-SCALING-RESULT-V4	first	19	scale_strong_d2_n30720_c2_r1	e1514185445cab36f930c90a44c5a4e23326e027	fbed59bf26bd6cf641bec0946ff6d32cdfe992786852947c530678dd4c86a026	strong_d2	strong	2	30720	15360	384	2	2	2	2	2	2	1	104729	1	scc-mh4	Intel(R) Xeon(R) CPU E5-2650 v2 @ 2.60GHz	mata	PASS	0	0	0	19.547	22.52	39.769999999999996	2.528			2.013	1.416	0.465	0.424	16.487	0.025	7.654	8.282	0.272	12.626	0.0	1.559									514408448	514408448	512385024	29822105420	1438725244	1438725244														2.77599276771e-15	1e-09	1.0	NONE							21.4282893815586	1.330397243004027	-0.2047448940284403	22.34919683650575	3.3525407084e-05	1.15163669572e-06	2.2017203424e-05	3.41317850419e-05	PASS
VCKSS-COMPARATIVE-SCALING-RESULT-V4	first	19	scale_strong_d2_n30720_c2_r1	e1514185445cab36f930c90a44c5a4e23326e027	fbed59bf26bd6cf641bec0946ff6d32cdfe992786852947c530678dd4c86a026	strong_d2	strong	2	30720	15360	384	2	2	2	2	2	2	1	104729	2	scc-mh4	Intel(R) Xeon(R) CPU E5-2650 v2 @ 2.60GHz	rust	PASS	0	0	0	1.323	2.22	3.8	0.596															0.001814264	0.025471533	0.024700212	0.015005751	0.004632234	0.0	0.778672226	0.85029622	307380224	307380224	305549312	29822105420	1478229414	1478229414	1285631862	3089112	2	2	1e-10	1e-06	0.004917499	0.017044681	0.038296025	0.119171389	0.219934373	1202	601	2.67934634078e-15	1e-05	1.0	CMG_FULL_V2							21.42832193333535	1.330400103664626	-0.2047529213626054	22.34921619427477	3.75330023213e-05	1.00514688326e-06	2.44792015628e-05	3.27946756453e-05	PASS
VCKSS-COMPARATIVE-SCALING-RESULT-V4	first	19	scale_strong_d2_n30720_c2_r1	e1514185445cab36f930c90a44c5a4e23326e027	fbed59bf26bd6cf641bec0946ff6d32cdfe992786852947c530678dd4c86a026	strong_d2	strong	2	30720	15360	384	2	2	2	2	2	2	1	104729	3	scc-mh4	Intel(R) Xeon(R) CPU E5-2650 v2 @ 2.60GHz	matlab	PASS	0	0	0	9.204608	346.62	126.72999999999999	4.255897	104.406469	5.307575																					5418246144	5437186048	2095775744	29822105420																				True	22	22	2.6e-11	MAINTAINED_UPSTREAM_INTERNAL	MATLAB_TWISTER_SEED_PLUS_WORKER_INDEX	21.429046741676718	1.3304413907909507	-0.20476485925063917	22.34995841396639					PASS
VCKSS-COMPARATIVE-SCALING-RESULT-V4	first	20	scale_strong_d2_n30720_c2_r2	e1514185445cab36f930c90a44c5a4e23326e027	fbed59bf26bd6cf641bec0946ff6d32cdfe992786852947c530678dd4c86a026	strong_d2	strong	2	30720	15360	384	2	2	2	2	2	2	2	8675309	3	scc-mf8	Intel(R) Xeon(R) CPU E5-2650 v2 @ 2.60GHz	mata	PASS	0	0	0	19.481	21.15	39.55	1.153			2.123	1.436	0.462	0.489	16.385	0.025	7.592	8.176	0.269	12.465	0.0	1.557									525840384	525840384	523943936	29707215045	1438725253	1438725253														2.93999722261e-15	1e-09	1.0	NONE							21.42828162649759	1.33039716236157	-0.204730589138764	22.34921761058163	3.48994660606e-05	1.19831544734e-06	2.26211013331e-05	3.0164447837e-05	PASS
VCKSS-COMPARATIVE-SCALING-RESULT-V4	first	20	scale_strong_d2_n30720_c2_r2	e1514185445cab36f930c90a44c5a4e23326e027	fbed59bf26bd6cf641bec0946ff6d32cdfe992786852947c530678dd4c86a026	strong_d2	strong	2	30720	15360	384	2	2	2	2	2	2	2	8675309	1	scc-mf8	Intel(R) Xeon(R) CPU E5-2650 v2 @ 2.60GHz	rust	PASS	0	0	0	1.526	2.82	3.73	0.914															0.001977417	0.012729966	0.011944244	0.013179167	0.004853544	0.0	0.743976067	0.788660405	303362048	303362048	301572096	29707215045	1478229414	1478229414	1285631862	3089112	2	2	1e-10	1e-06	0.004499497	0.017308046	0.036363425	0.110550133	0.20953276	1202	601	2.64390470697e-15	1e-05	1.0	CMG_FULL_V2							21.42831039863289	1.33039913022667	-0.2047498244327465	22.34920987999406	3.38036150613e-05	1.1254481429e-06	2.17333781122e-05	2.79417362119e-05	PASS
VCKSS-COMPARATIVE-SCALING-RESULT-V4	first	20	scale_strong_d2_n30720_c2_r2	e1514185445cab36f930c90a44c5a4e23326e027	fbed59bf26bd6cf641bec0946ff6d32cdfe992786852947c530678dd4c86a026	strong_d2	strong	2	30720	15360	384	2	2	2	2	2	2	2	8675309	2	scc-mf8	Intel(R) Xeon(R) CPU E5-2650 v2 @ 2.60GHz	matlab	PASS	0	0	0	11.148336	435.57	134.78	6.678682	227.200766	5.809714																					5253140480	5292404736	1996840960	29707215045																				True	22	22	2.6e-11	MAINTAINED_UPSTREAM_INTERNAL	MATLAB_TWISTER_SEED_PLUS_WORKER_INDEX	21.42903655256496	1.3304430544358847	-0.20473832588654223	22.35000295522776					PASS
VCKSS-COMPARATIVE-SCALING-RESULT-V4	first	21	scale_strong_d2_n30720_c2_r3	e1514185445cab36f930c90a44c5a4e23326e027	fbed59bf26bd6cf641bec0946ff6d32cdfe992786852947c530678dd4c86a026	strong_d2	strong	2	30720	15360	384	2	2	2	2	2	2	3	20260819	2	scc-eg1	Intel(R) Xeon(R) Gold 6226R CPU @ 2.90GHz	mata	PASS	0	0	0	15.329	16.13	31.63	0.576			1.54	0.992	0.338	0.192	13.044	0.016	6.014	6.741	0.243	9.178	0.0	1.773									512651264	512651264	510631936	29606283314	1438725245	1438725245														3.52929113093e-15	1e-09	1.0	NONE							21.42833166712578	1.330399111122326	-0.2047397107981568	22.34925135665178	3.20574883157e-05	1.04155483811e-06	2.28676829855e-05	3.37268391783e-05	PASS
VCKSS-COMPARATIVE-SCALING-RESULT-V4	first	21	scale_strong_d2_n30720_c2_r3	e1514185445cab36f930c90a44c5a4e23326e027	fbed59bf26bd6cf641bec0946ff6d32cdfe992786852947c530678dd4c86a026	strong_d2	strong	2	30720	15360	384	2	2	2	2	2	2	3	20260819	3	scc-eg1	Intel(R) Xeon(R) Gold 6226R CPU @ 2.90GHz	rust	PASS	0	0	0	1.124	1.85	3.02	0.52															0.001705968	0.011514354	0.010877455	0.011163926	0.004328463	0.0	0.721821753	0.761411919	294727680	294727680	301043712	29606283314	1478229414	1478229414	1285631862	3089112	2	2	1e-10	1e-06	0.003768656	0.026456935	0.044492597	0.108815941	0.2125612	1202	601	2.77943816608e-15	1e-05	1.0	CMG_FULL_V2							21.42833059011084	1.330397742218725	-0.2047568000753209	22.34921473217892	3.50965279654e-05	1.16100928974e-06	2.34246534733e-05	3.0787798605e-05	PASS
VCKSS-COMPARATIVE-SCALING-RESULT-V4	first	21	scale_strong_d2_n30720_c2_r3	e1514185445cab36f930c90a44c5a4e23326e027	fbed59bf26bd6cf641bec0946ff6d32cdfe992786852947c530678dd4c86a026	strong_d2	strong	2	30720	15360	384	2	2	2	2	2	2	3	20260819	1	scc-eg1	Intel(R) Xeon(R) Gold 6226R CPU @ 2.90GHz	matlab	PASS	0	0	0	6.34752	259.85	118.55	3.097258	114.864161	4.724661																					5558022144	5595205632	2195554304	29606283314																				True	22	22	2.6e-11	MAINTAINED_UPSTREAM_INTERNAL	MATLAB_TWISTER_SEED_PLUS_WORKER_INDEX	21.42904462518035	1.330443471394852	-0.20475129069123812	22.349985515192724					PASS
VCKSS-COMPARATIVE-SCALING-RESULT-V4	first	22	scale_strong_d2_n30720_c4_r1	e1514185445cab36f930c90a44c5a4e23326e027	fbed59bf26bd6cf641bec0946ff6d32cdfe992786852947c530678dd4c86a026	strong_d2	strong	2	30720	15360	384	4	4	4	4	4	4	1	104729	1	scc-kc1	Intel(R) Xeon(R) Gold 6426Y	mata	PASS	0	0	0	8.968	9.54	36.52	0.385			0.808	0.496	0.195	0.357	7.694	0.011	3.383	3.888	0.126	5.131	0.0	1.127									536113152	536113152	534142976	48639430886	1438725227	1438725227														3.58284139292e-15	1e-09	1.0	NONE							21.4282893815586	1.330397243004027	-0.2047448940284403	22.34919683650575	3.3525407084e-05	1.15163669572e-06	2.2017203424e-05	3.41317850419e-05	PASS
VCKSS-COMPARATIVE-SCALING-RESULT-V4	first	22	scale_strong_d2_n30720_c4_r1	e1514185445cab36f930c90a44c5a4e23326e027	fbed59bf26bd6cf641bec0946ff6d32cdfe992786852947c530678dd4c86a026	strong_d2	strong	2	30720	15360	384	4	4	4	4	4	4	1	104729	2	scc-kc1	Intel(R) Xeon(R) Gold 6426Y	rust	PASS	0	0	0	0.591	1.09	3.14	0.368															0.001145517	0.018800013	0.011774494	0.016103198	0.002991338	0.0	0.336909494	0.387724054	313114624	313114624	311177216	48639430886	1573368025	1573368025	1286000732	3396504	4	4	1e-10	1e-06	0.002853929	0.009096369	0.015726574	0.049241758	0.088494265	1202	601	2.67934634078e-15	1e-05	1.0	CMG_FULL_V2							21.42832193333535	1.330400103664626	-0.2047529213626054	22.34921619427477	3.75330023213e-05	1.00514688326e-06	2.44792015628e-05	3.27946756453e-05	PASS
VCKSS-COMPARATIVE-SCALING-RESULT-V4	first	22	scale_strong_d2_n30720_c4_r1	e1514185445cab36f930c90a44c5a4e23326e027	fbed59bf26bd6cf641bec0946ff6d32cdfe992786852947c530678dd4c86a026	strong_d2	strong	2	30720	15360	384	4	4	4	4	4	4	1	104729	3	scc-kc1	Intel(R) Xeon(R) Gold 6426Y	matlab	PASS	0	0	0	3.184684	326.15	129.75	2.453691	231.73325	12.420108																					8325074944	8729395200	2209980416	48639430886																				True	22	22	2.6e-11	MAINTAINED_UPSTREAM_INTERNAL	MATLAB_TWISTER_SEED_PLUS_WORKER_INDEX	21.429052497913563	1.330441815484448	-0.20476320773362375	22.349967897930764					PASS
VCKSS-COMPARATIVE-SCALING-RESULT-V4	first	23	scale_strong_d2_n30720_c4_r2	e1514185445cab36f930c90a44c5a4e23326e027	fbed59bf26bd6cf641bec0946ff6d32cdfe992786852947c530678dd4c86a026	strong_d2	strong	2	30720	15360	384	4	4	4	4	4	4	2	8675309	3	scc-gm2	Intel(R) Xeon(R) Gold 6242 CPU @ 2.80GHz	mata	PASS	0	0	0	13.205	13.95	53.2	0.526			1.424	0.923	0.305	0.173	11.107	0.012	5.112	5.735	0.181	8.243	0.0	1.265									543879168	543879168	541913088	48975512077	1438725268	1438725268														3.59202093882e-15	1e-09	1.0	NONE							21.42828162649759	1.330397162361571	-0.204730589138764	22.34921761058163	3.48994660606e-05	1.19831544734e-06	2.26211013331e-05	3.0164447837e-05	PASS
VCKSS-COMPARATIVE-SCALING-RESULT-V4	first	23	scale_strong_d2_n30720_c4_r2	e1514185445cab36f930c90a44c5a4e23326e027	fbed59bf26bd6cf641bec0946ff6d32cdfe992786852947c530678dd4c86a026	strong_d2	strong	2	30720	15360	384	4	4	4	4	4	4	2	8675309	1	scc-gm2	Intel(R) Xeon(R) Gold 6242 CPU @ 2.80GHz	rust	PASS	0	0	0	1.064	1.72	4.12	0.438															0.001477172	0.010981964	0.009460303	0.010436477	0.004000099	0.0	0.673703108	0.710059123	311529472	311529472	310312960	48975512077	1573368025	1573368025	1286000732	3396504	4	4	1e-10	1e-06	0.003440018	0.01183484	0.03969184	0.102631782	0.196359213	1202	601	2.64390470697e-15	1e-05	1.0	CMG_FULL_V2							21.42831039863289	1.33039913022667	-0.2047498244327465	22.34920987999406	3.38036150613e-05	1.1254481429e-06	2.17333781122e-05	2.79417362119e-05	PASS
VCKSS-COMPARATIVE-SCALING-RESULT-V4	first	23	scale_strong_d2_n30720_c4_r2	e1514185445cab36f930c90a44c5a4e23326e027	fbed59bf26bd6cf641bec0946ff6d32cdfe992786852947c530678dd4c86a026	strong_d2	strong	2	30720	15360	384	4	4	4	4	4	4	2	8675309	2	scc-gm2	Intel(R) Xeon(R) Gold 6242 CPU @ 2.80GHz	matlab	PASS	0	0	0	4.020719	335.65999999999997	188.56	2.453876	231.710959	11.572361																					8281681920	8708501504	2183729152	48975512077																				True	22	22	2.6e-11	MAINTAINED_UPSTREAM_INTERNAL	MATLAB_TWISTER_SEED_PLUS_WORKER_INDEX	21.429047346414897	1.3304429092860146	-0.20473592981489674	22.350018396071118					PASS
VCKSS-COMPARATIVE-SCALING-RESULT-V4	first	24	scale_strong_d2_n30720_c4_r3	e1514185445cab36f930c90a44c5a4e23326e027	fbed59bf26bd6cf641bec0946ff6d32cdfe992786852947c530678dd4c86a026	strong_d2	strong	2	30720	15360	384	4	4	4	4	4	4	3	20260819	2	scc-ke1	Intel(R) Xeon(R) Gold 6426Y	mata	PASS	0	0	0	9.182	10.64	37.53	0.907			0.8200000000000001	0.493	0.199	0.367	7.884	0.01	3.391	4.061	0.138	5.214	0.0	1.169									524685312	524685312	522706944	48373142914	1438725296	1438725296														3.92889011368e-15	1e-09	1.0	NONE							21.42833166712578	1.330399111122326	-0.2047397107981569	22.34925135665178	3.20574883157e-05	1.04155483811e-06	2.28676829855e-05	3.37268391783e-05	PASS
VCKSS-COMPARATIVE-SCALING-RESULT-V4	first	24	scale_strong_d2_n30720_c4_r3	e1514185445cab36f930c90a44c5a4e23326e027	fbed59bf26bd6cf641bec0946ff6d32cdfe992786852947c530678dd4c86a026	strong_d2	strong	2	30720	15360	384	4	4	4	4	4	4	3	20260819	3	scc-ke1	Intel(R) Xeon(R) Gold 6426Y	rust	PASS	0	0	0	0.63	1.15	3.23	0.381															0.001093557	0.017918902	0.008809134	0.008661409	0.003391712	0.0	0.355343306	0.39521802	302436352	302436352	300490752	48373142914	1573368025	1573368025	1286000732	3396504	4	4	1e-10	1e-06	0.003366996	0.010716553	0.017558954	0.048076511	0.097571229	1202	601	2.77943816608e-15	1e-05	1.0	CMG_FULL_V2							21.42833059011084	1.330397742218725	-0.2047568000753209	22.34921473217892	3.50965279654e-05	1.16100928974e-06	2.34246534733e-05	3.0787798605e-05	PASS
VCKSS-COMPARATIVE-SCALING-RESULT-V4	first	24	scale_strong_d2_n30720_c4_r3	e1514185445cab36f930c90a44c5a4e23326e027	fbed59bf26bd6cf641bec0946ff6d32cdfe992786852947c530678dd4c86a026	strong_d2	strong	2	30720	15360	384	4	4	4	4	4	4	3	20260819	1	scc-ke1	Intel(R) Xeon(R) Gold 6426Y	matlab	PASS	0	0	0	3.261616	337.36	125.44	2.454577	231.743759	12.430776																					8246300672	8635363328	2073923584	48373142914																				True	22	22	2.6e-11	MAINTAINED_UPSTREAM_INTERNAL	MATLAB_TWISTER_SEED_PLUS_WORKER_INDEX	21.42905983081427	1.3304446118035225	-0.20475845558160854	22.349987531454577					PASS
VCKSS-COMPARATIVE-SCALING-RESULT-V4	first	25	scale_strong_d2_n30720_c8_r1	e1514185445cab36f930c90a44c5a4e23326e027	fbed59bf26bd6cf641bec0946ff6d32cdfe992786852947c530678dd4c86a026	strong_d2	strong	2	30720	15360	384	8	4	4	4	8	8	1	104729	1	scc-mf4	Intel(R) Xeon(R) CPU E5-2650 v2 @ 2.60GHz	mata	PASS	0	0	0	19.603	20.68	79.09	0.63			2.035	1.456	0.483	0.352	16.462	0.016	7.667	8.322	0.237	13.117	0.0	1.327									521252864	521252864	519122944	89873264411	1438725225	1438725225														3.58284139292e-15	1e-09	1.0	NONE							21.4282893815586	1.330397243004027	-0.2047448940284403	22.34919683650575	3.3525407084e-05	1.15163669572e-06	2.2017203424e-05	3.41317850419e-05	PASS
VCKSS-COMPARATIVE-SCALING-RESULT-V4	first	25	scale_strong_d2_n30720_c8_r1	e1514185445cab36f930c90a44c5a4e23326e027	fbed59bf26bd6cf641bec0946ff6d32cdfe992786852947c530678dd4c86a026	strong_d2	strong	2	30720	15360	384	8	4	8	4	8	8	1	104729	2	scc-mf4	Intel(R) Xeon(R) CPU E5-2650 v2 @ 2.60GHz	rust	PASS	0	0	0	0.806	1.48	5.46	0.431															0.001975821	0.013544158	0.012625555	0.013982492	0.005118394	0.0	0.367255357	0.414501777	316534784	316534784	322396160	89873264411	1763645248	1763645248	1286738473	4011288	8	8	1e-10	1e-06	0.004828082	0.018953842	0.016055281	0.041317952	0.0838005	1202	601	2.67934634078e-15	1e-05	1.0	CMG_FULL_V2							21.42832193333535	1.330400103664626	-0.2047529213626054	22.34921619427477	3.75330023213e-05	1.00514688326e-06	2.44792015628e-05	3.27946756453e-05	PASS
VCKSS-COMPARATIVE-SCALING-RESULT-V4	first	25	scale_strong_d2_n30720_c8_r1	e1514185445cab36f930c90a44c5a4e23326e027	fbed59bf26bd6cf641bec0946ff6d32cdfe992786852947c530678dd4c86a026	strong_d2	strong	2	30720	15360	384	8	4	8	4	8	8	1	104729	3	scc-mf4	Intel(R) Xeon(R) CPU E5-2650 v2 @ 2.60GHz	matlab	PASS	0	0	0	5.929878	439.75	377.34999999999997	3.627363	194.985658	5.225153																					15340240896	15425011712	2065129472	89873264411																				True	22	22	2.6e-11	MAINTAINED_UPSTREAM_INTERNAL	MATLAB_TWISTER_SEED_PLUS_WORKER_INDEX	21.429029897947988	1.3304409369934838	-0.2047536688889056	22.34996349716366					PASS
VCKSS-COMPARATIVE-SCALING-RESULT-V4	first	26	scale_strong_d2_n30720_c8_r2	e1514185445cab36f930c90a44c5a4e23326e027	fbed59bf26bd6cf641bec0946ff6d32cdfe992786852947c530678dd4c86a026	strong_d2	strong	2	30720	15360	384	8	4	4	4	8	8	2	8675309	3	scc-ph1	Intel(R) Xeon(R) CPU E5-2650 v2 @ 2.60GHz	mata	PASS	0	0	0	19.756	20.55	79.11	0.474			2.204	1.502	0.486	0.532	16.554	0.023	7.617	8.275	0.231	13.001	0.0	1.369									531066880	531066880	529027072	89457726325	1438725202	1438725202														3.59202093882e-15	1e-09	1.0	NONE							21.42828162649759	1.330397162361571	-0.204730589138764	22.34921761058163	3.48994660606e-05	1.19831544734e-06	2.26211013331e-05	3.0164447837e-05	PASS
VCKSS-COMPARATIVE-SCALING-RESULT-V4	first	26	scale_strong_d2_n30720_c8_r2	e1514185445cab36f930c90a44c5a4e23326e027	fbed59bf26bd6cf641bec0946ff6d32cdfe992786852947c530678dd4c86a026	strong_d2	strong	2	30720	15360	384	8	4	8	4	8	8	2	8675309	1	scc-ph1	Intel(R) Xeon(R) CPU E5-2650 v2 @ 2.60GHz	rust	PASS	0	0	0	1.265	2.44	6.37	0.789															0.001984552	0.013562875	0.012737758	0.013716115	0.005088357	0.0	0.364561358	0.411651015	324214784	324214784	328884224	89457726325	1763645248	1763645248	1286738473	4011288	8	8	1e-10	1e-06	0.00482944	0.018947966	0.015420013	0.04266308	0.080846341	1202	601	2.64390470697e-15	1e-05	1.0	CMG_FULL_V2							21.42831039863289	1.33039913022667	-0.2047498244327465	22.34920987999406	3.38036150613e-05	1.1254481429e-06	2.17333781122e-05	2.79417362119e-05	PASS
VCKSS-COMPARATIVE-SCALING-RESULT-V4	first	26	scale_strong_d2_n30720_c8_r2	e1514185445cab36f930c90a44c5a4e23326e027	fbed59bf26bd6cf641bec0946ff6d32cdfe992786852947c530678dd4c86a026	strong_d2	strong	2	30720	15360	384	8	4	8	4	8	8	2	8675309	2	scc-ph1	Intel(R) Xeon(R) CPU E5-2650 v2 @ 2.60GHz	matlab	PASS	0	0	0	6.827991	480.75	372.11	8.992832	170.172473	5.625329																					15263322112	15386808320	2119782400	89457726325																				True	22	22	2.6e-11	MAINTAINED_UPSTREAM_INTERNAL	MATLAB_TWISTER_SEED_PLUS_WORKER_INDEX	21.429086827630424	1.330442360721791	-0.20475573976719486	22.350017708817823					PASS
VCKSS-COMPARATIVE-SCALING-RESULT-V4	first	27	scale_strong_d2_n30720_c8_r3	e1514185445cab36f930c90a44c5a4e23326e027	fbed59bf26bd6cf641bec0946ff6d32cdfe992786852947c530678dd4c86a026	strong_d2	strong	2	30720	15360	384	8	4	4	4	8	8	3	20260819	2	scc-eb2	Intel(R) Xeon(R) Gold 6242 CPU @ 2.80GHz	mata	PASS	0	0	0	14.132	14.86	57.55	0.504			1.487	0.988	0.329	0.258	11.915	0.014	5.469	6.091	0.192	8.826	0.0	1.332									549871616	549871616	547917824	90009629623	1438725246	1438725246														3.92889011368e-15	1e-09	1.0	NONE							21.42833166712578	1.330399111122326	-0.2047397107981569	22.34925135665178	3.20574883157e-05	1.04155483811e-06	2.28676829855e-05	3.37268391783e-05	PASS
VCKSS-COMPARATIVE-SCALING-RESULT-V4	first	27	scale_strong_d2_n30720_c8_r3	e1514185445cab36f930c90a44c5a4e23326e027	fbed59bf26bd6cf641bec0946ff6d32cdfe992786852947c530678dd4c86a026	strong_d2	strong	2	30720	15360	384	8	4	8	4	8	8	3	20260819	3	scc-eb2	Intel(R) Xeon(R) Gold 6242 CPU @ 2.80GHz	rust	PASS	0	0	0	0.7	1.3	4.96	0.423															0.001643315	0.011434548	0.010670831	0.010956113	0.004189726	0.0	0.353757778	0.392652311	324579328	324579328	324849664	90009629623	1763645248	1763645248	1286738473	4011288	8	8	1e-10	1e-06	0.004293258	0.012342361	0.018275285	0.041435713	0.089847314	1202	601	2.77943816608e-15	1e-05	1.0	CMG_FULL_V2							21.42833059011084	1.330397742218725	-0.2047568000753209	22.34921473217892	3.50965279654e-05	1.16100928974e-06	2.34246534733e-05	3.0787798605e-05	PASS
VCKSS-COMPARATIVE-SCALING-RESULT-V4	first	27	scale_strong_d2_n30720_c8_r3	e1514185445cab36f930c90a44c5a4e23326e027	fbed59bf26bd6cf641bec0946ff6d32cdfe992786852947c530678dd4c86a026	strong_d2	strong	2	30720	15360	384	8	4	8	4	8	8	3	20260819	1	scc-eb2	Intel(R) Xeon(R) Gold 6242 CPU @ 2.80GHz	matlab	PASS	0	0	0	3.297561	182.82	292.28999999999996	2.622578	109.081945	5.324556																					15696465920	15765610496	2238316544	90009629623																				True	22	22	2.6e-11	MAINTAINED_UPSTREAM_INTERNAL	MATLAB_TWISTER_SEED_PLUS_WORKER_INDEX	21.42906959093252	1.3304422613321547	-0.2047627320407018	22.34998638818327					PASS
VCKSS-COMPARATIVE-SCALING-RESULT-V4	first	28	scale_strong_d2_n30720_c16_r1	e1514185445cab36f930c90a44c5a4e23326e027	fbed59bf26bd6cf641bec0946ff6d32cdfe992786852947c530678dd4c86a026	strong_d2	strong	2	30720	15360	384	16	4	4	4	16	16	1	104729	1	scc-mf5	Intel(R) Xeon(R) CPU E5-2650 v2 @ 2.60GHz	mata	PASS	0	0	0	19.771	20.78	79.02	0.6930000000000001			2.117	1.469	0.489	0.585	16.62	0.023	7.627	8.278	0.235	13.04	0.0	1.333									521723904	521723904	519675904	178128399893	1438725255	1438725255														3.58284139292e-15	1e-09	1.0	NONE							21.4282893815586	1.330397243004027	-0.2047448940284403	22.34919683650575	3.3525407084e-05	1.15163669572e-06	2.2017203424e-05	3.41317850419e-05	PASS
VCKSS-COMPARATIVE-SCALING-RESULT-V4	first	28	scale_strong_d2_n30720_c16_r1	e1514185445cab36f930c90a44c5a4e23326e027	fbed59bf26bd6cf641bec0946ff6d32cdfe992786852947c530678dd4c86a026	strong_d2	strong	2	30720	15360	384	16	4	16	4	16	16	1	104729	2	scc-mf5	Intel(R) Xeon(R) CPU E5-2650 v2 @ 2.60GHz	rust	PASS	0	0	0	0.724	1.41	5.89	0.438															0.001782332	0.01235449	0.011667149	0.012579494	0.004567547	0.0	0.275836091	0.318787103	324489216	324489216	329904128	178128399893	2144199692	2144199692	1288213955	5240856	16	16	1e-10	1e-06	0.004676409	0.017788675	0.010762282	0.026217677	0.049485715	1202	601	2.67934634078e-15	1e-05	1.0	CMG_FULL_V2							21.42832193333535	1.330400103664626	-0.2047529213626054	22.34921619427477	3.75330023213e-05	1.00514688326e-06	2.44792015628e-05	3.27946756453e-05	PASS
VCKSS-COMPARATIVE-SCALING-RESULT-V4	first	28	scale_strong_d2_n30720_c16_r1	e1514185445cab36f930c90a44c5a4e23326e027	fbed59bf26bd6cf641bec0946ff6d32cdfe992786852947c530678dd4c86a026	strong_d2	strong	2	30720	15360	384	16	4	16	4	16	16	1	104729	3	scc-mf5	Intel(R) Xeon(R) CPU E5-2650 v2 @ 2.60GHz	matlab	PASS	0	0	0	6.883973	326.64	710.5899999999999	7.814407	70.530335	6.351546																					28801753088	28998971392	2144759808	178128399893																				True	22	22	2.6e-11	MAINTAINED_UPSTREAM_INTERNAL	MATLAB_TWISTER_SEED_PLUS_WORKER_INDEX	21.42903276094665	1.3304435661717524	-0.20474747421602724	22.349981378686348					PASS
VCKSS-COMPARATIVE-SCALING-RESULT-V4	first	29	scale_strong_d2_n30720_c16_r2	e1514185445cab36f930c90a44c5a4e23326e027	fbed59bf26bd6cf641bec0946ff6d32cdfe992786852947c530678dd4c86a026	strong_d2	strong	2	30720	15360	384	16	4	4	4	16	16	2	8675309	3	scc-pg4	Intel(R) Xeon(R) CPU E5-2650 v2 @ 2.60GHz	mata	PASS	0	0	0	19.895	22.48	79.64	0.856			2.201	1.524	0.482	0.5329999999999999	16.687	0.023	7.619	8.403	0.232	13.047	0.0	1.427									527175680	527175680	525119488	176154862420	1438725248	1438725248														3.59202093882e-15	1e-09	1.0	NONE							21.42828162649759	1.330397162361571	-0.204730589138764	22.34921761058163	3.48994660606e-05	1.19831544734e-06	2.26211013331e-05	3.0164447837e-05	PASS
VCKSS-COMPARATIVE-SCALING-RESULT-V4	first	29	scale_strong_d2_n30720_c16_r2	e1514185445cab36f930c90a44c5a4e23326e027	fbed59bf26bd6cf641bec0946ff6d32cdfe992786852947c530678dd4c86a026	strong_d2	strong	2	30720	15360	384	16	4	16	4	16	16	2	8675309	1	scc-pg4	Intel(R) Xeon(R) CPU E5-2650 v2 @ 2.60GHz	rust	PASS	0	0	0	1.03	3.78	6.21	2.43															0.00182145	0.012528673	0.011663673	0.012782007	0.004648697	0.0	0.279066526	0.322511026	320901120	320901120	327487488	176154862420	2144199692	2144199692	1288213955	5240856	16	16	1e-10	1e-06	0.004463771	0.017603091	0.011192801	0.027775638	0.048799732	1202	601	2.64390470697e-15	1e-05	1.0	CMG_FULL_V2							21.42831039863289	1.33039913022667	-0.2047498244327465	22.34920987999406	3.38036150613e-05	1.1254481429e-06	2.17333781122e-05	2.79417362119e-05	PASS
VCKSS-COMPARATIVE-SCALING-RESULT-V4	first	29	scale_strong_d2_n30720_c16_r2	e1514185445cab36f930c90a44c5a4e23326e027	fbed59bf26bd6cf641bec0946ff6d32cdfe992786852947c530678dd4c86a026	strong_d2	strong	2	30720	15360	384	16	4	16	4	16	16	2	8675309	2	scc-pg4	Intel(R) Xeon(R) CPU E5-2650 v2 @ 2.60GHz	matlab	PASS	0	0	0	7.037373	581.11	769.7700000000001	7.363887	229.417812	6.345559																					28549206016	28758872064	2198233088	176154862420																				True	22	22	2.6e-11	MAINTAINED_UPSTREAM_INTERNAL	MATLAB_TWISTER_SEED_PLUS_WORKER_INDEX	21.429047058870218	1.3304429508475188	-0.20475177958793742	22.349986450541863					PASS
VCKSS-COMPARATIVE-SCALING-RESULT-V4	first	30	scale_strong_d2_n30720_c16_r3	e1514185445cab36f930c90a44c5a4e23326e027	fbed59bf26bd6cf641bec0946ff6d32cdfe992786852947c530678dd4c86a026	strong_d2	strong	2	30720	15360	384	16	4	4	4	16	16	3	20260819	2	scc-sc5	Intel(R) Xeon(R) CPU E5-2650 v2 @ 2.60GHz	mata	PASS	0	0	0	19.704	21.14	78.69	0.701			2.045	1.453	0.483	0.567	16.605	0.019	7.635	8.276	0.232	13.048	0.0	1.329									537681920	537681920	535707648	176926882792	1438725269	1438725269														3.92889011368e-15	1e-09	1.0	NONE							21.42833166712578	1.330399111122326	-0.2047397107981569	22.34925135665178	3.20574883157e-05	1.04155483811e-06	2.28676829855e-05	3.37268391783e-05	PASS
VCKSS-COMPARATIVE-SCALING-RESULT-V4	first	30	scale_strong_d2_n30720_c16_r3	e1514185445cab36f930c90a44c5a4e23326e027	fbed59bf26bd6cf641bec0946ff6d32cdfe992786852947c530678dd4c86a026	strong_d2	strong	2	30720	15360	384	16	4	16	4	16	16	3	20260819	3	scc-sc5	Intel(R) Xeon(R) CPU E5-2650 v2 @ 2.60GHz	rust	PASS	0	0	0	0.743	1.43	5.6899999999999995	0.421															0.001767423	0.012242019	0.01141369	0.012860609	0.004652675	0.0	0.273793554	0.31672997	326012928	326012928	333402112	176926882792	2144199692	2144199692	1288213955	5240856	16	16	1e-10	1e-06	0.004528099	0.018198587	0.010841249	0.026594972	0.049482113	1202	601	2.77943816608e-15	1e-05	1.0	CMG_FULL_V2							21.42833059011084	1.330397742218725	-0.2047568000753209	22.34921473217892	3.50965279654e-05	1.16100928974e-06	2.34246534733e-05	3.0787798605e-05	PASS
VCKSS-COMPARATIVE-SCALING-RESULT-V4	first	30	scale_strong_d2_n30720_c16_r3	e1514185445cab36f930c90a44c5a4e23326e027	fbed59bf26bd6cf641bec0946ff6d32cdfe992786852947c530678dd4c86a026	strong_d2	strong	2	30720	15360	384	16	4	16	4	16	16	3	20260819	1	scc-sc5	Intel(R) Xeon(R) CPU E5-2650 v2 @ 2.60GHz	matlab	PASS	0	0	0	5.757766	267.91	714.4	3.093426	95.270661	5.63614																					28576432128	28733755392	2202660864	176926882792																				True	22	22	2.6e-11	MAINTAINED_UPSTREAM_INTERNAL	MATLAB_TWISTER_SEED_PLUS_WORKER_INDEX	21.429061562549776	1.3304456367191424	-0.20477167516329708	22.349963848942323					PASS
VCKSS-COMPARATIVE-SCALING-RESULT-V4	repair-full	31	scale_strong_d2_n122880_c1_r1	ca162022833c3d6e6906c11cf4860baf0d52fd86	02d6eb6ffc96e0eb7eea1252605663e3e206c6ce177f3cf7f0e860c2b25f40f9	strong_d2	strong	2	122880	61440	1536	1	1	1	1	1	1	1	104729	1	scc-sb4	Intel(R) Xeon(R) CPU E5-2650 v2 @ 2.60GHz	mata	PASS	0	0	0	84.952	88.63	86.42	2.852			6.632000000000001	5.351	1.849	1.79	75.865	0.108	34.324	39.228	1.411	51.675	0.0	11.754									1378119680	1378119680	1377046528	18956911903	1823706430	1823706430														4.60063533032e-14	1e-09	1.0	NONE							21.50980643172932	1.326485436613783	-0.0407917613540381	22.75470834563502	2.09563378713e-05	9.73658387442e-07	1.31573188399e-05	1.68225457255e-05	PASS
VCKSS-COMPARATIVE-SCALING-RESULT-V4	repair-full	31	scale_strong_d2_n122880_c1_r1	ca162022833c3d6e6906c11cf4860baf0d52fd86	02d6eb6ffc96e0eb7eea1252605663e3e206c6ce177f3cf7f0e860c2b25f40f9	strong_d2	strong	2	122880	61440	1536	1	1	1	1	1	1	1	104729	2	scc-sb4	Intel(R) Xeon(R) CPU E5-2650 v2 @ 2.60GHz	rust	PASS	0	0	0	8.506	10.35	10.22	1.108															0.006826351	0.05131495	0.048202709	0.052183954	0.018359299	0.0	7.697006	7.873893263	573579264	573579264	572043264	18956911903	3910104947	3910104947	3326371033	8847488	1	1	1e-10	1e-06	0.017555953	0.000761565	0.265300861	3.569417289	1.562117748	17650	17048	9.0541690358e-06	1e-05	34.0	CMG_FULL_V2							21.50977223527655	1.326483159070191	-0.0407869691582706	22.7546814560302	2.26470952539e-05	1.00260683442e-06	1.31453019424e-05	1.5595234199e-05	PASS
VCKSS-COMPARATIVE-SCALING-RESULT-V4	repair-full	31	scale_strong_d2_n122880_c1_r1	ca162022833c3d6e6906c11cf4860baf0d52fd86	02d6eb6ffc96e0eb7eea1252605663e3e206c6ce177f3cf7f0e860c2b25f40f9	strong_d2	strong	2	122880	61440	1536	1	1	1	1	1	1	1	104729	3	scc-sb4	Intel(R) Xeon(R) CPU E5-2650 v2 @ 2.60GHz	matlab	PASS	0	0	0	130.045036	311.7	202.96	5.91027	48.700295	4.122968																					3458789376	3478839296	1920712704	18956911903																				True	62	62	1.6e-11	MAINTAINED_UPSTREAM_INTERNAL	MATLAB_TWISTER_SEED_PLUS_WORKER_INDEX	21.509976662031132	1.326495948104923	-0.040791037784248245	22.754890534567558					PASS
VCKSS-COMPARATIVE-SCALING-RESULT-V4	repair-full	32	scale_strong_d2_n122880_c1_r2	ca162022833c3d6e6906c11cf4860baf0d52fd86	02d6eb6ffc96e0eb7eea1252605663e3e206c6ce177f3cf7f0e860c2b25f40f9	strong_d2	strong	2	122880	61440	1536	1	1	1	1	1	1	2	8675309	3	scc-sb7	Intel(R) Xeon(R) CPU E5-2650 v2 @ 2.60GHz	mata	PASS	0	0	0	86.032	88.4	87.47000000000001	1.217			6.638	5.361	1.861	1.872	76.926	0.105	34.815	39.715	1.426	52.439	0.0	11.884									1375592448	1375592448	1405235200	19039590024	1823706413	1823706413														5.79129217457e-14	1e-09	1.0	NONE							21.50975623962632	1.326482340468869	-0.0407766813652519	22.75468521736468	2.0656964556e-05	1.00578936215e-06	1.22819240603e-05	1.62486899563e-05	PASS
VCKSS-COMPARATIVE-SCALING-RESULT-V4	repair-full	32	scale_strong_d2_n122880_c1_r2	ca162022833c3d6e6906c11cf4860baf0d52fd86	02d6eb6ffc96e0eb7eea1252605663e3e206c6ce177f3cf7f0e860c2b25f40f9	strong_d2	strong	2	122880	61440	1536	1	1	1	1	1	1	2	8675309	1	scc-sb7	Intel(R) Xeon(R) CPU E5-2650 v2 @ 2.60GHz	rust	PASS	0	0	0	8.562	10.39	10.280000000000001	1.118															0.007091527	0.051801375	0.047776259	0.054497947	0.019519552	0.0	7.748060773	7.928747433	572301312	572301312	570343424	19039590024	3910104947	3910104947	3326371033	8847488	1	1	1e-10	1e-06	0.017588151	0.000767593	0.261452532	3.594792831	1.574924311	17648	17047	9.60556564989e-06	1e-05	34.0	CMG_FULL_V2							21.50980482277162	1.326483186734423	-0.0407979002591119	22.75469220898782	2.13050909744e-05	9.7656574046e-07	1.2903675093e-05	1.69650143728e-05	PASS
VCKSS-COMPARATIVE-SCALING-RESULT-V4	repair-full	32	scale_strong_d2_n122880_c1_r2	ca162022833c3d6e6906c11cf4860baf0d52fd86	02d6eb6ffc96e0eb7eea1252605663e3e206c6ce177f3cf7f0e860c2b25f40f9	strong_d2	strong	2	122880	61440	1536	1	1	1	1	1	1	2	8675309	2	scc-sb7	Intel(R) Xeon(R) CPU E5-2650 v2 @ 2.60GHz	matlab	PASS	0	0	0	129.773047	283.4	200.23000000000002	4.806541	44.854481	3.926856																					3429150720	3444981760	1914540032	19039590024																				True	62	62	1.6e-11	MAINTAINED_UPSTREAM_INTERNAL	MATLAB_TWISTER_SEED_PLUS_WORKER_INDEX	21.50998145200844	1.3264936483187642	-0.04079149535288404	22.754892109621434					PASS
VCKSS-COMPARATIVE-SCALING-RESULT-V4	repair-full	33	scale_strong_d2_n122880_c1_r3	ca162022833c3d6e6906c11cf4860baf0d52fd86	02d6eb6ffc96e0eb7eea1252605663e3e206c6ce177f3cf7f0e860c2b25f40f9	strong_d2	strong	2	122880	61440	1536	1	1	1	1	1	1	3	20260819	2	scc-sb6	Intel(R) Xeon(R) CPU E5-2650 v2 @ 2.60GHz	mata	PASS	0	0	0	85.425	89.45	86.41	2.995			6.582	5.307	1.843	1.905	76.099	0.111	34.41	39.259	1.408	51.82000000000001	0.0	11.787									1381756928	1381756928	1381584896	19177028977	1823706426	1823706426														6.52747952778e-14	1e-09	1.0	NONE							21.50983295805599	1.32648426966153	-0.0407908327433953	22.75473556223072	1.98135660146e-05	9.06079075909e-07	1.20250383731e-05	1.60598370173e-05	PASS
VCKSS-COMPARATIVE-SCALING-RESULT-V4	repair-full	33	scale_strong_d2_n122880_c1_r3	ca162022833c3d6e6906c11cf4860baf0d52fd86	02d6eb6ffc96e0eb7eea1252605663e3e206c6ce177f3cf7f0e860c2b25f40f9	strong_d2	strong	2	122880	61440	1536	1	1	1	1	1	1	3	20260819	3	scc-sb6	Intel(R) Xeon(R) CPU E5-2650 v2 @ 2.60GHz	rust	PASS	0	0	0	8.615	10.46	10.34	1.113															0.007068933	0.051794289	0.048087284	0.057959413	0.019880679	0.0	7.78849392	7.973284518	577167360	577167360	575229952	19177028977	3910104947	3910104947	3326371033	8847488	1	1	1e-10	1e-06	0.017628539	0.00074767	0.269598631	3.608852089	1.581490072	17659	17056	9.71874543447e-06	1e-05	34.0	CMG_FULL_V2							21.50981088278446	1.326481896153135	-0.0407943636094943	22.7547040517186	2.12502378145e-05	1.09266136026e-06	1.25626181519e-05	1.53548586558e-05	PASS
VCKSS-COMPARATIVE-SCALING-RESULT-V4	repair-full	33	scale_strong_d2_n122880_c1_r3	ca162022833c3d6e6906c11cf4860baf0d52fd86	02d6eb6ffc96e0eb7eea1252605663e3e206c6ce177f3cf7f0e860c2b25f40f9	strong_d2	strong	2	122880	61440	1536	1	1	1	1	1	1	3	20260819	1	scc-sb6	Intel(R) Xeon(R) CPU E5-2650 v2 @ 2.60GHz	matlab	PASS	0	0	0	130.359752	390.15	206.23000000000002	7.057201	110.591175	4.026383																					3458277376	3478237184	1916497920	19177028977																				True	62	62	1.6e-11	MAINTAINED_UPSTREAM_INTERNAL	MATLAB_TWISTER_SEED_PLUS_WORKER_INDEX	21.509980163565437	1.326494620434462	-0.040788093512225815	22.754898596975448					PASS
VCKSS-COMPARATIVE-SCALING-RESULT-V4	first	34	scale_strong_d2_n122880_c2_r1	e1514185445cab36f930c90a44c5a4e23326e027	fbed59bf26bd6cf641bec0946ff6d32cdfe992786852947c530678dd4c86a026	strong_d2	strong	2	122880	61440	1536	2	2	2	2	2	2	1	104729	1	scc-gm2	Intel(R) Xeon(R) Gold 6242 CPU @ 2.80GHz	mata	PASS	0	0	0	58.461	59.88	117.72999999999999	0.916			4.866	3.73	1.281	1.123	51.827	0.091	22.905	27.388	0.8220000000000001	33.889	0.0	9.583									1275400192	1275400192	1336647680	28856811520	1823706341	1823706341														4.63637117571e-14	1e-09	1.0	NONE							21.50980643172932	1.326485436613783	-0.0407917613540381	22.75470834563502	2.09563378713e-05	9.73658387442e-07	1.31573188399e-05	1.68225457255e-05	PASS
VCKSS-COMPARATIVE-SCALING-RESULT-V4	first	34	scale_strong_d2_n122880_c2_r1	e1514185445cab36f930c90a44c5a4e23326e027	fbed59bf26bd6cf641bec0946ff6d32cdfe992786852947c530678dd4c86a026	strong_d2	strong	2	122880	61440	1536	2	2	2	2	2	2	1	104729	2	scc-gm2	Intel(R) Xeon(R) Gold 6242 CPU @ 2.80GHz	rust	PASS	0	0	0	4.391	5.88	10.379999999999999	0.956															0.005642231	0.047024801	0.048149716	0.045226721	0.016014023	0.0	3.668962151	3.831019643	530857984	530857984	530460672	28856811520	4100971993	4100971993	3327668780	9928944	2	2	1e-10	1e-06	0.014717819	0.000652109	0.186086837	1.602040224	0.758981381	17650	17048	9.0541690358e-06	1e-05	34.0	CMG_FULL_V2							21.50977223527655	1.326483159070191	-0.0407869691582706	22.7546814560302	2.26470952539e-05	1.00260683442e-06	1.31453019424e-05	1.5595234199e-05	PASS
VCKSS-COMPARATIVE-SCALING-RESULT-V4	first	34	scale_strong_d2_n122880_c2_r1	e1514185445cab36f930c90a44c5a4e23326e027	fbed59bf26bd6cf641bec0946ff6d32cdfe992786852947c530678dd4c86a026	strong_d2	strong	2	122880	61440	1536	2	2	2	2	2	2	1	104729	3	scc-gm2	Intel(R) Xeon(R) Gold 6242 CPU @ 2.80GHz	matlab	PASS	0	0	0	53.777847	384.04	211.53000000000003	3.248957	135.688567	5.038957																					5706076160	5736157184	2274729984	28856811520																				True	62	62	1.6e-11	MAINTAINED_UPSTREAM_INTERNAL	MATLAB_TWISTER_SEED_PLUS_WORKER_INDEX	21.509989511538024	1.3264951725470964	-0.040800467697372785	22.754883748690375					PASS
VCKSS-COMPARATIVE-SCALING-RESULT-V4	first	35	scale_strong_d2_n122880_c2_r2	e1514185445cab36f930c90a44c5a4e23326e027	fbed59bf26bd6cf641bec0946ff6d32cdfe992786852947c530678dd4c86a026	strong_d2	strong	2	122880	61440	1536	2	2	2	2	2	2	2	8675309	3	scc-mh4	Intel(R) Xeon(R) CPU E5-2650 v2 @ 2.60GHz	mata	PASS	0	0	0	83.109	84.93	165.34	1.065			6.636	5.471	1.897	1.468	73.951	0.094	33.468	38.488	1.107	53.235	0.0	10.632									1305354240	1305354240	1337749504	30050812429	1823706313	1823706313														6.03046632606e-14	1e-09	1.0	NONE							21.50975623962632	1.326482340468869	-0.0407766813652518	22.75468521736468	2.0656964556e-05	1.00578936215e-06	1.22819240603e-05	1.62486899563e-05	PASS
VCKSS-COMPARATIVE-SCALING-RESULT-V4	first	35	scale_strong_d2_n122880_c2_r2	e1514185445cab36f930c90a44c5a4e23326e027	fbed59bf26bd6cf641bec0946ff6d32cdfe992786852947c530678dd4c86a026	strong_d2	strong	2	122880	61440	1536	2	2	2	2	2	2	2	8675309	1	scc-mh4	Intel(R) Xeon(R) CPU E5-2650 v2 @ 2.60GHz	rust	PASS	0	0	0	5.051	6.77	12.55	1.025															0.006930373	0.053801391	0.051648197	0.056526504	0.019065717	0.0	4.284129077	4.472101259	524705792	524705792	522768384	30050812429	4100971993	4100971993	3327668780	9928944	2	2	1e-10	1e-06	0.018572582	0.00080359	0.143112226	1.907751559	0.832742943	17648	17047	9.60556564989e-06	1e-05	34.0	CMG_FULL_V2							21.50980482277162	1.326483186734423	-0.0407979002591119	22.75469220898782	2.13050909744e-05	9.7656574046e-07	1.2903675093e-05	1.69650143728e-05	PASS
VCKSS-COMPARATIVE-SCALING-RESULT-V4	first	35	scale_strong_d2_n122880_c2_r2	e1514185445cab36f930c90a44c5a4e23326e027	fbed59bf26bd6cf641bec0946ff6d32cdfe992786852947c530678dd4c86a026	strong_d2	strong	2	122880	61440	1536	2	2	2	2	2	2	2	8675309	2	scc-mh4	Intel(R) Xeon(R) CPU E5-2650 v2 @ 2.60GHz	matlab	PASS	0	0	0	78.184314	207.6	251.65	3.931957	50.489703	4.883448																					5450723328	5478744064	2045870080	30050812429																				True	62	62	1.6e-11	MAINTAINED_UPSTREAM_INTERNAL	MATLAB_TWISTER_SEED_PLUS_WORKER_INDEX	21.509975493571062	1.326493728234341	-0.040792780128987925	22.754883661547424					PASS
VCKSS-COMPARATIVE-SCALING-RESULT-V4	first	36	scale_strong_d2_n122880_c2_r3	e1514185445cab36f930c90a44c5a4e23326e027	fbed59bf26bd6cf641bec0946ff6d32cdfe992786852947c530678dd4c86a026	strong_d2	strong	2	122880	61440	1536	2	2	2	2	2	2	3	20260819	2	scc-kc1	Intel(R) Xeon(R) Gold 6426Y	mata	PASS	0	0	0	39.469	40.49	80.43	0.673			2.73	2.01	0.8959999999999999	0.768	35.493	0.0570000000000001	15.604	18.817	0.591	20.686	0.0	8.634000000000002									1272655872	1272655872	1333583872	29941290763	1823706342	1823706342														6.59529602746e-14	1e-09	1.0	NONE							21.50983295805599	1.32648426966153	-0.0407908327433952	22.75473556223072	1.98135660146e-05	9.06079075909e-07	1.20250383731e-05	1.60598370173e-05	PASS
VCKSS-COMPARATIVE-SCALING-RESULT-V4	first	36	scale_strong_d2_n122880_c2_r3	e1514185445cab36f930c90a44c5a4e23326e027	fbed59bf26bd6cf641bec0946ff6d32cdfe992786852947c530678dd4c86a026	strong_d2	strong	2	122880	61440	1536	2	2	2	2	2	2	3	20260819	3	scc-kc1	Intel(R) Xeon(R) Gold 6426Y	rust	PASS	0	0	0	2.827	3.82	6.84	0.644															0.00374994	0.039316823	0.044075552	0.03392437	0.012079348	0.0	2.375798247	2.50894428	521629696	521629696	521572352	29941290763	4100971993	4100971993	3327668780	9928944	2	2	1e-10	1e-06	0.010605006	0.000505994	0.106374094	1.049667244	0.475668933	17659	17056	9.71874543447e-06	1e-05	34.0	CMG_FULL_V2							21.50981088278446	1.326481896153135	-0.0407943636094943	22.7547040517186	2.12502378145e-05	1.09266136026e-06	1.25626181519e-05	1.53548586558e-05	PASS
VCKSS-COMPARATIVE-SCALING-RESULT-V4	first	36	scale_strong_d2_n122880_c2_r3	e1514185445cab36f930c90a44c5a4e23326e027	fbed59bf26bd6cf641bec0946ff6d32cdfe992786852947c530678dd4c86a026	strong_d2	strong	2	122880	61440	1536	2	2	2	2	2	2	3	20260819	1	scc-kc1	Intel(R) Xeon(R) Gold 6426Y	matlab	PASS	0	0	0	37.974978	373.83	128.87	3.17073	135.763376	4.386242																					5536661504	5564977152	2113474560	29941290763																				True	62	62	1.6e-11	MAINTAINED_UPSTREAM_INTERNAL	MATLAB_TWISTER_SEED_PLUS_WORKER_INDEX	21.509994130920685	1.3264954764086752	-0.04079057819019604	22.754908450948967					PASS
VCKSS-COMPARATIVE-SCALING-RESULT-V4	first	37	scale_strong_d2_n122880_c4_r1	e1514185445cab36f930c90a44c5a4e23326e027	fbed59bf26bd6cf641bec0946ff6d32cdfe992786852947c530678dd4c86a026	strong_d2	strong	2	122880	61440	1536	4	4	4	4	4	4	1	104729	1	scc-gm2	Intel(R) Xeon(R) Gold 6242 CPU @ 2.80GHz	mata	PASS	0	0	0	57.535	58.86	228.95000000000002	0.704			4.912999999999999	3.922	1.352	1.026	50.792	0.088	22.542	26.806	0.705	34.72500000000001	0.0	8.607999999999999									1359163392	1359163392	1377558528	49476949509	1823706354	1823706354														4.82909044615e-14	1e-09	1.0	NONE							21.50980643172932	1.326485436613783	-0.0407917613540381	22.75470834563502	2.09563378713e-05	9.73658387442e-07	1.31573188399e-05	1.68225457255e-05	PASS
VCKSS-COMPARATIVE-SCALING-RESULT-V4	first	37	scale_strong_d2_n122880_c4_r1	e1514185445cab36f930c90a44c5a4e23326e027	fbed59bf26bd6cf641bec0946ff6d32cdfe992786852947c530678dd4c86a026	strong_d2	strong	2	122880	61440	1536	4	4	4	4	4	4	1	104729	2	scc-gm2	Intel(R) Xeon(R) Gold 6242 CPU @ 2.80GHz	rust	PASS	0	0	0	3.435	5.03	13.85	0.838															0.005558244	0.046193956	0.046473316	0.045133359	0.015904297	0.0	2.853717695	3.012980867	519397376	519397376	517398528	49476949509	4481526438	4481526438	3329084627	11108816	4	4	1e-10	1e-06	0.013968247	0.000657495	0.161219776	1.161036876	0.540201301	17650	17048	9.0541690358e-06	1e-05	34.0	CMG_FULL_V2							21.50977223527655	1.326483159070191	-0.0407869691582706	22.7546814560302	2.26470952539e-05	1.00260683442e-06	1.31453019424e-05	1.5595234199e-05	PASS
VCKSS-COMPARATIVE-SCALING-RESULT-V4	first	37	scale_strong_d2_n122880_c4_r1	e1514185445cab36f930c90a44c5a4e23326e027	fbed59bf26bd6cf641bec0946ff6d32cdfe992786852947c530678dd4c86a026	strong_d2	strong	2	122880	61440	1536	4	4	4	4	4	4	1	104729	3	scc-gm2	Intel(R) Xeon(R) Gold 6242 CPU @ 2.80GHz	matlab	PASS	0	0	0	30.227979	301.7	279.57	3.061741	135.859614	4.913756																					9213599744	9275523072	2300928000	49476949509																				True	62	62	1.6e-11	MAINTAINED_UPSTREAM_INTERNAL	MATLAB_TWISTER_SEED_PLUS_WORKER_INDEX	21.509991457491285	1.326496713896939	-0.040799606592539714	22.754888958203146					PASS
VCKSS-COMPARATIVE-SCALING-RESULT-V4	first	38	scale_strong_d2_n122880_c4_r2	e1514185445cab36f930c90a44c5a4e23326e027	fbed59bf26bd6cf641bec0946ff6d32cdfe992786852947c530678dd4c86a026	strong_d2	strong	2	122880	61440	1536	4	4	4	4	4	4	2	8675309	3	scc-ke1	Intel(R) Xeon(R) Gold 6426Y	mata	PASS	0	0	0	38.545	39.59	156.38	0.573			2.541	1.918	0.7659999999999999	0.594	34.902	0.055	14.752	19.278	0.5189999999999999	21.234	0.0	8.151									1293234176	1293234176	1337208832	49548890211	1823706318	1823706318														6.18888210321e-14	1e-09	1.0	NONE							21.50975623962632	1.326482340468869	-0.0407766813652519	22.75468521736468	2.0656964556e-05	1.00578936215e-06	1.22819240603e-05	1.62486899563e-05	PASS
VCKSS-COMPARATIVE-SCALING-RESULT-V4	first	38	scale_strong_d2_n122880_c4_r2	e1514185445cab36f930c90a44c5a4e23326e027	fbed59bf26bd6cf641bec0946ff6d32cdfe992786852947c530678dd4c86a026	strong_d2	strong	2	122880	61440	1536	4	4	4	4	4	4	2	8675309	1	scc-ke1	Intel(R) Xeon(R) Gold 6426Y	rust	PASS	0	0	0	1.912	2.82	9.39	0.6															0.003778739	0.038161129	0.042321392	0.033313593	0.01239985	0.0	1.496636431	1.626611134	531951616	531951616	530132992	49548890211	4481526438	4481526438	3329084627	11108816	4	4	1e-10	1e-06	0.011400908	0.000540495	0.056046021	0.641926557	0.275640459	17648	17047	9.60556564989e-06	1e-05	34.0	CMG_FULL_V2							21.50980482277162	1.326483186734423	-0.0407979002591119	22.75469220898782	2.13050909744e-05	9.7656574046e-07	1.2903675093e-05	1.69650143728e-05	PASS
VCKSS-COMPARATIVE-SCALING-RESULT-V4	first	38	scale_strong_d2_n122880_c4_r2	e1514185445cab36f930c90a44c5a4e23326e027	fbed59bf26bd6cf641bec0946ff6d32cdfe992786852947c530678dd4c86a026	strong_d2	strong	2	122880	61440	1536	4	4	4	4	4	4	2	8675309	2	scc-ke1	Intel(R) Xeon(R) Gold 6426Y	matlab	PASS	0	0	0	20.704597	353.13	181.51999999999998	3.077527	135.733703	4.383408																					9064894464	9079627776	2186027008	49548890211																				True	62	62	1.6e-11	MAINTAINED_UPSTREAM_INTERNAL	MATLAB_TWISTER_SEED_PLUS_WORKER_INDEX	21.509975041465452	1.32649539441089	-0.04079194650055379	22.754886542875237					PASS
VCKSS-COMPARATIVE-SCALING-RESULT-V4	first	39	scale_strong_d2_n122880_c4_r3	e1514185445cab36f930c90a44c5a4e23326e027	fbed59bf26bd6cf641bec0946ff6d32cdfe992786852947c530678dd4c86a026	strong_d2	strong	2	122880	61440	1536	4	4	4	4	4	4	3	20260819	2	scc-mf8	Intel(R) Xeon(R) CPU E5-2650 v2 @ 2.60GHz	mata	PASS	0	0	0	83.497	85.07	327.64000000000004	0.802			6.741000000000001	5.594	1.952	1.345	74.176	0.087	33.669	38.625	0.9580000000000001	55.28800000000001	0.0	9.852									1297195008	1297195008	1358303232	49927921075	1823706357	1823706357														6.96825846414e-14	1e-09	1.0	NONE							21.50983295805599	1.32648426966153	-0.0407908327433952	22.75473556223072	1.98135660146e-05	9.06079075909e-07	1.20250383731e-05	1.60598370173e-05	PASS
VCKSS-COMPARATIVE-SCALING-RESULT-V4	first	39	scale_strong_d2_n122880_c4_r3	e1514185445cab36f930c90a44c5a4e23326e027	fbed59bf26bd6cf641bec0946ff6d32cdfe992786852947c530678dd4c86a026	strong_d2	strong	2	122880	61440	1536	4	4	4	4	4	4	3	20260819	3	scc-mf8	Intel(R) Xeon(R) CPU E5-2650 v2 @ 2.60GHz	rust	PASS	0	0	0	3.244	5.07	16.43	0.91															0.007469693	0.058066582	0.053833467	0.058990556	0.019506418	0.0	2.500922058	2.698788774	538345472	538345472	536399872	49927921075	4481526438	4481526438	3329084627	11108816	4	4	1e-10	1e-06	0.019751476	0.000916342	0.090877947	1.042189059	0.446799914	17659	17056	9.71874543447e-06	1e-05	34.0	CMG_FULL_V2							21.50981088278446	1.326481896153135	-0.0407943636094943	22.7547040517186	2.12502378145e-05	1.09266136026e-06	1.25626181519e-05	1.53548586558e-05	PASS
VCKSS-COMPARATIVE-SCALING-RESULT-V4	first	39	scale_strong_d2_n122880_c4_r3	e1514185445cab36f930c90a44c5a4e23326e027	fbed59bf26bd6cf641bec0946ff6d32cdfe992786852947c530678dd4c86a026	strong_d2	strong	2	122880	61440	1536	4	4	4	4	4	4	3	20260819	1	scc-mf8	Intel(R) Xeon(R) CPU E5-2650 v2 @ 2.60GHz	matlab	PASS	0	0	0	49.731033	271.32	351.83	3.491686	86.334249	4.90293																					8716210176	8772665344	2079404032	49927921075																				True	62	62	1.6e-11	MAINTAINED_UPSTREAM_INTERNAL	MATLAB_TWISTER_SEED_PLUS_WORKER_INDEX	21.50998222245676	1.3264947584868427	-0.04078840720794107	22.75490016652772					PASS
VCKSS-COMPARATIVE-SCALING-RESULT-V4	first	40	scale_strong_d2_n122880_c8_r1	e1514185445cab36f930c90a44c5a4e23326e027	fbed59bf26bd6cf641bec0946ff6d32cdfe992786852947c530678dd4c86a026	strong_d2	strong	2	122880	61440	1536	8	4	4	4	8	8	1	104729	1	scc-mf4	Intel(R) Xeon(R) CPU E5-2650 v2 @ 2.60GHz	mata	PASS	0	0	0	83.137	84.91	326.64	0.8220000000000001			6.701	5.588	1.977	1.341	73.858	0.09	33.441	38.536	0.9620000000000001	54.985	0.0	9.831999999999999									1294659584	1294659584	1353588736	89975269884	1823706334	1823706334														4.82909044615e-14	1e-09	1.0	NONE							21.50980643172932	1.326485436613783	-0.0407917613540381	22.75470834563502	2.09563378713e-05	9.73658387442e-07	1.31573188399e-05	1.68225457255e-05	PASS
VCKSS-COMPARATIVE-SCALING-RESULT-V4	first	40	scale_strong_d2_n122880_c8_r1	e1514185445cab36f930c90a44c5a4e23326e027	fbed59bf26bd6cf641bec0946ff6d32cdfe992786852947c530678dd4c86a026	strong_d2	strong	2	122880	61440	1536	8	4	8	4	8	8	1	104729	2	scc-mf4	Intel(R) Xeon(R) CPU E5-2650 v2 @ 2.60GHz	rust	PASS	0	0	0	2.231	3.8	16.45	0.641															0.007668031	0.05737904	0.054326587	0.060688271	0.019318583	0.0	1.491115713	1.690496225	551321600	551321600	550346752	89975269884	5242635328	5242635328	3331916320	13468560	8	8	1e-10	1e-06	0.020129643	0.001630657	0.051861686	0.542848089	0.233785194	17650	17048	9.0541690358e-06	1e-05	34.0	CMG_FULL_V2							21.50977223527655	1.326483159070191	-0.0407869691582706	22.7546814560302	2.26470952539e-05	1.00260683442e-06	1.31453019424e-05	1.5595234199e-05	PASS
VCKSS-COMPARATIVE-SCALING-RESULT-V4	first	40	scale_strong_d2_n122880_c8_r1	e1514185445cab36f930c90a44c5a4e23326e027	fbed59bf26bd6cf641bec0946ff6d32cdfe992786852947c530678dd4c86a026	strong_d2	strong	2	122880	61440	1536	8	4	8	4	8	8	1	104729	3	scc-mf4	Intel(R) Xeon(R) CPU E5-2650 v2 @ 2.60GHz	matlab	PASS	0	0	0	37.034354	385.13	550.25	4.512601	158.220827	5.158677																					15959048192	16013500416	2196275200	89975269884																				True	62	62	1.6e-11	MAINTAINED_UPSTREAM_INTERNAL	MATLAB_TWISTER_SEED_PLUS_WORKER_INDEX	21.50998588409232	1.3264957471258356	-0.040798675116733824	22.754884280984687					PASS
VCKSS-COMPARATIVE-SCALING-RESULT-V4	first	41	scale_strong_d2_n122880_c8_r2	e1514185445cab36f930c90a44c5a4e23326e027	fbed59bf26bd6cf641bec0946ff6d32cdfe992786852947c530678dd4c86a026	strong_d2	strong	2	122880	61440	1536	8	4	4	4	8	8	2	8675309	3	scc-sc5	Intel(R) Xeon(R) CPU E5-2650 v2 @ 2.60GHz	mata	PASS	0	0	0	83.535	85.78999999999999	327.95	0.945			6.793	5.614	1.955	1.346	74.148	0.09	33.611	38.654	0.9600000000000002	55.27	0.0	9.843									1311469568	1311469568	1360007168	89489938580	1823706334	1823706334														6.18888210321e-14	1e-09	1.0	NONE							21.50975623962632	1.326482340468869	-0.0407766813652519	22.75468521736468	2.0656964556e-05	1.00578936215e-06	1.22819240603e-05	1.62486899563e-05	PASS
VCKSS-COMPARATIVE-SCALING-RESULT-V4	first	41	scale_strong_d2_n122880_c8_r2	e1514185445cab36f930c90a44c5a4e23326e027	fbed59bf26bd6cf641bec0946ff6d32cdfe992786852947c530678dd4c86a026	strong_d2	strong	2	122880	61440	1536	8	4	8	4	8	8	2	8675309	1	scc-sc5	Intel(R) Xeon(R) CPU E5-2650 v2 @ 2.60GHz	rust	PASS	0	0	0	2.284	3.61	16.240000000000002	0.619															0.007898155	0.058013277	0.054150089	0.059099206	0.01901073	0.0	1.5138851	1.712056557	524873728	524873728	523001856	89489938580	5242635328	5242635328	3331916320	13468560	8	8	1e-10	1e-06	0.019728688	0.001126698	0.050439069	0.54751235	0.231786002	17648	17047	9.60556564989e-06	1e-05	34.0	CMG_FULL_V2							21.50980482277162	1.326483186734423	-0.0407979002591119	22.75469220898782	2.13050909744e-05	9.7656574046e-07	1.2903675093e-05	1.69650143728e-05	PASS
VCKSS-COMPARATIVE-SCALING-RESULT-V4	first	41	scale_strong_d2_n122880_c8_r2	e1514185445cab36f930c90a44c5a4e23326e027	fbed59bf26bd6cf641bec0946ff6d32cdfe992786852947c530678dd4c86a026	strong_d2	strong	2	122880	61440	1536	8	4	8	4	8	8	2	8675309	2	scc-sc5	Intel(R) Xeon(R) CPU E5-2650 v2 @ 2.60GHz	matlab	PASS	0	0	0	34.811027	303.72	547.5	3.358279	133.198652	5.176287																					16184975360	16239579136	2176073728	89489938580																				True	62	62	1.6e-11	MAINTAINED_UPSTREAM_INTERNAL	MATLAB_TWISTER_SEED_PLUS_WORKER_INDEX	21.509971054680683	1.3264939340717876	-0.04079165167417449	22.754881685404122					PASS
VCKSS-COMPARATIVE-SCALING-RESULT-V4	first	42	scale_strong_d2_n122880_c8_r3	e1514185445cab36f930c90a44c5a4e23326e027	fbed59bf26bd6cf641bec0946ff6d32cdfe992786852947c530678dd4c86a026	strong_d2	strong	2	122880	61440	1536	8	4	4	4	8	8	3	20260819	2	scc-sc4	Intel(R) Xeon(R) CPU E5-2650 v2 @ 2.60GHz	mata	PASS	0	0	0	83.716	85.28	327.39000000000004	0.745			6.828	5.613	1.955	1.477	74.311	0.195	33.571	38.622	0.9560000000000002	55.16799999999998	0.0	9.966000000000001									1313247232	1313247232	1347743744	89701465719	1823706361	1823706361														6.96825846414e-14	1e-09	1.0	NONE							21.50983295805599	1.32648426966153	-0.0407908327433952	22.75473556223072	1.98135660146e-05	9.06079075909e-07	1.20250383731e-05	1.60598370173e-05	PASS
VCKSS-COMPARATIVE-SCALING-RESULT-V4	first	42	scale_strong_d2_n122880_c8_r3	e1514185445cab36f930c90a44c5a4e23326e027	fbed59bf26bd6cf641bec0946ff6d32cdfe992786852947c530678dd4c86a026	strong_d2	strong	2	122880	61440	1536	8	4	8	4	8	8	3	20260819	3	scc-sc4	Intel(R) Xeon(R) CPU E5-2650 v2 @ 2.60GHz	rust	PASS	0	0	0	2.263	3.66	16.43	0.638															0.007801115	0.057437116	0.056348393	0.059569416	0.019018032	0.0	1.51893409	1.719108162	534134784	534134784	533217280	89701465719	5242635328	5242635328	3331916320	13468560	8	8	1e-10	1e-06	0.019910492	0.001126008	0.054858545	0.546171774	0.239735268	17659	17056	9.71874543447e-06	1e-05	34.0	CMG_FULL_V2							21.50981088278446	1.326481896153135	-0.0407943636094943	22.7547040517186	2.12502378145e-05	1.09266136026e-06	1.25626181519e-05	1.53548586558e-05	PASS
VCKSS-COMPARATIVE-SCALING-RESULT-V4	first	42	scale_strong_d2_n122880_c8_r3	e1514185445cab36f930c90a44c5a4e23326e027	fbed59bf26bd6cf641bec0946ff6d32cdfe992786852947c530678dd4c86a026	strong_d2	strong	2	122880	61440	1536	8	4	8	4	8	8	3	20260819	1	scc-sc4	Intel(R) Xeon(R) CPU E5-2650 v2 @ 2.60GHz	matlab	PASS	0	0	0	36.057896	538.34	564.12	8.033721	202.236101	6.074671																					16030633984	16076693504	2270044160	89701465719																				True	62	62	1.6e-11	MAINTAINED_UPSTREAM_INTERNAL	MATLAB_TWISTER_SEED_PLUS_WORKER_INDEX	21.50999445312384	1.3264939223076095	-0.040793248678519384	22.754901878074413					PASS
VCKSS-COMPARATIVE-SCALING-RESULT-V4	first	43	scale_strong_d2_n122880_c16_r1	e1514185445cab36f930c90a44c5a4e23326e027	fbed59bf26bd6cf641bec0946ff6d32cdfe992786852947c530678dd4c86a026	strong_d2	strong	2	122880	61440	1536	16	4	4	4	16	16	1	104729	1	scc-ph1	Intel(R) Xeon(R) CPU E5-2650 v2 @ 2.60GHz	mata	PASS	0	0	0	83.443	85.33	327.39000000000004	0.707			6.816	5.593	1.97	1.344	74.043	0.089	33.658	38.504	0.9590000000000001	55.173	0.0	9.834000000000001									1339269120	1339269120	1344294912	176764747776	1823706320	1823706320														4.82909044615e-14	1e-09	1.0	NONE							21.50980643172932	1.326485436613783	-0.0407917613540381	22.75470834563502	2.09563378713e-05	9.73658387442e-07	1.31573188399e-05	1.68225457255e-05	PASS
VCKSS-COMPARATIVE-SCALING-RESULT-V4	first	43	scale_strong_d2_n122880_c16_r1	e1514185445cab36f930c90a44c5a4e23326e027	fbed59bf26bd6cf641bec0946ff6d32cdfe992786852947c530678dd4c86a026	strong_d2	strong	2	122880	61440	1536	16	4	16	4	16	16	1	104729	2	scc-ph1	Intel(R) Xeon(R) CPU E5-2650 v2 @ 2.60GHz	rust	PASS	0	0	0	1.815	3.72	17.56	0.669															0.006448878	0.053511395	0.051570357	0.057505035	0.019697378	0.0	1.058922808	1.247655851	562851840	562851840	561004544	176764747776	6764853107	6764853107	3337579705	18188048	16	16	1e-10	1e-06	0.018695878	0.001473168	0.036856322	0.315344342	0.138981799	17650	17048	9.0541690358e-06	1e-05	34.0	CMG_FULL_V2							21.50977223527655	1.326483159070191	-0.0407869691582706	22.7546814560302	2.26470952539e-05	1.00260683442e-06	1.31453019424e-05	1.5595234199e-05	PASS
VCKSS-COMPARATIVE-SCALING-RESULT-V4	first	43	scale_strong_d2_n122880_c16_r1	e1514185445cab36f930c90a44c5a4e23326e027	fbed59bf26bd6cf641bec0946ff6d32cdfe992786852947c530678dd4c86a026	strong_d2	strong	2	122880	61440	1536	16	4	16	4	16	16	1	104729	3	scc-ph1	Intel(R) Xeon(R) CPU E5-2650 v2 @ 2.60GHz	matlab	PASS	0	0	0	25.274884	393.6	913.25	3.279766	142.537087	6.143446																					29961748480	30061682688	2385121280	176764747776																				True	62	62	1.6e-11	MAINTAINED_UPSTREAM_INTERNAL	MATLAB_TWISTER_SEED_PLUS_WORKER_INDEX	21.50997224126958	1.3264969813819412	-0.040791865275149615	22.75488549210122					PASS
VCKSS-COMPARATIVE-SCALING-RESULT-V4	first	44	scale_strong_d2_n122880_c16_r2	e1514185445cab36f930c90a44c5a4e23326e027	fbed59bf26bd6cf641bec0946ff6d32cdfe992786852947c530678dd4c86a026	strong_d2	strong	2	122880	61440	1536	16	4	4	4	16	16	2	8675309	3	scc-eg1	Intel(R) Xeon(R) Gold 6226R CPU @ 2.90GHz	mata	PASS	0	0	0	62.583	63.88	248.54999999999998	0.734			5.331	4.11	1.405	1.081	55.287	0.099	24.058	29.692	0.806	36.519	0.0	10.116									1295671296	1295671296	1356517376	178437637538	1823706360	1823706360														6.18888210321e-14	1e-09	1.0	NONE							21.50975623962632	1.326482340468869	-0.0407766813652519	22.75468521736468	2.0656964556e-05	1.00578936215e-06	1.22819240603e-05	1.62486899563e-05	PASS
VCKSS-COMPARATIVE-SCALING-RESULT-V4	first	44	scale_strong_d2_n122880_c16_r2	e1514185445cab36f930c90a44c5a4e23326e027	fbed59bf26bd6cf641bec0946ff6d32cdfe992786852947c530678dd4c86a026	strong_d2	strong	2	122880	61440	1536	16	4	16	4	16	16	2	8675309	1	scc-eg1	Intel(R) Xeon(R) Gold 6226R CPU @ 2.90GHz	rust	PASS	0	0	0	2.273	3.42	15.239999999999998	0.662															0.006003876	0.049941802	0.065126661	0.048733645	0.017448253	0.0	1.582091132	1.769345369	564690944	564690944	563355648	178437637538	6764853107	6764853107	3337579705	18188048	16	16	1e-10	1e-06	0.018263357	0.002692291	0.074453888	0.571261384	0.260477166	17648	17047	9.60556564989e-06	1e-05	34.0	CMG_FULL_V2							21.50980482277162	1.326483186734423	-0.0407979002591119	22.75469220898782	2.13050909744e-05	9.7656574046e-07	1.2903675093e-05	1.69650143728e-05	PASS
VCKSS-COMPARATIVE-SCALING-RESULT-V4	first	44	scale_strong_d2_n122880_c16_r2	e1514185445cab36f930c90a44c5a4e23326e027	fbed59bf26bd6cf641bec0946ff6d32cdfe992786852947c530678dd4c86a026	strong_d2	strong	2	122880	61440	1536	16	4	16	4	16	16	2	8675309	2	scc-eg1	Intel(R) Xeon(R) Gold 6226R CPU @ 2.90GHz	matlab	PASS	0	0	0	16.160173	446.4	862.76	3.379172	220.211016	5.88253																					30193643520	30252564480	2477187072	178437637538																				True	62	62	1.6e-11	MAINTAINED_UPSTREAM_INTERNAL	MATLAB_TWISTER_SEED_PLUS_WORKER_INDEX	21.5099847833684	1.326495572070119	-0.04079269124989396	22.75489497293873					PASS
VCKSS-COMPARATIVE-SCALING-RESULT-V4	first	45	scale_strong_d2_n122880_c16_r3	e1514185445cab36f930c90a44c5a4e23326e027	fbed59bf26bd6cf641bec0946ff6d32cdfe992786852947c530678dd4c86a026	strong_d2	strong	2	122880	61440	1536	16	4	4	4	16	16	3	20260819	2	scc-eb2	Intel(R) Xeon(R) Gold 6242 CPU @ 2.80GHz	mata	PASS	0	0	0	62.076	63.35	244.99	0.771			5.547000000000001	4.226	1.511	1.047	54.426	0.094	23.704	29.229	0.783	36.138	0.0	9.937000000000001									1319620608	1319620608	1358602240	178577223975	1823706369	1823706369														6.96825846414e-14	1e-09	1.0	NONE							21.50983295805599	1.32648426966153	-0.0407908327433952	22.75473556223072	1.98135660146e-05	9.06079075909e-07	1.20250383731e-05	1.60598370173e-05	PASS
VCKSS-COMPARATIVE-SCALING-RESULT-V4	first	45	scale_strong_d2_n122880_c16_r3	e1514185445cab36f930c90a44c5a4e23326e027	fbed59bf26bd6cf641bec0946ff6d32cdfe992786852947c530678dd4c86a026	strong_d2	strong	2	122880	61440	1536	16	4	16	4	16	16	3	20260819	3	scc-eb2	Intel(R) Xeon(R) Gold 6242 CPU @ 2.80GHz	rust	PASS	0	0	0	1.993	3.21	16.580000000000002	0.659															0.00598651	0.050264088	0.061746418	0.048437104	0.017312543	0.0	1.326148024	1.509894687	552443904	552443904	550400000	178577223975	6764853107	6764853107	3337579705	18188048	16	16	1e-10	1e-06	0.015527826	0.001414844	0.057877502	0.470655835	0.237384132	17659	17056	9.71874543447e-06	1e-05	34.0	CMG_FULL_V2							21.50981088278446	1.326481896153135	-0.0407943636094943	22.7547040517186	2.12502378145e-05	1.09266136026e-06	1.25626181519e-05	1.53548586558e-05	PASS
VCKSS-COMPARATIVE-SCALING-RESULT-V4	first	45	scale_strong_d2_n122880_c16_r3	e1514185445cab36f930c90a44c5a4e23326e027	fbed59bf26bd6cf641bec0946ff6d32cdfe992786852947c530678dd4c86a026	strong_d2	strong	2	122880	61440	1536	16	4	16	4	16	16	3	20260819	1	scc-eb2	Intel(R) Xeon(R) Gold 6242 CPU @ 2.80GHz	matlab	PASS	0	0	0	16.013418	448.64	802.1999999999999	3.322638	218.909615	5.818811																					30409768960	30449672192	2405384192	178577223975																				True	62	62	1.6e-11	MAINTAINED_UPSTREAM_INTERNAL	MATLAB_TWISTER_SEED_PLUS_WORKER_INDEX	21.509971366326667	1.3264941485090527	-0.04078837410619612	22.754888766623328					PASS
VCKSS-COMPARATIVE-SCALING-RESULT-V4	repair-full	46	scale_strong_d2_n491520_c1_r1	ca162022833c3d6e6906c11cf4860baf0d52fd86	02d6eb6ffc96e0eb7eea1252605663e3e206c6ce177f3cf7f0e860c2b25f40f9	strong_d2	strong	2	491520	245760	6144	1	1	1	1	1	1	1	104729	1	scc-sb1	Intel(R) Xeon(R) CPU E5-2650 v2 @ 2.60GHz	mata	PASS	0	0	0	443.317	447.51	446.34	1.796			25.183	21.703	7.601999999999999	49.1	409.517	1.002	162.442	195.169	5.739	209.64	0.0	104.506									4728795136	4728795136	4777390080	19527068812	3609517649	3609517649														9.96389801745e-13	1e-09	1.0	NONE							21.50432320990993	1.314895471460017	-0.0302180896080038	22.75878250215394	1.78953541151e-05	1.50461491601e-06	9.38226914183e-06	8.2927443896e-06	PASS
VCKSS-COMPARATIVE-SCALING-RESULT-V4	repair-full	46	scale_strong_d2_n491520_c1_r1	ca162022833c3d6e6906c11cf4860baf0d52fd86	02d6eb6ffc96e0eb7eea1252605663e3e206c6ce177f3cf7f0e860c2b25f40f9	strong_d2	strong	2	491520	245760	6144	1	1	1	1	1	1	1	104729	2	scc-sb1	Intel(R) Xeon(R) CPU E5-2650 v2 @ 2.60GHz	rust	PASS	0	0	0	110.975	115.15	114.79	1.814															0.026265676	0.234361599	0.272227593	0.226010826	0.087488997	0.0	108.955466184	109.801820875	1775652864	1775652864	1780838400	19527068812	13828474124	13828474124	11493538009	35389568	1	1	1e-10	1e-06	0.082190807	0.002824569	1.109538038	83.547009775	14.23476774	102188	100313	9.97648110086e-06	1e-05	294.0	CMG_FULL_V2							21.50431055421662	1.314898630388499	-0.030212998212685	22.75878318817974	1.59440702244e-05	1.38395335466e-06	8.73527768599e-06	7.95721432034e-06	PASS
VCKSS-COMPARATIVE-SCALING-RESULT-V4	repair-full	46	scale_strong_d2_n491520_c1_r1	ca162022833c3d6e6906c11cf4860baf0d52fd86	02d6eb6ffc96e0eb7eea1252605663e3e206c6ce177f3cf7f0e860c2b25f40f9	strong_d2	strong	2	491520	245760	6144	1	1	1	1	1	1	1	104729	3	scc-sb1	Intel(R) Xeon(R) CPU E5-2650 v2 @ 2.60GHz	matlab	PASS	0	0	0	1939.904711	2124.28	2003.6499999999999	3.849705	42.125607	3.902703																					4015198208	4015198208	2317729792	19527068812																				True	222	222	2.4e-11	MAINTAINED_UPSTREAM_INTERNAL	MATLAB_TWISTER_SEED_PLUS_WORKER_INDEX	21.50434286268261	1.3148993714549764	-0.030213167203964476	22.758815899729658					PASS
VCKSS-COMPARATIVE-SCALING-RESULT-V4	repair-full	47	scale_strong_d2_n491520_c1_r2	ca162022833c3d6e6906c11cf4860baf0d52fd86	02d6eb6ffc96e0eb7eea1252605663e3e206c6ce177f3cf7f0e860c2b25f40f9	strong_d2	strong	2	491520	245760	6144	1	1	1	1	1	1	2	8675309	3	scc-sa6	Intel(R) Xeon(R) CPU E5-2650 v2 @ 2.60GHz	mata	PASS	0	0	0	439.235	443.53	442.32	1.803			24.983	21.522	7.551	48.627	405.715	0.993	161.288	193.027	5.670000000000001	207.604	0.0	103.724									4718497792	4718497792	4774637568	19339163993	3609517659	3609517659														8.34828613754e-13	1e-09	1.0	NONE							21.50432002974566	1.31489849680723	-0.0302216150979474	22.758775296357	1.4771294564e-05	1.23483496556e-06	8.06361844617e-06	7.74585299876e-06	PASS
VCKSS-COMPARATIVE-SCALING-RESULT-V4	repair-full	47	scale_strong_d2_n491520_c1_r2	ca162022833c3d6e6906c11cf4860baf0d52fd86	02d6eb6ffc96e0eb7eea1252605663e3e206c6ce177f3cf7f0e860c2b25f40f9	strong_d2	strong	2	491520	245760	6144	1	1	1	1	1	1	2	8675309	1	scc-sa6	Intel(R) Xeon(R) CPU E5-2650 v2 @ 2.60GHz	rust	PASS	0	0	0	110.245	114.38	114.01	1.805															0.02639649	0.23415409	0.272781175	0.225707908	0.088548099	0.0	108.208128195	109.055715957	1778774016	1778774016	1776648192	19339163993	13828474124	13828474124	11493538009	35389568	1	1	1e-10	1e-06	0.08111362	0.002802938	1.09381941	82.795872198	14.231014187	101421	99555	9.986018003e-06	1e-05	294.0	CMG_FULL_V2							21.50430599980958	1.314897871947791	-0.0302168035653272	22.75877026462672	1.53345166379e-05	1.34239715363e-06	8.02515174445e-06	7.09132153981e-06	PASS
VCKSS-COMPARATIVE-SCALING-RESULT-V4	repair-full	47	scale_strong_d2_n491520_c1_r2	ca162022833c3d6e6906c11cf4860baf0d52fd86	02d6eb6ffc96e0eb7eea1252605663e3e206c6ce177f3cf7f0e860c2b25f40f9	strong_d2	strong	2	491520	245760	6144	1	1	1	1	1	1	2	8675309	2	scc-sa6	Intel(R) Xeon(R) CPU E5-2650 v2 @ 2.60GHz	matlab	PASS	0	0	0	1943.942088	2025.74	2004.6299999999999	3.553966	34.579387	3.276501																					3957231616	3957231616	2207719424	19339163993																				True	222	222	2.4e-11	MAINTAINED_UPSTREAM_INTERNAL	MATLAB_TWISTER_SEED_PLUS_WORKER_INDEX	21.504341562399357	1.314898709160609	-0.030211230965195113	22.758817809629576					PASS
VCKSS-COMPARATIVE-SCALING-RESULT-V4	repair-full	48	scale_strong_d2_n491520_c1_r3	ca162022833c3d6e6906c11cf4860baf0d52fd86	02d6eb6ffc96e0eb7eea1252605663e3e206c6ce177f3cf7f0e860c2b25f40f9	strong_d2	strong	2	491520	245760	6144	1	1	1	1	1	1	3	20260819	2	scc-sb5	Intel(R) Xeon(R) CPU E5-2650 v2 @ 2.60GHz	mata	PASS	0	0	0	441.54	445.91	444.66	1.857			25.209	21.733	7.626	49.024	407.71	0.998	161.482	194.416	5.712000000000002	208.673	0.0	103.876									4765409280	4765409280	4779323392	19405735986	3609517643	3609517643														9.97972994783e-13	1e-09	1.0	NONE							21.50432442362215	1.314897533254349	-0.0302291730094733	22.75876361085755	1.72924857628e-05	1.36252293907e-06	9.41835252089e-06	7.99132446871e-06	PASS
VCKSS-COMPARATIVE-SCALING-RESULT-V4	repair-full	48	scale_strong_d2_n491520_c1_r3	ca162022833c3d6e6906c11cf4860baf0d52fd86	02d6eb6ffc96e0eb7eea1252605663e3e206c6ce177f3cf7f0e860c2b25f40f9	strong_d2	strong	2	491520	245760	6144	1	1	1	1	1	1	3	20260819	3	scc-sb5	Intel(R) Xeon(R) CPU E5-2650 v2 @ 2.60GHz	rust	PASS	0	0	0	108.897	113.13	112.56	1.832															0.026480929	0.229911208	0.272609831	0.218974381	0.087867662	0.0	106.825268355	107.661112366	1776001024	1776001024	1774153728	19405735986	13828474124	13828474124	11493538009	35389568	1	1	1e-10	1e-06	0.079670717	0.002852439	1.06094754	81.628795569	14.053533855	100939	99067	9.95265139934e-06	1e-05	294.0	CMG_FULL_V2							21.50431527167136	1.314896387070942	-0.0302172141410074	22.75877723046028	1.49870918839e-05	1.46686531754e-06	8.64744804679e-06	8.34685268291e-06	PASS
VCKSS-COMPARATIVE-SCALING-RESULT-V4	repair-full	48	scale_strong_d2_n491520_c1_r3	ca162022833c3d6e6906c11cf4860baf0d52fd86	02d6eb6ffc96e0eb7eea1252605663e3e206c6ce177f3cf7f0e860c2b25f40f9	strong_d2	strong	2	491520	245760	6144	1	1	1	1	1	1	3	20260819	1	scc-sb5	Intel(R) Xeon(R) CPU E5-2650 v2 @ 2.60GHz	matlab	PASS	0	0	0	1904.613202	2033.99	1968.3799999999999	5.245013	41.134576	3.331745																					4057120768	4057120768	2288623616	19405735986																				True	222	222	2.4e-11	MAINTAINED_UPSTREAM_INTERNAL	MATLAB_TWISTER_SEED_PLUS_WORKER_INDEX	21.504359423456226	1.3148999586484231	-0.030221876131629917	22.758815629841386					PASS
VCKSS-COMPARATIVE-SCALING-RESULT-V4	first	49	scale_strong_d2_n491520_c2_r1	e1514185445cab36f930c90a44c5a4e23326e027	fbed59bf26bd6cf641bec0946ff6d32cdfe992786852947c530678dd4c86a026	strong_d2	strong	2	491520	245760	6144	2	2	2	2	2	2	1	104729	1	scc-te2	Intel(R) Xeon(R) CPU E5-2660 v3 @ 2.60GHz	mata	PASS	0	0	0	425.882	431.54	824.93	3.071			20.773	17.27	6.457	30.423	397.653	1.198	155.757	208.426	4.186	192.205	0.0	137.393									4366413824	4366413824	4425969664	30853971313	3609517515	3609517515														1.00346637799e-12	1e-09	1.0	NONE							21.50432320990993	1.314895471460017	-0.0302180896080038	22.75878250215394	1.78953541151e-05	1.50461491601e-06	9.38226914183e-06	8.2927443896e-06	PASS
VCKSS-COMPARATIVE-SCALING-RESULT-V4	first	49	scale_strong_d2_n491520_c2_r1	e1514185445cab36f930c90a44c5a4e23326e027	fbed59bf26bd6cf641bec0946ff6d32cdfe992786852947c530678dd4c86a026	strong_d2	strong	2	491520	245760	6144	2	2	2	2	2	2	1	104729	2	scc-te2	Intel(R) Xeon(R) CPU E5-2660 v3 @ 2.60GHz	rust	PASS	0	0	0	78.443	84.11	150.93	2.842															0.024604494	0.247039328	0.437805718	0.390919561	0.106807055	0.0	75.913814841	77.120990997	1452236800	1452236800	1450258432	30853971313	14591942310	14591942310	11498728595	39715056	2	2	1e-10	1e-06	0.184965844	0.00277071	0.861437982	56.597837244	10.514386401	102188	100313	9.97648110086e-06	1e-05	294.0	CMG_FULL_V2							21.50431055421662	1.314898630388499	-0.030212998212685	22.75878318817974	1.59440702244e-05	1.38395335466e-06	8.73527768599e-06	7.95721432034e-06	PASS
VCKSS-COMPARATIVE-SCALING-RESULT-V4	first	49	scale_strong_d2_n491520_c2_r1	e1514185445cab36f930c90a44c5a4e23326e027	fbed59bf26bd6cf641bec0946ff6d32cdfe992786852947c530678dd4c86a026	strong_d2	strong	2	491520	245760	6144	2	2	2	2	2	2	1	104729	3	scc-te2	Intel(R) Xeon(R) CPU E5-2660 v3 @ 2.60GHz	matlab	PASS	0	0	0	914.070415	1523.31	2005.0600000000002	9.958009	329.996059	7.115884																					6336872448	6336872448	2663284736	30853971313																				True	222	222	2.4e-11	MAINTAINED_UPSTREAM_INTERNAL	MATLAB_TWISTER_SEED_PLUS_WORKER_INDEX	21.504345276311458	1.314900689870273	-0.03021648292572305	22.758813000330285					PASS
VCKSS-COMPARATIVE-SCALING-RESULT-V4	first	50	scale_strong_d2_n491520_c2_r2	e1514185445cab36f930c90a44c5a4e23326e027	fbed59bf26bd6cf641bec0946ff6d32cdfe992786852947c530678dd4c86a026	strong_d2	strong	2	491520	245760	6144	2	2	2	2	2	2	2	8675309	3	scc-td4	Intel(R) Xeon(R) CPU E5-2660 v3 @ 2.60GHz	mata	PASS	0	0	0	426.803	432.76	825.3800000000001	2.942			20.94	17.419	6.242999999999999	30.999	398.677	1.452	157.004	207.424	4.106999999999999	190.205	0.0	138.967									4315295744	4315295744	4428365824	30594125792	3609517563	3609517563														8.20048896723e-13	1e-09	1.0	NONE							21.50432002974566	1.31489849680723	-0.0302216150979474	22.758775296357	1.4771294564e-05	1.23483496556e-06	8.06361844617e-06	7.74585299876e-06	PASS
VCKSS-COMPARATIVE-SCALING-RESULT-V4	first	50	scale_strong_d2_n491520_c2_r2	e1514185445cab36f930c90a44c5a4e23326e027	fbed59bf26bd6cf641bec0946ff6d32cdfe992786852947c530678dd4c86a026	strong_d2	strong	2	491520	245760	6144	2	2	2	2	2	2	2	8675309	1	scc-td4	Intel(R) Xeon(R) CPU E5-2660 v3 @ 2.60GHz	rust	PASS	0	0	0	75.318	81.26	144.95000000000002	3.038															0.023729049	0.218436118	0.271091617	0.217142597	0.077346009	0.0	73.346350152	74.154095542	1487237120	1487237120	1485012992	30594125792	14591942310	14591942310	11498728595	39715056	2	2	1e-10	1e-06	0.078519079	0.002060713	0.852588264	54.916163576	10.241419261	101421	99555	9.986018003e-06	1e-05	294.0	CMG_FULL_V2							21.50430599980958	1.314897871947791	-0.0302168035653272	22.75877026462672	1.53345166379e-05	1.34239715363e-06	8.02515174445e-06	7.09132153981e-06	PASS
VCKSS-COMPARATIVE-SCALING-RESULT-V4	first	50	scale_strong_d2_n491520_c2_r2	e1514185445cab36f930c90a44c5a4e23326e027	fbed59bf26bd6cf641bec0946ff6d32cdfe992786852947c530678dd4c86a026	strong_d2	strong	2	491520	245760	6144	2	2	2	2	2	2	2	8675309	2	scc-td4	Intel(R) Xeon(R) CPU E5-2660 v3 @ 2.60GHz	matlab	PASS	0	0	0	949.56613	1515.14	2043.45	9.452656	208.955645	7.873313																					6333476864	6333476864	2559500288	30594125792																				True	222	222	2.4e-11	MAINTAINED_UPSTREAM_INTERNAL	MATLAB_TWISTER_SEED_PLUS_WORKER_INDEX	21.504358041925574	1.3148981812814349	-0.030220469638007355	22.758815283930996					PASS
VCKSS-COMPARATIVE-SCALING-RESULT-V4	first	51	scale_strong_d2_n491520_c2_r3	e1514185445cab36f930c90a44c5a4e23326e027	fbed59bf26bd6cf641bec0946ff6d32cdfe992786852947c530678dd4c86a026	strong_d2	strong	2	491520	245760	6144	2	2	2	2	2	2	3	20260819	2	scc-tf3	Intel(R) Xeon(R) CPU E5-2660 v3 @ 2.60GHz	mata	PASS	0	0	0	432.305	439.65	831.48	4.512			24.378	20.777	7.026000000000001	32.696	399.647	1.211	157.772	205.931	4.06	189.817	0.0	138.737									4347613184	4347613184	4429099008	30865782473	3609517549	3609517549														1.00765585391e-12	1e-09	1.0	NONE							21.50432442362215	1.314897533254349	-0.0302291730094733	22.75876361085755	1.72924857628e-05	1.36252293907e-06	9.41835252089e-06	7.99132446871e-06	PASS
VCKSS-COMPARATIVE-SCALING-RESULT-V4	first	51	scale_strong_d2_n491520_c2_r3	e1514185445cab36f930c90a44c5a4e23326e027	fbed59bf26bd6cf641bec0946ff6d32cdfe992786852947c530678dd4c86a026	strong_d2	strong	2	491520	245760	6144	2	2	2	2	2	2	3	20260819	3	scc-tf3	Intel(R) Xeon(R) CPU E5-2660 v3 @ 2.60GHz	rust	PASS	0	0	0	78.558	84.02	147.93	2.817															0.029243672	0.278983951	0.332284896	0.282127985	0.098575715	0.0	76.318307533	77.339523752	1448976384	1448976384	1446854656	30865782473	14591942310	14591942310	11498728595	39715056	2	2	1e-10	1e-06	0.087165824	0.002309881	0.842624542	55.961145268	11.538056243	100939	99067	9.95265139934e-06	1e-05	294.0	CMG_FULL_V2							21.50431527167136	1.314896387070942	-0.0302172141410074	22.75877723046028	1.49870918839e-05	1.46686531754e-06	8.64744804679e-06	8.34685268291e-06	PASS
VCKSS-COMPARATIVE-SCALING-RESULT-V4	first	51	scale_strong_d2_n491520_c2_r3	e1514185445cab36f930c90a44c5a4e23326e027	fbed59bf26bd6cf641bec0946ff6d32cdfe992786852947c530678dd4c86a026	strong_d2	strong	2	491520	245760	6144	2	2	2	2	2	2	3	20260819	1	scc-tf3	Intel(R) Xeon(R) CPU E5-2660 v3 @ 2.60GHz	matlab	PASS	0	0	0	938.214938	1314.89	1972.35	9.382693	92.525284	7.22254																					6229405696	6230274048	2483908608	30865782473																				True	222	222	2.4e-11	MAINTAINED_UPSTREAM_INTERNAL	MATLAB_TWISTER_SEED_PLUS_WORKER_INDEX	21.504358003794323	1.3148987621039219	-0.03022088811192604	22.758814989674395					PASS
VCKSS-COMPARATIVE-SCALING-RESULT-V4	first	52	scale_strong_d2_n491520_c4_r1	e1514185445cab36f930c90a44c5a4e23326e027	fbed59bf26bd6cf641bec0946ff6d32cdfe992786852947c530678dd4c86a026	strong_d2	strong	2	491520	245760	6144	4	4	4	4	4	4	1	104729	1	scc-te1	Intel(R) Xeon(R) CPU E5-2660 v3 @ 2.60GHz	mata	PASS	0	0	0	406.053	411.2	1531.62	2.639			20.53	17.356	6.643	19.152	377.558	1.044	153.515	201.698	3.473	192.807	0.0	131.862									4469932032	4469932032	4547420160	50749333570	3609517526	3609517526														9.69037320738e-13	1e-09	1.0	NONE							21.50432320990993	1.314895471460015	-0.0302180896080032	22.75878250215394	1.78953541151e-05	1.50461491601e-06	9.38226914183e-06	8.2927443896e-06	PASS
VCKSS-COMPARATIVE-SCALING-RESULT-V4	first	52	scale_strong_d2_n491520_c4_r1	e1514185445cab36f930c90a44c5a4e23326e027	fbed59bf26bd6cf641bec0946ff6d32cdfe992786852947c530678dd4c86a026	strong_d2	strong	2	491520	245760	6144	4	4	4	4	4	4	1	104729	2	scc-te1	Intel(R) Xeon(R) CPU E5-2660 v3 @ 2.60GHz	rust	PASS	0	0	0	43.641	48.31	158.2	2.229															0.027294323	0.250027653	0.317720018	0.241980631	0.085134862	0.0	41.765658537	42.687816024	1502666752	1502666752	1500725248	50749333570	16114160089	16114160089	11504391174	44433872	4	4	1e-10	1e-06	0.091097229	0.002499364	0.465313226	31.091909754	5.651940094	102188	100313	9.97648110086e-06	1e-05	294.0	CMG_FULL_V2							21.50431055421662	1.314898630388499	-0.030212998212685	22.75878318817974	1.59440702244e-05	1.38395335466e-06	8.73527768599e-06	7.95721432034e-06	PASS
VCKSS-COMPARATIVE-SCALING-RESULT-V4	first	52	scale_strong_d2_n491520_c4_r1	e1514185445cab36f930c90a44c5a4e23326e027	fbed59bf26bd6cf641bec0946ff6d32cdfe992786852947c530678dd4c86a026	strong_d2	strong	2	491520	245760	6144	4	4	4	4	4	4	1	104729	3	scc-te1	Intel(R) Xeon(R) CPU E5-2660 v3 @ 2.60GHz	matlab	PASS	0	0	0	517.974513	1145.81	2291.7200000000003	9.802732	372.255987	6.690678																					10092511232	10092511232	2627612672	50749333570																				True	222	222	2.4e-11	MAINTAINED_UPSTREAM_INTERNAL	MATLAB_TWISTER_SEED_PLUS_WORKER_INDEX	21.50433980284722	1.3148988288194696	-0.030213197666229805	22.75881223633423					PASS
VCKSS-COMPARATIVE-SCALING-RESULT-V4	first	53	scale_strong_d2_n491520_c4_r2	e1514185445cab36f930c90a44c5a4e23326e027	fbed59bf26bd6cf641bec0946ff6d32cdfe992786852947c530678dd4c86a026	strong_d2	strong	2	491520	245760	6144	4	4	4	4	4	4	2	8675309	3	scc-te4	Intel(R) Xeon(R) CPU E5-2660 v3 @ 2.60GHz	mata	PASS	0	0	0	415.259	420.49	1559.3100000000002	2.244			22.913	19.642	7.116000000000001	19.451	384.135	1.264	155.88	205.576	3.554	196.057	0.0	134.56									4425060352	4425060352	4512841728	51641613026	3609517537	3609517537														7.98306497727e-13	1e-09	1.0	NONE							21.50432002974566	1.314898496807229	-0.0302216150979468	22.75877529635699	1.4771294564e-05	1.23483496556e-06	8.06361844617e-06	7.74585299876e-06	PASS
VCKSS-COMPARATIVE-SCALING-RESULT-V4	first	53	scale_strong_d2_n491520_c4_r2	e1514185445cab36f930c90a44c5a4e23326e027	fbed59bf26bd6cf641bec0946ff6d32cdfe992786852947c530678dd4c86a026	strong_d2	strong	2	491520	245760	6144	4	4	4	4	4	4	2	8675309	1	scc-te4	Intel(R) Xeon(R) CPU E5-2660 v3 @ 2.60GHz	rust	PASS	0	0	0	47.333	53.01	160.48	2.99															0.057417592	0.462709237	0.407242698	0.300130738	0.103160693	0.0	44.458194147	45.788855105	1515331584	1515331584	1513279488	51641613026	16114160089	16114160089	11504391174	44433872	4	4	1e-10	1e-06	0.100343347	0.002677995	0.517079511	33.004714805	6.097142423	101421	99555	9.986018003e-06	1e-05	294.0	CMG_FULL_V2							21.50430599980958	1.314897871947791	-0.0302168035653272	22.75877026462672	1.53345166379e-05	1.34239715363e-06	8.02515174445e-06	7.09132153981e-06	PASS
VCKSS-COMPARATIVE-SCALING-RESULT-V4	first	53	scale_strong_d2_n491520_c4_r2	e1514185445cab36f930c90a44c5a4e23326e027	fbed59bf26bd6cf641bec0946ff6d32cdfe992786852947c530678dd4c86a026	strong_d2	strong	2	491520	245760	6144	4	4	4	4	4	4	2	8675309	2	scc-te4	Intel(R) Xeon(R) CPU E5-2660 v3 @ 2.60GHz	matlab	PASS	0	0	0	518.852419	1089.24	2289.89	9.025453	209.254832	7.628625																					10046906368	10046906368	2585268224	51641613026																				True	222	222	2.4e-11	MAINTAINED_UPSTREAM_INTERNAL	MATLAB_TWISTER_SEED_PLUS_WORKER_INDEX	21.504355494933485	1.3148992013575944	-0.03021797620799693	22.758818743875086					PASS
VCKSS-COMPARATIVE-SCALING-RESULT-V4	first	54	scale_strong_d2_n491520_c4_r3	e1514185445cab36f930c90a44c5a4e23326e027	fbed59bf26bd6cf641bec0946ff6d32cdfe992786852947c530678dd4c86a026	strong_d2	strong	2	491520	245760	6144	4	4	4	4	4	4	3	20260819	2	scc-td1	Intel(R) Xeon(R) CPU E5-2660 v3 @ 2.60GHz	mata	PASS	0	0	0	412.148	418.23	1548.58	3.331			22.844	19.522	7.111	19.357	380.847	1.097	154.939	203.363	3.53	195.683	0.0	131.889									4248465408	4248465408	4436000768	51005957866	3609517573	3609517573														9.68104269707e-13	1e-09	1.0	NONE							21.50432442362215	1.314897533254348	-0.0302291730094726	22.75876361085755	1.72924857628e-05	1.36252293907e-06	9.41835252089e-06	7.99132446871e-06	PASS
VCKSS-COMPARATIVE-SCALING-RESULT-V4	first	54	scale_strong_d2_n491520_c4_r3	e1514185445cab36f930c90a44c5a4e23326e027	fbed59bf26bd6cf641bec0946ff6d32cdfe992786852947c530678dd4c86a026	strong_d2	strong	2	491520	245760	6144	4	4	4	4	4	4	3	20260819	3	scc-td1	Intel(R) Xeon(R) CPU E5-2660 v3 @ 2.60GHz	rust	PASS	0	0	0	42.672	47.6	156.14000000000001	2.333															0.027126004	0.255647448	0.313655448	0.242102859	0.090109388	0.0	40.762595506	41.691236653	1509879808	1509879808	1507811328	51005957866	16114160089	16114160089	11504391174	44433872	4	4	1e-10	1e-06	0.088438588	0.002403335	0.449117653	30.358135295	5.4139623	100939	99067	9.95265139934e-06	1e-05	294.0	CMG_FULL_V2							21.50431527167136	1.314896387070942	-0.0302172141410074	22.75877723046028	1.49870918839e-05	1.46686531754e-06	8.64744804679e-06	8.34685268291e-06	PASS
VCKSS-COMPARATIVE-SCALING-RESULT-V4	first	54	scale_strong_d2_n491520_c4_r3	e1514185445cab36f930c90a44c5a4e23326e027	fbed59bf26bd6cf641bec0946ff6d32cdfe992786852947c530678dd4c86a026	strong_d2	strong	2	491520	245760	6144	4	4	4	4	4	4	3	20260819	1	scc-td1	Intel(R) Xeon(R) CPU E5-2660 v3 @ 2.60GHz	matlab	PASS	0	0	0	505.984135	860.58	2192.27	9.378428	92.540172	7.713477																					10205597696	10205597696	2721693696	51005957866																				True	222	222	2.4e-11	MAINTAINED_UPSTREAM_INTERNAL	MATLAB_TWISTER_SEED_PLUS_WORKER_INDEX	21.504354543226164	1.3148979147887399	-0.030216677682948362	22.758819102649007					PASS
VCKSS-COMPARATIVE-SCALING-RESULT-V4	first	55	scale_strong_d2_n491520_c8_r1	e1514185445cab36f930c90a44c5a4e23326e027	fbed59bf26bd6cf641bec0946ff6d32cdfe992786852947c530678dd4c86a026	strong_d2	strong	2	491520	245760	6144	8	4	4	4	8	8	1	104729	1	scc-gm2	Intel(R) Xeon(R) Gold 6242 CPU @ 2.80GHz	mata	PASS	0	0	0	321.308	324.29	1211.4	1.332			17.611	15.293	5.34	14.434	297.511	0.974	114.194	166.516	2.887	139.264	0.0	116.468									4297064448	4297064448	4484202496	92049739088	3609517565	3609517565														9.69037320738e-13	1e-09	1.0	NONE							21.50432320990993	1.314895471460015	-0.0302180896080032	22.75878250215394	1.78953541151e-05	1.50461491601e-06	9.38226914183e-06	8.2927443896e-06	PASS
VCKSS-COMPARATIVE-SCALING-RESULT-V4	first	55	scale_strong_d2_n491520_c8_r1	e1514185445cab36f930c90a44c5a4e23326e027	fbed59bf26bd6cf641bec0946ff6d32cdfe992786852947c530678dd4c86a026	strong_d2	strong	2	491520	245760	6144	8	4	8	4	8	8	1	104729	2	scc-gm2	Intel(R) Xeon(R) Gold 6242 CPU @ 2.80GHz	rust	PASS	0	0	0	19.272	22.28	122.95	1.404															0.023040908	0.220657091	0.240712985	0.189096741	0.072058247	0.0	17.852164474	18.597730446	1823129600	1823129600	1820905472	92049739088	19158595648	19158595648	11515716332	53871504	8	8	1e-10	1e-06	0.065107583	0.002519482	0.298762374	12.953146011	2.268160201	102188	100313	9.97648110086e-06	1e-05	294.0	CMG_FULL_V2							21.50431055421662	1.314898630388499	-0.030212998212685	22.75878318817974	1.59440702244e-05	1.38395335466e-06	8.73527768599e-06	7.95721432034e-06	PASS
VCKSS-COMPARATIVE-SCALING-RESULT-V4	first	55	scale_strong_d2_n491520_c8_r1	e1514185445cab36f930c90a44c5a4e23326e027	fbed59bf26bd6cf641bec0946ff6d32cdfe992786852947c530678dd4c86a026	strong_d2	strong	2	491520	245760	6144	8	4	8	4	8	8	1	104729	3	scc-gm2	Intel(R) Xeon(R) Gold 6242 CPU @ 2.80GHz	matlab	PASS	0	0	0	201.270433	533.91	1795.24	5.264836	182.359169	6.714108																					18003177472	18003177472	3140485120	92049739088																				True	222	222	2.4e-11	MAINTAINED_UPSTREAM_INTERNAL	MATLAB_TWISTER_SEED_PLUS_WORKER_INDEX	21.50434713922136	1.3148996666855357	-0.03021445692408283	22.758817892058726					PASS
VCKSS-COMPARATIVE-SCALING-RESULT-V4	first	56	scale_strong_d2_n491520_c8_r2	e1514185445cab36f930c90a44c5a4e23326e027	fbed59bf26bd6cf641bec0946ff6d32cdfe992786852947c530678dd4c86a026	strong_d2	strong	2	491520	245760	6144	8	4	4	4	8	8	2	8675309	3	scc-nd7	Intel(R) Xeon(R) CPU E5-2650 v2 @ 2.60GHz	mata	PASS	0	0	0	404.022	408.24	1443.39	1.623			24.613	21.825	7.672	18.192	370.743	0.955	157.53	192.189	3.858	218.388	0.0	100.573									4515688448	4515688448	4572184576	91280939942	3609517549	3609517549														7.98306497727e-13	1e-09	1.0	NONE							21.50432002974566	1.314898496807229	-0.0302216150979468	22.75877529635699	1.4771294564e-05	1.23483496556e-06	8.06361844617e-06	7.74585299876e-06	PASS
VCKSS-COMPARATIVE-SCALING-RESULT-V4	first	56	scale_strong_d2_n491520_c8_r2	e1514185445cab36f930c90a44c5a4e23326e027	fbed59bf26bd6cf641bec0946ff6d32cdfe992786852947c530678dd4c86a026	strong_d2	strong	2	491520	245760	6144	8	4	8	4	8	8	2	8675309	1	scc-nd7	Intel(R) Xeon(R) CPU E5-2650 v2 @ 2.60GHz	rust	PASS	0	0	0	21.509	24.9	137.16	1.186															0.027512957	0.242531948	0.269298379	0.220251821	0.080868329	0.0	19.799425683	20.639889117	1598873600	1598873600	1597198336	91280939942	19158595648	19158595648	11515716332	53871504	8	8	1e-10	1e-06	0.07853203	0.003112178	0.237896345	14.593086579	2.26413482	101421	99555	9.986018003e-06	1e-05	294.0	CMG_FULL_V2							21.50430599980958	1.314897871947791	-0.0302168035653272	22.75877026462672	1.53345166379e-05	1.34239715363e-06	8.02515174445e-06	7.09132153981e-06	PASS
VCKSS-COMPARATIVE-SCALING-RESULT-V4	first	56	scale_strong_d2_n491520_c8_r2	e1514185445cab36f930c90a44c5a4e23326e027	fbed59bf26bd6cf641bec0946ff6d32cdfe992786852947c530678dd4c86a026	strong_d2	strong	2	491520	245760	6144	8	4	8	4	8	8	2	8675309	2	scc-nd7	Intel(R) Xeon(R) CPU E5-2650 v2 @ 2.60GHz	matlab	PASS	0	0	0	484.257275	704.33	3887.29	4.170108	116.023916	5.259621																					17966854144	17966854144	2964393984	91280939942																				True	222	222	2.4e-11	MAINTAINED_UPSTREAM_INTERNAL	MATLAB_TWISTER_SEED_PLUS_WORKER_INDEX	21.50434901895206	1.3149007153561092	-0.030215930575551213	22.758817873157067					PASS
VCKSS-COMPARATIVE-SCALING-RESULT-V4	first	57	scale_strong_d2_n491520_c8_r3	e1514185445cab36f930c90a44c5a4e23326e027	fbed59bf26bd6cf641bec0946ff6d32cdfe992786852947c530678dd4c86a026	strong_d2	strong	2	491520	245760	6144	8	4	4	4	8	8	3	20260819	2	scc-mf8	Intel(R) Xeon(R) CPU E5-2650 v2 @ 2.60GHz	mata	PASS	0	0	0	404.011	408.06	1457.5800000000002	1.568			24.584	21.808	7.65	18.172	370.768	0.945	157.595	192.164	3.829	218.906	0.0	100.223									4567375872	4567375872	4665008128	91603062490	3609517569	3609517569														9.68104269707e-13	1e-09	1.0	NONE							21.50432442362215	1.314897533254348	-0.0302291730094726	22.75876361085755	1.72924857628e-05	1.36252293907e-06	9.41835252089e-06	7.99132446871e-06	PASS
VCKSS-COMPARATIVE-SCALING-RESULT-V4	first	57	scale_strong_d2_n491520_c8_r3	e1514185445cab36f930c90a44c5a4e23326e027	fbed59bf26bd6cf641bec0946ff6d32cdfe992786852947c530678dd4c86a026	strong_d2	strong	2	491520	245760	6144	8	4	8	4	8	8	3	20260819	3	scc-mf8	Intel(R) Xeon(R) CPU E5-2650 v2 @ 2.60GHz	rust	PASS	0	0	0	21.225	24.79	137.05	1.174															0.027529391	0.242280842	0.266507905	0.216336404	0.082404738	0.0	19.517922512	20.352981792	1575825408	1575825408	1574055936	91603062490	19158595648	19158595648	11515716332	53871504	8	8	1e-10	1e-06	0.076943215	0.003549658	0.237811437	14.286602789	2.274467537	100939	99067	9.95265139934e-06	1e-05	294.0	CMG_FULL_V2							21.50431527167136	1.314896387070942	-0.0302172141410074	22.75877723046028	1.49870918839e-05	1.46686531754e-06	8.64744804679e-06	8.34685268291e-06	PASS
VCKSS-COMPARATIVE-SCALING-RESULT-V4	first	57	scale_strong_d2_n491520_c8_r3	e1514185445cab36f930c90a44c5a4e23326e027	fbed59bf26bd6cf641bec0946ff6d32cdfe992786852947c530678dd4c86a026	strong_d2	strong	2	491520	245760	6144	8	4	8	4	8	8	3	20260819	1	scc-mf8	Intel(R) Xeon(R) CPU E5-2650 v2 @ 2.60GHz	matlab	PASS	0	0	0	482.087431	874.82	3857.95	4.660586	210.896668	6.255997																					17917194240	17917194240	3074301952	91603062490																				True	222	222	2.4e-11	MAINTAINED_UPSTREAM_INTERNAL	MATLAB_TWISTER_SEED_PLUS_WORKER_INDEX	21.50435193616947	1.3149002284919038	-0.030219632537699444	22.758812899585976					PASS
VCKSS-COMPARATIVE-SCALING-RESULT-V4	first	58	scale_strong_d2_n491520_c16_r1	e1514185445cab36f930c90a44c5a4e23326e027	fbed59bf26bd6cf641bec0946ff6d32cdfe992786852947c530678dd4c86a026	strong_d2	strong	2	491520	245760	6144	16	4	4	4	16	16	1	104729	1	scc-kc1	Intel(R) Xeon(R) Gold 6426Y	mata	PASS	0	0	0	213.91	216.35	825.3000000000001	1.297			10.104	8.427	3.412	10.433	199.779	0.618	74.185	113.513	1.948	81.172	0.0	88.264									4398026752	4398026752	4457390080	182030377681	3609517550	3609517550														9.69037320738e-13	1e-09	1.0	NONE							21.50432320990993	1.314895471460015	-0.0302180896080032	22.75878250215394	1.78953541151e-05	1.50461491601e-06	9.38226914183e-06	8.2927443896e-06	PASS
VCKSS-COMPARATIVE-SCALING-RESULT-V4	first	58	scale_strong_d2_n491520_c16_r1	e1514185445cab36f930c90a44c5a4e23326e027	fbed59bf26bd6cf641bec0946ff6d32cdfe992786852947c530678dd4c86a026	strong_d2	strong	2	491520	245760	6144	16	4	16	4	16	16	1	104729	2	scc-kc1	Intel(R) Xeon(R) Gold 6426Y	rust	PASS	0	0	0	11.228	13.4	79.93	1.032															0.015444904	0.178227259	0.18562986	0.12783277	0.051510332	0.0	10.211533053	10.770178178	1813827584	1813827584	1811894272	182030377681	25247466764	25247466764	11538366649	72746768	16	16	1e-10	1e-06	0.04883776	0.002302089	0.132135092	7.029660523	1.549295848	102188	100313	9.97648110086e-06	1e-05	294.0	CMG_FULL_V2							21.50431055421662	1.314898630388499	-0.030212998212685	22.75878318817974	1.59440702244e-05	1.38395335466e-06	8.73527768599e-06	7.95721432034e-06	PASS
VCKSS-COMPARATIVE-SCALING-RESULT-V4	first	58	scale_strong_d2_n491520_c16_r1	e1514185445cab36f930c90a44c5a4e23326e027	fbed59bf26bd6cf641bec0946ff6d32cdfe992786852947c530678dd4c86a026	strong_d2	strong	2	491520	245760	6144	16	4	16	4	16	16	1	104729	3	scc-kc1	Intel(R) Xeon(R) Gold 6426Y	matlab	PASS	0	0	0	105.504587	387.92	1881.82	3.105904	124.129852	5.55062																					33759518720	33759518720	3637587968	182030377681																				True	222	222	2.4e-11	MAINTAINED_UPSTREAM_INTERNAL	MATLAB_TWISTER_SEED_PLUS_WORKER_INDEX	21.504339327548816	1.314897706503923	-0.03021109880403002	22.75881483644468					PASS
VCKSS-COMPARATIVE-SCALING-RESULT-V4	first	59	scale_strong_d2_n491520_c16_r2	e1514185445cab36f930c90a44c5a4e23326e027	fbed59bf26bd6cf641bec0946ff6d32cdfe992786852947c530678dd4c86a026	strong_d2	strong	2	491520	245760	6144	16	4	4	4	16	16	2	8675309	3	scc-gm2	Intel(R) Xeon(R) Gold 6242 CPU @ 2.80GHz	mata	PASS	0	0	0	340.55	344.43	1279.8999999999999	1.579			18.623	16.18	5.654	15.318	315.398	0.972	118.724	178.892	3.114	143.474	0.0	127.089									4364140544	4364140544	4466311168	180242597544	3609517605	3609517605														7.98306497727e-13	1e-09	1.0	NONE							21.50432002974566	1.314898496807229	-0.0302216150979468	22.75877529635699	1.4771294564e-05	1.23483496556e-06	8.06361844617e-06	7.74585299876e-06	PASS
VCKSS-COMPARATIVE-SCALING-RESULT-V4	first	59	scale_strong_d2_n491520_c16_r2	e1514185445cab36f930c90a44c5a4e23326e027	fbed59bf26bd6cf641bec0946ff6d32cdfe992786852947c530678dd4c86a026	strong_d2	strong	2	491520	245760	6144	16	4	16	4	16	16	2	8675309	1	scc-gm2	Intel(R) Xeon(R) Gold 6242 CPU @ 2.80GHz	rust	PASS	0	0	0	11.561	14.38	119.18	1.374															0.023369467	0.217590323	0.237901894	0.18518483	0.07186123	0.0	10.183426104	10.919333848	1572626432	1572626432	1570758656	180242597544	25247466764	25247466764	11538366649	72746768	16	16	1e-10	1e-06	0.064519515	0.007677563	0.223432225	6.673651091	1.410450014	101421	99555	9.986018003e-06	1e-05	294.0	CMG_FULL_V2							21.50430599980958	1.314897871947791	-0.0302168035653272	22.75877026462672	1.53345166379e-05	1.34239715363e-06	8.02515174445e-06	7.09132153981e-06	PASS
VCKSS-COMPARATIVE-SCALING-RESULT-V4	first	59	scale_strong_d2_n491520_c16_r2	e1514185445cab36f930c90a44c5a4e23326e027	fbed59bf26bd6cf641bec0946ff6d32cdfe992786852947c530678dd4c86a026	strong_d2	strong	2	491520	245760	6144	16	4	16	4	16	16	2	8675309	2	scc-gm2	Intel(R) Xeon(R) Gold 6242 CPU @ 2.80GHz	matlab	PASS	0	0	0	126.497041	500.55	2307.65	3.4966	195.91677	5.342853																					33859321856	33859321856	3682828288	180242597544																				True	222	222	2.4e-11	MAINTAINED_UPSTREAM_INTERNAL	MATLAB_TWISTER_SEED_PLUS_WORKER_INDEX	21.504365412006663	1.314900372805459	-0.03022237286372623	22.75882103908467					PASS
VCKSS-COMPARATIVE-SCALING-RESULT-V4	first	60	scale_strong_d2_n491520_c16_r3	e1514185445cab36f930c90a44c5a4e23326e027	fbed59bf26bd6cf641bec0946ff6d32cdfe992786852947c530678dd4c86a026	strong_d2	strong	2	491520	245760	6144	16	4	4	4	16	16	3	20260819	2	scc-h32	INTEL(R) XEON(R) GOLD 6526Y	mata	PASS	0	0	0	211.403	215.82	812.88	2.561			9.671999999999999	8.146	3.226	9.932	197.693	0.673	72.935	113.211	1.984	78.015	0.0	88.83699999999999									4357492736	4357492736	4582821888	179921548739	3609517592	3609517592														9.68104269707e-13	1e-09	1.0	NONE							21.50432442362215	1.314897533254348	-0.0302291730094726	22.75876361085755	1.72924857628e-05	1.36252293907e-06	9.41835252089e-06	7.99132446871e-06	PASS
VCKSS-COMPARATIVE-SCALING-RESULT-V4	first	60	scale_strong_d2_n491520_c16_r3	e1514185445cab36f930c90a44c5a4e23326e027	fbed59bf26bd6cf641bec0946ff6d32cdfe992786852947c530678dd4c86a026	strong_d2	strong	2	491520	245760	6144	16	4	16	4	16	16	3	20260819	3	scc-h32	INTEL(R) XEON(R) GOLD 6526Y	rust	PASS	0	0	0	6.809	8.92	70.22	0.87															0.014605859	0.166308494	0.149633445	0.122797774	0.048899251	0.0	5.893697731	6.395942554	1632378880	1632378880	1630515200	179921548739	25247466764	25247466764	11538366649	72746768	16	16	1e-10	1e-06	0.045587628	0.002296907	0.090050594	3.999952672	0.637806733	100939	99067	9.95265139934e-06	1e-05	294.0	CMG_FULL_V2							21.50431527167136	1.314896387070942	-0.0302172141410074	22.75877723046028	1.49870918839e-05	1.46686531754e-06	8.64744804679e-06	8.34685268291e-06	PASS
VCKSS-COMPARATIVE-SCALING-RESULT-V4	first	60	scale_strong_d2_n491520_c16_r3	e1514185445cab36f930c90a44c5a4e23326e027	fbed59bf26bd6cf641bec0946ff6d32cdfe992786852947c530678dd4c86a026	strong_d2	strong	2	491520	245760	6144	16	4	16	4	16	16	3	20260819	1	scc-h32	INTEL(R) XEON(R) GOLD 6526Y	matlab	PASS	0	0	0	91.377129	591.74	1589.0900000000001	4.94022	118.726423	4.477985																					34109800448	34109800448	3575062528	179921548739																				True	222	222	2.4e-11	MAINTAINED_UPSTREAM_INTERNAL	MATLAB_TWISTER_SEED_PLUS_WORKER_INDEX	21.504356626393268	1.3148973812922795	-0.03021666256298238	22.758820682559584					PASS
VCKSS-COMPARATIVE-SCALING-RESULT-V4	first	64	scale_strong_d2_n1966080_c2_r1	e1514185445cab36f930c90a44c5a4e23326e027	fbed59bf26bd6cf641bec0946ff6d32cdfe992786852947c530678dd4c86a026	strong_d2	strong	2	1966080	983040	24576	2	2	2	2	2	2	1	104729	1	scc-h32	INTEL(R) XEON(R) GOLD 6526Y	mata	PASS	0	0	0	2958.14	2965.95	5700.31	4.032			40.276	33.21	14.336	12.017	2901.795	13.233	995.748	1876.583	9.802999999999999	324.4589999999999	947.5680000000001	2466.694									15851065344	15851065344	15854333952	31712964772	9364169240	9364169240														9.98241402827e-11	1e-09	59.0	NONE							21.50086703739591	1.312146921883663	0.0012355651719528	22.81548508962347	1.5277000372e-05	5.06175239552e-06	8.74633204122e-06	3.78672650831e-06	PASS
VCKSS-COMPARATIVE-SCALING-RESULT-V4	first	64	scale_strong_d2_n1966080_c2_r1	e1514185445cab36f930c90a44c5a4e23326e027	fbed59bf26bd6cf641bec0946ff6d32cdfe992786852947c530678dd4c86a026	strong_d2	strong	2	1966080	983040	24576	2	2	2	2	2	2	1	104729	2	scc-h32	INTEL(R) XEON(R) GOLD 6526Y	rust	PASS	0	0	0	1237.313	1245.47	2353.57	4.148															0.06152748	0.743268278	0.895599688	0.527178858	0.213361823	0.0	1233.382377981	1235.823314108	6848196608	6848196608	6848352256	31712964772	56555823577	56555823577	44182967852	158859504	2	2	1e-10	1e-06	0.194703245	0.006521498	1.905423793	1191.335723605	26.383712588	1319096	1305547	9.97895463207e-06	1e-05	4399.0	CMG_FULL_V2							21.5008421693205	1.312154728301805	0.0012438609157404	22.81548461945379	1.54095674026e-05	4.00362770327e-06	8.53947843093e-06	4.29393832282e-06	PASS
VCKSS-COMPARATIVE-SCALING-RESULT-V4	first	64	scale_strong_d2_n1966080_c2_r1	e1514185445cab36f930c90a44c5a4e23326e027	fbed59bf26bd6cf641bec0946ff6d32cdfe992786852947c530678dd4c86a026	strong_d2	strong	2	1966080	983040	24576	2	2	2	2	2	2	1	104729	3	scc-h32	INTEL(R) XEON(R) GOLD 6526Y	matlab	PASS	0	0	0	3493.057473	3729.0	6890.33	4.28598	59.346342	4.048948																					8238616576	8238616576	3736600576	31712964772																				True	570	570	9.7e-11	MAINTAINED_UPSTREAM_INTERNAL	MATLAB_TWISTER_SEED_PLUS_WORKER_INDEX	21.500938376684704	1.3122262611927829	0.0011647878392784562	22.815494213556047					PASS
VCKSS-COMPARATIVE-SCALING-RESULT-V4	first	65	scale_strong_d2_n1966080_c2_r2	e1514185445cab36f930c90a44c5a4e23326e027	fbed59bf26bd6cf641bec0946ff6d32cdfe992786852947c530678dd4c86a026	strong_d2	strong	2	1966080	983040	24576	2	2	2	2	2	2	2	8675309	3	scc-mb8	Intel(R) Xeon(R) CPU E5-2650 v2 @ 2.60GHz	mata	PASS	0	0	0	5396.715	5410.0	9774.83	4.581			99.16	88.411	31.397	28.287	5263.284	21.383	1832.799	3373.163	17.841	826.6089999999999	1640.776	4255.04									16257437696	16257437696	16255537152	32301375292	9364169283	9364169283														9.98585477258e-11	1e-09	59.0	NONE							21.50086934224652	1.312151498296428	0.0012393226106107	22.81549948576417	1.51223915033e-05	4.10638981883e-06	8.81663955016e-06	4.06145074159e-06	PASS
VCKSS-COMPARATIVE-SCALING-RESULT-V4	first	65	scale_strong_d2_n1966080_c2_r2	e1514185445cab36f930c90a44c5a4e23326e027	fbed59bf26bd6cf641bec0946ff6d32cdfe992786852947c530678dd4c86a026	strong_d2	strong	2	1966080	983040	24576	2	2	2	2	2	2	2	8675309	1	scc-mb8	Intel(R) Xeon(R) CPU E5-2650 v2 @ 2.60GHz	rust	PASS	0	0	0	2369.184	2384.96	4454.38	6.841															0.100793745	1.049011998	1.190475203	0.922921516	0.337874723	0.0	2362.46331453	2366.064391715	6488002560	6488002560	6496903168	32301375292	56555823577	56555823577	44182967852	158859504	2	2	1e-10	1e-06	0.334079899	0.011533857	2.754688827	2292.981072416	41.706780545	1310112	1296615	9.99373022661e-06	1e-05	4399.0	CMG_FULL_V2							21.50085909968602	1.312152912833336	0.0012390822891224	22.81549017709761	1.54140766438e-05	4.15307691382e-06	9.16315422144e-06	4.41411999992e-06	PASS
VCKSS-COMPARATIVE-SCALING-RESULT-V4	first	65	scale_strong_d2_n1966080_c2_r2	e1514185445cab36f930c90a44c5a4e23326e027	fbed59bf26bd6cf641bec0946ff6d32cdfe992786852947c530678dd4c86a026	strong_d2	strong	2	1966080	983040	24576	2	2	2	2	2	2	2	8675309	2	scc-mb8	Intel(R) Xeon(R) CPU E5-2650 v2 @ 2.60GHz	matlab	PASS	0	0	0	6992.469159	7279.0	13824.710000000001	9.531803	80.933831	5.237256																					8096780288	8096780288	3542970368	32301375292																				True	570	570	9.7e-11	MAINTAINED_UPSTREAM_INTERNAL	MATLAB_TWISTER_SEED_PLUS_WORKER_INDEX	21.500939854027624	1.312228670375731	0.0011641291287898445	22.815496782660937					PASS
VCKSS-COMPARATIVE-SCALING-RESULT-V4	first	66	scale_strong_d2_n1966080_c2_r3	e1514185445cab36f930c90a44c5a4e23326e027	fbed59bf26bd6cf641bec0946ff6d32cdfe992786852947c530678dd4c86a026	strong_d2	strong	2	1966080	983040	24576	2	2	2	2	2	2	3	20260819	2	scc-kc1	Intel(R) Xeon(R) Gold 6426Y	mata	PASS	0	0	0	2815.117	2823.84	5435.66	4.235			43.737	35.837	16.458	13.38	2752.953	13.065	957.362	1763.938	9.393	325.32	849.42	2319.469									16240869376	16240869376	16240803840	32358283609	9364169276	9364169276														9.99675971855e-11	1e-09	59.0	NONE							21.50084930764681	1.312145080806766	0.0012464589152286	22.81548730628403	1.8239360797e-05	4.67410506474e-06	1.03374944004e-05	3.99154564446e-06	PASS
VCKSS-COMPARATIVE-SCALING-RESULT-V4	first	66	scale_strong_d2_n1966080_c2_r3	e1514185445cab36f930c90a44c5a4e23326e027	fbed59bf26bd6cf641bec0946ff6d32cdfe992786852947c530678dd4c86a026	strong_d2	strong	2	1966080	983040	24576	2	2	2	2	2	2	3	20260819	3	scc-kc1	Intel(R) Xeon(R) Gold 6426Y	rust	PASS	0	0	0	1478.345	1486.57	2773.16	3.9															0.057990241	0.721516124	0.876334252	0.511273375	0.198044072	0.0	1474.459728595	1476.824886659	6409150464	6409150464	6456565760	32358283609	56555823577	56555823577	44182967852	158859504	2	2	1e-10	1e-06	0.199076415	0.006461798	1.797410503	1433.067068061	26.381720224	1317502	1303931	9.94816466616e-06	1e-05	4399.0	CMG_FULL_V2							21.50087541187495	1.312151523994787	0.0012305421453642	22.81548802016047	1.52772608931e-05	4.28744169846e-06	8.49948068859e-06	4.18803137588e-06	PASS
VCKSS-COMPARATIVE-SCALING-RESULT-V4	first	66	scale_strong_d2_n1966080_c2_r3	e1514185445cab36f930c90a44c5a4e23326e027	fbed59bf26bd6cf641bec0946ff6d32cdfe992786852947c530678dd4c86a026	strong_d2	strong	2	1966080	983040	24576	2	2	2	2	2	2	3	20260819	1	scc-kc1	Intel(R) Xeon(R) Gold 6426Y	matlab	PASS	0	0	0	3450.551761	3670.0	6775.5	4.314231	81.408833	4.755956																					8329420800	8329420800	3796033536	32358283609																				True	570	570	9.7e-11	MAINTAINED_UPSTREAM_INTERNAL	MATLAB_TWISTER_SEED_PLUS_WORKER_INDEX	21.500938142923232	1.3122264838052198	0.001166945840648346	22.815498518409747					PASS
VCKSS-COMPARATIVE-SCALING-RESULT-V4	first	67	scale_strong_d2_n1966080_c4_r1	e1514185445cab36f930c90a44c5a4e23326e027	fbed59bf26bd6cf641bec0946ff6d32cdfe992786852947c530678dd4c86a026	strong_d2	strong	2	1966080	983040	24576	4	4	4	4	4	4	1	104729	1	scc-ke1	Intel(R) Xeon(R) Gold 6426Y	mata	PASS	0	0	0	2529.582	2537.09	9390.42	3.385			43.282	36.282	16.726	13.704	2467.508	13.682	877.758	1557.13	8.074	330.2630000000001	735.2950000000001	2029.622									16365903872	16365903872	16367509504	52922587022	9364169253	9364169253														9.98246762653e-11	1e-09	59.0	NONE							21.50086703739591	1.312146921883663	0.0012355651719529	22.81548508962347	1.5277000372e-05	5.06175239552e-06	8.74633204122e-06	3.78672650831e-06	PASS
VCKSS-COMPARATIVE-SCALING-RESULT-V4	first	67	scale_strong_d2_n1966080_c4_r1	e1514185445cab36f930c90a44c5a4e23326e027	fbed59bf26bd6cf641bec0946ff6d32cdfe992786852947c530678dd4c86a026	strong_d2	strong	2	1966080	983040	24576	4	4	4	4	4	4	1	104729	2	scc-ke1	Intel(R) Xeon(R) Gold 6426Y	rust	PASS	0	0	0	869.277	876.21	3005.87	3.056															0.060768566	0.748372014	0.910388722	0.538948747	0.214121626	0.0	865.539600606	868.012200281	6092791808	6092791808	6169436160	52922587022	62644694694	62644694694	44205617363	177734096	4	4	1e-10	1e-06	0.211207654	0.006240623	1.039709616	840.168397363	15.630694648	1319096	1305547	9.97895463207e-06	1e-05	4399.0	CMG_FULL_V2							21.5008421693205	1.312154728301805	0.0012438609157404	22.81548461945379	1.54095674026e-05	4.00362770327e-06	8.53947843093e-06	4.29393832282e-06	PASS
VCKSS-COMPARATIVE-SCALING-RESULT-V4	first	67	scale_strong_d2_n1966080_c4_r1	e1514185445cab36f930c90a44c5a4e23326e027	fbed59bf26bd6cf641bec0946ff6d32cdfe992786852947c530678dd4c86a026	strong_d2	strong	2	1966080	983040	24576	4	4	4	4	4	4	1	104729	3	scc-ke1	Intel(R) Xeon(R) Gold 6426Y	matlab	PASS	0	0	0	2163.210466	2601.97	8325.82	4.029917	131.521982	4.570592																					13027565568	13027565568	3783716864	52922587022																				True	570	570	9.7e-11	MAINTAINED_UPSTREAM_INTERNAL	MATLAB_TWISTER_SEED_PLUS_WORKER_INDEX	21.50093103689142	1.3122228308083617	0.0011715522741692862	22.81549697224812					PASS
VCKSS-COMPARATIVE-SCALING-RESULT-V4	first	68	scale_strong_d2_n1966080_c4_r2	e1514185445cab36f930c90a44c5a4e23326e027	fbed59bf26bd6cf641bec0946ff6d32cdfe992786852947c530678dd4c86a026	strong_d2	strong	2	1966080	983040	24576	4	4	4	4	4	4	2	8675309	3	scc-na4	Intel(R) Xeon(R) CPU E5-2650 v2 @ 2.60GHz	mata	PASS	0	0	0	4678.742	4691.0	15616.259999999998	3.697			98.426	88.312	31.48	28.462	4545.914	20.524	1605.229	2883.996	15.485	829.8039999999999	1301.164	3549.284									16216596480	16216596480	16214622208	53349936268	9364169245	9364169245														9.98601915377e-11	1e-09	59.0	NONE							21.50086934224652	1.312151498296428	0.0012393226106109	22.81549948576417	1.51223915033e-05	4.10638981883e-06	8.81663955016e-06	4.06145074159e-06	PASS
VCKSS-COMPARATIVE-SCALING-RESULT-V4	first	68	scale_strong_d2_n1966080_c4_r2	e1514185445cab36f930c90a44c5a4e23326e027	fbed59bf26bd6cf641bec0946ff6d32cdfe992786852947c530678dd4c86a026	strong_d2	strong	2	1966080	983040	24576	4	4	4	4	4	4	2	8675309	1	scc-na4	Intel(R) Xeon(R) CPU E5-2650 v2 @ 2.60GHz	rust	PASS	0	0	0	1456.188	1470.65	5007.79	5.74															0.099426507	1.05224816	1.179411807	0.92161743	0.345691782	0.0	1450.178576576	1453.776972262	5951049728	5951049728	5971705856	53349936268	62644694694	62644694694	44205617363	177734096	4	4	1e-10	1e-06	0.333661162	0.011328978	1.675057853	1409.094574253	23.506587328	1310112	1296615	9.99373022661e-06	1e-05	4399.0	CMG_FULL_V2							21.50085909968602	1.312152912833336	0.0012390822891224	22.81549017709761	1.54140766438e-05	4.15307691382e-06	9.16315422144e-06	4.41411999992e-06	PASS
VCKSS-COMPARATIVE-SCALING-RESULT-V4	first	68	scale_strong_d2_n1966080_c4_r2	e1514185445cab36f930c90a44c5a4e23326e027	fbed59bf26bd6cf641bec0946ff6d32cdfe992786852947c530678dd4c86a026	strong_d2	strong	2	1966080	983040	24576	4	4	4	4	4	4	2	8675309	2	scc-na4	Intel(R) Xeon(R) CPU E5-2650 v2 @ 2.60GHz	matlab	PASS	0	0	0	4646.740043	4977.0	18013.16	9.848769	115.56197	7.111654																					13149380608	13149380608	3755687936	53349936268																				True	570	570	9.7e-11	MAINTAINED_UPSTREAM_INTERNAL	MATLAB_TWISTER_SEED_PLUS_WORKER_INDEX	21.50093400022415	1.3122278103018665	0.0011684426737932326	22.8154986958736					PASS
VCKSS-COMPARATIVE-SCALING-RESULT-V4	first	69	scale_strong_d2_n1966080_c4_r3	e1514185445cab36f930c90a44c5a4e23326e027	fbed59bf26bd6cf641bec0946ff6d32cdfe992786852947c530678dd4c86a026	strong_d2	strong	2	1966080	983040	24576	4	4	4	4	4	4	3	20260819	2	scc-tg4	Intel(R) Xeon(R) CPU E5-2660 v3 @ 2.60GHz	mata	PASS	0	0	0	4373.06	4387.0	14717.32	5.311			90.358	79.005	29.805	26.681	4249.732	19.278	1501.551	2693.675	14.639	774.6560000000001	1217.662	3308.209									15910477824	15910477824	15908564992	53652731462	9364169288	9364169288														9.99669936943e-11	1e-09	59.0	NONE							21.50084930764681	1.312145080806766	0.0012464589152288	22.81548730628403	1.8239360797e-05	4.67410506473e-06	1.03374944004e-05	3.99154564446e-06	PASS
VCKSS-COMPARATIVE-SCALING-RESULT-V4	first	69	scale_strong_d2_n1966080_c4_r3	e1514185445cab36f930c90a44c5a4e23326e027	fbed59bf26bd6cf641bec0946ff6d32cdfe992786852947c530678dd4c86a026	strong_d2	strong	2	1966080	983040	24576	4	4	4	4	4	4	3	20260819	3	scc-tg4	Intel(R) Xeon(R) CPU E5-2660 v3 @ 2.60GHz	rust	PASS	0	0	0	1683.601	1697.22	5592.31	5.293															0.107898231	1.708569677	1.445867454	1.021131861	0.344358698	0.0	1675.68531463	1680.313140551	5789659136	5789659136	5817266176	53652731462	62644694694	62644694694	44205617363	177734096	4	4	1e-10	1e-06	0.421007838	0.010998084	2.04094122	1615.276040792	37.609287352	1317502	1303931	9.94816466616e-06	1e-05	4399.0	CMG_FULL_V2							21.50087541187495	1.312151523994787	0.0012305421453642	22.81548802016047	1.52772608931e-05	4.28744169846e-06	8.49948068859e-06	4.18803137588e-06	PASS
VCKSS-COMPARATIVE-SCALING-RESULT-V4	first	69	scale_strong_d2_n1966080_c4_r3	e1514185445cab36f930c90a44c5a4e23326e027	fbed59bf26bd6cf641bec0946ff6d32cdfe992786852947c530678dd4c86a026	strong_d2	strong	2	1966080	983040	24576	4	4	4	4	4	4	3	20260819	1	scc-tg4	Intel(R) Xeon(R) CPU E5-2660 v3 @ 2.60GHz	matlab	PASS	0	0	0	3241.494719	3558.56	12782.89	6.635094	71.058495	5.99862																					13101797376	13101797376	3756089344	53652731462																				True	570	570	9.7e-11	MAINTAINED_UPSTREAM_INTERNAL	MATLAB_TWISTER_SEED_PLUS_WORKER_INDEX	21.500940553641705	1.3122272287558492	0.0011675023294028858	22.81550278705636					PASS
VCKSS-COMPARATIVE-SCALING-RESULT-V4	first	70	scale_strong_d2_n1966080_c8_r1	e1514185445cab36f930c90a44c5a4e23326e027	fbed59bf26bd6cf641bec0946ff6d32cdfe992786852947c530678dd4c86a026	strong_d2	strong	2	1966080	983040	24576	8	4	4	4	8	8	1	104729	1	scc-nd7	Intel(R) Xeon(R) CPU E5-2650 v2 @ 2.60GHz	mata	PASS	0	0	0	4618.935	4631.0	15362.03	3.825			98.125	88.427	31.347	28.089	4486.517	20.587	1584.986	2845.203	15.565	823.91	1281.685	3497.821									16142061568	16142061568	16140304384	96394098508	9364169247	9364169247														9.98246762653e-11	1e-09	59.0	NONE							21.50086703739591	1.312146921883663	0.0012355651719529	22.81548508962347	1.5277000372e-05	5.06175239552e-06	8.74633204122e-06	3.78672650831e-06	PASS
VCKSS-COMPARATIVE-SCALING-RESULT-V4	first	70	scale_strong_d2_n1966080_c8_r1	e1514185445cab36f930c90a44c5a4e23326e027	fbed59bf26bd6cf641bec0946ff6d32cdfe992786852947c530678dd4c86a026	strong_d2	strong	2	1966080	983040	24576	8	4	8	4	8	8	1	104729	2	scc-nd7	Intel(R) Xeon(R) CPU E5-2650 v2 @ 2.60GHz	rust	PASS	0	0	0	774.313	786.13	5048.9400000000005	2.97															0.09888712	1.038988972	1.151287802	0.936491024	0.337726884	0.0	768.328712064	771.892093866	5929054208	5929054208	5943476224	96394098508	74822436928	74822436928	44250916384	215483280	8	8	1e-10	1e-06	0.329649152	0.011292156	1.077325987	742.552361841	13.422837078	1319096	1305547	9.97895463207e-06	1e-05	4399.0	CMG_FULL_V2							21.5008421693205	1.312154728301805	0.0012438609157404	22.81548461945379	1.54095674026e-05	4.00362770327e-06	8.53947843093e-06	4.29393832282e-06	PASS
VCKSS-COMPARATIVE-SCALING-RESULT-V4	first	70	scale_strong_d2_n1966080_c8_r1	e1514185445cab36f930c90a44c5a4e23326e027	fbed59bf26bd6cf641bec0946ff6d32cdfe992786852947c530678dd4c86a026	strong_d2	strong	2	1966080	983040	24576	8	4	8	4	8	8	1	104729	3	scc-nd7	Intel(R) Xeon(R) CPU E5-2650 v2 @ 2.60GHz	matlab	PASS	0	0	0	3157.965086	3264.24	24014.9	5.585094	41.010683	5.995081																					22800642048	22800642048	4376788992	96394098508																				True	570	570	9.7e-11	MAINTAINED_UPSTREAM_INTERNAL	MATLAB_TWISTER_SEED_PLUS_WORKER_INDEX	21.500934648060888	1.3122177622583306	0.0011732663483331315	22.815498943015886					PASS
VCKSS-COMPARATIVE-SCALING-RESULT-V4	first	71	scale_strong_d2_n1966080_c8_r2	e1514185445cab36f930c90a44c5a4e23326e027	fbed59bf26bd6cf641bec0946ff6d32cdfe992786852947c530678dd4c86a026	strong_d2	strong	2	1966080	983040	24576	8	4	4	4	8	8	2	8675309	3	scc-eb2	Intel(R) Xeon(R) Gold 6242 CPU @ 2.80GHz	mata	PASS	0	0	0	3959.006	3969.0	13566.62	4.53			82.611	72.331	28.613	24.522	3844.947	18.884	1349.504	2443.201	12.111	595.7839999999999	1143.974	3095.096									16156569600	16156569600	16158289920	95278480753	9364169260	9364169260														9.98601915377e-11	1e-09	59.0	NONE							21.50086934224652	1.312151498296428	0.0012393226106109	22.81549948576417	1.51223915033e-05	4.10638981883e-06	8.81663955016e-06	4.06145074159e-06	PASS
VCKSS-COMPARATIVE-SCALING-RESULT-V4	first	71	scale_strong_d2_n1966080_c8_r2	e1514185445cab36f930c90a44c5a4e23326e027	fbed59bf26bd6cf641bec0946ff6d32cdfe992786852947c530678dd4c86a026	strong_d2	strong	2	1966080	983040	24576	8	4	8	4	8	8	2	8675309	1	scc-eb2	Intel(R) Xeon(R) Gold 6242 CPU @ 2.80GHz	rust	PASS	0	0	0	744.176	753.94	4564.17	4.38															0.091458854	1.004518319	1.178563524	0.849243338	0.317417242	0.0	738.658632086	742.099833363	5859024896	5859024896	5888548864	95278480753	74822436928	74822436928	44250916384	215483280	8	8	1e-10	1e-06	0.325811727	0.019004792	1.306156555	710.131595255	16.901654012	1310112	1296615	9.99373022661e-06	1e-05	4399.0	CMG_FULL_V2							21.50085909968602	1.312152912833336	0.0012390822891224	22.81549017709761	1.54140766438e-05	4.15307691382e-06	9.16315422144e-06	4.41411999992e-06	PASS
VCKSS-COMPARATIVE-SCALING-RESULT-V4	first	71	scale_strong_d2_n1966080_c8_r2	e1514185445cab36f930c90a44c5a4e23326e027	fbed59bf26bd6cf641bec0946ff6d32cdfe992786852947c530678dd4c86a026	strong_d2	strong	2	1966080	983040	24576	8	4	8	4	8	8	2	8675309	2	scc-eb2	Intel(R) Xeon(R) Gold 6242 CPU @ 2.80GHz	matlab	PASS	0	0	0	1924.957594	2532.86	14404.12	6.918952	259.376998	6.054844																					22412472320	22412472320	4289662976	95278480753																				True	570	570	9.7e-11	MAINTAINED_UPSTREAM_INTERNAL	MATLAB_TWISTER_SEED_PLUS_WORKER_INDEX	21.50093336704815	1.3122249252025424	0.0011706489092277819	22.815499590069148					PASS
VCKSS-COMPARATIVE-SCALING-RESULT-V4	first	72	scale_strong_d2_n1966080_c8_r3	e1514185445cab36f930c90a44c5a4e23326e027	fbed59bf26bd6cf641bec0946ff6d32cdfe992786852947c530678dd4c86a026	strong_d2	strong	2	1966080	983040	24576	8	4	4	4	8	8	3	20260819	2	scc-mb5	Intel(R) Xeon(R) CPU E5-2650 v2 @ 2.60GHz	mata	PASS	0	0	0	4686.235	4700.0	15585.49	5.826			98.835	88.998	31.559	28.897	4552.533	20.807	1603.075	2892.048	15.615	831.289	1296.047	3554.412									16405483520	16405483520	16408784896	96069828477	9364169280	9364169280														9.99669936943e-11	1e-09	59.0	NONE							21.50084930764681	1.312145080806766	0.0012464589152288	22.81548730628403	1.8239360797e-05	4.67410506473e-06	1.03374944004e-05	3.99154564446e-06	PASS
VCKSS-COMPARATIVE-SCALING-RESULT-V4	first	72	scale_strong_d2_n1966080_c8_r3	e1514185445cab36f930c90a44c5a4e23326e027	fbed59bf26bd6cf641bec0946ff6d32cdfe992786852947c530678dd4c86a026	strong_d2	strong	2	1966080	983040	24576	8	4	8	4	8	8	3	20260819	3	scc-mb5	Intel(R) Xeon(R) CPU E5-2650 v2 @ 2.60GHz	rust	PASS	0	0	0	777.436	789.51	5045.86	3.007															0.099746287	1.046165871	1.307321006	0.936618069	0.332575607	0.0	771.276120426	774.998547266	6005284864	6005284864	6051655680	96069828477	74822436928	74822436928	44250916384	215483280	8	8	1e-10	1e-06	0.330205321	0.011533435	1.113983333	744.855258124	13.859004506	1317502	1303931	9.94816466616e-06	1e-05	4399.0	CMG_FULL_V2							21.50087541187495	1.312151523994787	0.0012305421453642	22.81548802016047	1.52772608931e-05	4.28744169846e-06	8.49948068859e-06	4.18803137588e-06	PASS
VCKSS-COMPARATIVE-SCALING-RESULT-V4	first	72	scale_strong_d2_n1966080_c8_r3	e1514185445cab36f930c90a44c5a4e23326e027	fbed59bf26bd6cf641bec0946ff6d32cdfe992786852947c530678dd4c86a026	strong_d2	strong	2	1966080	983040	24576	8	4	8	4	8	8	3	20260819	1	scc-mb5	Intel(R) Xeon(R) CPU E5-2650 v2 @ 2.60GHz	matlab	PASS	0	0	0	3427.089638	3658.0	26279.239999999998	9.534234	103.228605	6.700289																					22440153088	22440153088	4421427200	96069828477																				True	570	570	9.7e-11	MAINTAINED_UPSTREAM_INTERNAL	MATLAB_TWISTER_SEED_PLUS_WORKER_INDEX	21.500936455915323	1.3122252537416592	0.001170715973911057	22.815503141604804					PASS
VCKSS-COMPARATIVE-SCALING-RESULT-V4	first	73	scale_strong_d2_n1966080_c16_r1	e1514185445cab36f930c90a44c5a4e23326e027	fbed59bf26bd6cf641bec0946ff6d32cdfe992786852947c530678dd4c86a026	strong_d2	strong	2	1966080	983040	24576	16	4	4	4	16	16	1	104729	1	scc-mc6	Intel(R) Xeon(R) CPU E5-2650 v2 @ 2.60GHz	mata	PASS	0	0	0	4631.967	4644.0	15401.29	3.984			97.752	88.038	31.418	28.355	4499.967	20.587	1588.58	2854.825	15.543	831.0909999999999	1282.143	3503.879									15582187520	15582187520	15580311552	185298847794	9364169274	9364169274														9.98246762653e-11	1e-09	59.0	NONE							21.50086703739591	1.312146921883663	0.0012355651719529	22.81548508962347	1.5277000372e-05	5.06175239552e-06	8.74633204122e-06	3.78672650831e-06	PASS
VCKSS-COMPARATIVE-SCALING-RESULT-V4	first	73	scale_strong_d2_n1966080_c16_r1	e1514185445cab36f930c90a44c5a4e23326e027	fbed59bf26bd6cf641bec0946ff6d32cdfe992786852947c530678dd4c86a026	strong_d2	strong	2	1966080	983040	24576	16	4	16	4	16	16	1	104729	2	scc-mc6	Intel(R) Xeon(R) CPU E5-2650 v2 @ 2.60GHz	rust	PASS	0	0	0	433.482	446.31	5078.24	3.966															0.09867112	1.040719847	1.139957322	0.908918767	0.334282981	0.0	427.616285634	431.138835671	5838614528	5838614528	5844598784	185298847794	99177921395	99177921395	44341514425	290981648	16	16	1e-10	1e-06	0.331874982	0.011747594	0.871176678	407.808502548	9.338467361	1319096	1305547	9.97895463207e-06	1e-05	4399.0	CMG_FULL_V2							21.5008421693205	1.312154728301805	0.0012438609157404	22.81548461945379	1.54095674026e-05	4.00362770327e-06	8.53947843093e-06	4.29393832282e-06	PASS
VCKSS-COMPARATIVE-SCALING-RESULT-V4	first	73	scale_strong_d2_n1966080_c16_r1	e1514185445cab36f930c90a44c5a4e23326e027	fbed59bf26bd6cf641bec0946ff6d32cdfe992786852947c530678dd4c86a026	strong_d2	strong	2	1966080	983040	24576	16	4	16	4	16	16	1	104729	3	scc-mc6	Intel(R) Xeon(R) CPU E5-2650 v2 @ 2.60GHz	matlab	PASS	0	0	0	1691.496196	2026.78	23995.399999999998	6.171134	212.876005	6.637973																					41102700544	41102700544	4522147840	185298847794																				True	570	570	9.7e-11	MAINTAINED_UPSTREAM_INTERNAL	MATLAB_TWISTER_SEED_PLUS_WORKER_INDEX	21.500936029573154	1.3122201214138252	0.0011710696878241367	22.81549829036263					PASS
VCKSS-COMPARATIVE-SCALING-RESULT-V4	first	74	scale_strong_d2_n1966080_c16_r2	e1514185445cab36f930c90a44c5a4e23326e027	fbed59bf26bd6cf641bec0946ff6d32cdfe992786852947c530678dd4c86a026	strong_d2	strong	2	1966080	983040	24576	16	4	4	4	16	16	2	8675309	3	scc-te1	Intel(R) Xeon(R) CPU E5-2660 v3 @ 2.60GHz	mata	PASS	0	0	0	4561.679	4577.0	15411.009999999998	5.202			92.693	80.779	31.518	27.148	4433.995	19.341	1556.235	2822.04	14.605	772.775	1244.058	3491.073									16210796544	16210796544	16208883712	186441309094	9364169285	9364169285														9.98601915377e-11	1e-09	59.0	NONE							21.50086934224652	1.312151498296428	0.0012393226106109	22.81549948576417	1.51223915033e-05	4.10638981883e-06	8.81663955016e-06	4.06145074159e-06	PASS
VCKSS-COMPARATIVE-SCALING-RESULT-V4	first	74	scale_strong_d2_n1966080_c16_r2	e1514185445cab36f930c90a44c5a4e23326e027	fbed59bf26bd6cf641bec0946ff6d32cdfe992786852947c530678dd4c86a026	strong_d2	strong	2	1966080	983040	24576	16	4	16	4	16	16	2	8675309	1	scc-te1	Intel(R) Xeon(R) CPU E5-2660 v3 @ 2.60GHz	rust	PASS	0	0	0	557.69	572.77	6321.9	5.851															0.098370157	1.07891852	1.339320689	0.975954366	0.361209137	0.0	550.740637714	554.594410583	5765603328	5765603328	5766959104	186441309094	99177921395	99177921395	44341514425	290981648	16	16	1e-10	1e-06	0.479370888	0.012726203	1.283539339	516.727780261	16.162970084	1310112	1296615	9.99373022661e-06	1e-05	4399.0	CMG_FULL_V2							21.50085909968602	1.312152912833336	0.0012390822891224	22.81549017709761	1.54140766438e-05	4.15307691382e-06	9.16315422144e-06	4.41411999992e-06	PASS
VCKSS-COMPARATIVE-SCALING-RESULT-V4	first	74	scale_strong_d2_n1966080_c16_r2	e1514185445cab36f930c90a44c5a4e23326e027	fbed59bf26bd6cf641bec0946ff6d32cdfe992786852947c530678dd4c86a026	strong_d2	strong	2	1966080	983040	24576	16	4	16	4	16	16	2	8675309	2	scc-te1	Intel(R) Xeon(R) CPU E5-2660 v3 @ 2.60GHz	matlab	PASS	0	0	0	1700.726595	2322.53	24970.03	7.326907	271.507587	7.126255																					40631590912	40631590912	4442832896	186441309094																				True	570	570	9.7e-11	MAINTAINED_UPSTREAM_INTERNAL	MATLAB_TWISTER_SEED_PLUS_WORKER_INDEX	21.500934971141657	1.3122263975835324	0.001168146668937807	22.815497662063066					PASS
VCKSS-COMPARATIVE-SCALING-RESULT-V4	first	75	scale_strong_d2_n1966080_c16_r3	e1514185445cab36f930c90a44c5a4e23326e027	fbed59bf26bd6cf641bec0946ff6d32cdfe992786852947c530678dd4c86a026	strong_d2	strong	2	1966080	983040	24576	16	4	4	4	16	16	3	20260819	2	scc-eg1	Intel(R) Xeon(R) Gold 6226R CPU @ 2.90GHz	mata	PASS	0	0	0	4040.074	4049.0	13906.11	4.455			83.15299999999999	72.654	29.027	24.539	3924.864	18.786	1378.593	2494.411	12.771	590.1129999999999	1172.846	3179.225									16402472960	16402472960	16402878464	187866164495	9364169299	9364169299														9.99669936943e-11	1e-09	59.0	NONE							21.50084930764681	1.312145080806766	0.0012464589152288	22.81548730628403	1.8239360797e-05	4.67410506473e-06	1.03374944004e-05	3.99154564446e-06	PASS
VCKSS-COMPARATIVE-SCALING-RESULT-V4	first	75	scale_strong_d2_n1966080_c16_r3	e1514185445cab36f930c90a44c5a4e23326e027	fbed59bf26bd6cf641bec0946ff6d32cdfe992786852947c530678dd4c86a026	strong_d2	strong	2	1966080	983040	24576	16	4	16	4	16	16	3	20260819	3	scc-eg1	Intel(R) Xeon(R) Gold 6226R CPU @ 2.90GHz	rust	PASS	0	0	0	430.953	440.27	4963.95	3.817															0.09192837	1.001725639	1.217617481	0.862156519	0.311943257	0.0	425.492661812	428.978033078	5827342336	5827342336	5833175040	187866164495	99177921395	99177921395	44341514425	290981648	16	16	1e-10	1e-06	0.318232577	0.009973926	1.017687823	405.402282557	10.362642693	1317502	1303931	9.94816466616e-06	1e-05	4399.0	CMG_FULL_V2							21.50087541187495	1.312151523994787	0.0012305421453642	22.81548802016047	1.52772608931e-05	4.28744169846e-06	8.49948068859e-06	4.18803137588e-06	PASS
VCKSS-COMPARATIVE-SCALING-RESULT-V4	first	75	scale_strong_d2_n1966080_c16_r3	e1514185445cab36f930c90a44c5a4e23326e027	fbed59bf26bd6cf641bec0946ff6d32cdfe992786852947c530678dd4c86a026	strong_d2	strong	2	1966080	983040	24576	16	4	16	4	16	16	3	20260819	1	scc-eg1	Intel(R) Xeon(R) Gold 6226R CPU @ 2.90GHz	matlab	PASS	0	0	0	1311.557947	1876.59	19360.18	5.965893	407.300454	6.194023																					40999272448	40999272448	4497059840	187866164495																				True	570	570	9.7e-11	MAINTAINED_UPSTREAM_INTERNAL	MATLAB_TWISTER_SEED_PLUS_WORKER_INDEX	21.500940292144545	1.3122278598844406	0.0011656992776296628	22.815499550584246					PASS
VCKSS-COMPARATIVE-SCALING-RESULT-V4	repair-full	76	scale_strong_d3_n7680_c1_r1	ca162022833c3d6e6906c11cf4860baf0d52fd86	02d6eb6ffc96e0eb7eea1252605663e3e206c6ce177f3cf7f0e860c2b25f40f9	strong_d3	strong	3	7680	2560	64	1	1	1	1	1	1	1	104729	1	scc-kc2	Intel(R) Xeon(R) Gold 6426Y	mata	PASS	0	0	0	3.245	3.8	3.43	0.423			0.468	0.153	0.045	0.01	2.477	0.044	1.081	1.328	0.045	1.208	0.634	0.9299999999999998									227844096	227844096	226865152	18784039470	269639328	269639328														9.95455533285e-11	1e-09	11.0	NONE							21.34766676654127	0.3332806161718244	0.0895431985402198	21.86003377979354	2.62663247549e-05	5.40299045031e-06	2.04211991317e-05	3.32556605925e-05	PASS
VCKSS-COMPARATIVE-SCALING-RESULT-V4	repair-full	76	scale_strong_d3_n7680_c1_r1	ca162022833c3d6e6906c11cf4860baf0d52fd86	02d6eb6ffc96e0eb7eea1252605663e3e206c6ce177f3cf7f0e860c2b25f40f9	strong_d3	strong	3	7680	2560	64	1	1	1	1	1	1	1	104729	2	scc-kc2	Intel(R) Xeon(R) Gold 6426Y	rust	PASS	0	0	0	0.298	0.76	0.71	0.383															0.000230084	0.001848249	0.001427795	0.001736137	0.000645519	0.0	0.124279453	0.130167237	186089472	186089472	184360960	18784039470	754870476	754870476	723242537	322168	1	1	1e-10	1e-06	0.000802726	0.000118318	0.006919023	0.006188055	0.041736449	1202	601	3.0934859234e-15	1e-05	1.0	CMG_FULL_V2							21.34760567218471	0.333273667296471	0.0895205565193449	21.85992045251987	2.59904884178e-05	5.0788716832e-06	2.15251796095e-05	3.6285905576e-05	PASS
VCKSS-COMPARATIVE-SCALING-RESULT-V4	repair-full	76	scale_strong_d3_n7680_c1_r1	ca162022833c3d6e6906c11cf4860baf0d52fd86	02d6eb6ffc96e0eb7eea1252605663e3e206c6ce177f3cf7f0e860c2b25f40f9	strong_d3	strong	3	7680	2560	64	1	1	1	1	1	1	1	104729	3	scc-kc2	Intel(R) Xeon(R) Gold 6426Y	matlab	PASS	0	0	0	2.882542	227.07999999999998	35.760000000000005	5.410919	60.673839	4.514151																					3304505344	3327381504	1823940608	18784039470																				True	10	10	6.7e-11	MAINTAINED_UPSTREAM_INTERNAL	MATLAB_TWISTER_SEED_PLUS_WORKER_INDEX	21.350296433593122	0.3332438195039473	0.08958920944651948	21.86271867199011					PASS
VCKSS-COMPARATIVE-SCALING-RESULT-V4	repair-full	77	scale_strong_d3_n7680_c1_r2	ca162022833c3d6e6906c11cf4860baf0d52fd86	02d6eb6ffc96e0eb7eea1252605663e3e206c6ce177f3cf7f0e860c2b25f40f9	strong_d3	strong	3	7680	2560	64	1	1	1	1	1	1	2	8675309	3	scc-b11	Intel(R) Xeon(R) 6737P	mata	PASS	0	0	0	3.098	3.59	3.43	0.375			0.332	0.108	0.045	0.01	2.483	0.045	1.059	1.354	0.05	1.127	0.674	0.9979999999999999									228782080	228782080	229240832	18909667263	269639277	269639277														9.98891584085e-11	1e-09	11.0	NONE							21.34771161231406	0.3332747306565262	0.0894761950484111	21.85993873306741	2.62622227313e-05	5.67495144637e-06	2.26466306029e-05	3.73894810117e-05	PASS
VCKSS-COMPARATIVE-SCALING-RESULT-V4	repair-full	77	scale_strong_d3_n7680_c1_r2	ca162022833c3d6e6906c11cf4860baf0d52fd86	02d6eb6ffc96e0eb7eea1252605663e3e206c6ce177f3cf7f0e860c2b25f40f9	strong_d3	strong	3	7680	2560	64	1	1	1	1	1	1	2	8675309	1	scc-b11	Intel(R) Xeon(R) 6737P	rust	PASS	0	0	0	0.528	2.23	0.74	1.597															0.000254526	0.00184943	0.001424464	0.001742215	0.00064939	0.0	0.128652629	0.134572654	183058432	183058432	184758272	18909667263	754870476	754870476	723242537	322168	1	1	1e-10	1e-06	0.000803418	0.000100649	0.007622154	0.006426609	0.043650023	1202	601	3.06813647456e-15	1e-05	1.0	CMG_FULL_V2							21.34763300962067	0.333278237153358	0.0895263729002725	21.85996399257458	2.38600848378e-05	6.55852914116e-06	2.14908057195e-05	3.5733199758e-05	PASS
VCKSS-COMPARATIVE-SCALING-RESULT-V4	repair-full	77	scale_strong_d3_n7680_c1_r2	ca162022833c3d6e6906c11cf4860baf0d52fd86	02d6eb6ffc96e0eb7eea1252605663e3e206c6ce177f3cf7f0e860c2b25f40f9	strong_d3	strong	3	7680	2560	64	1	1	1	1	1	1	2	8675309	2	scc-b11	Intel(R) Xeon(R) 6737P	matlab	PASS	0	0	0	2.673759	144.7	36.89	2.672688	25.183006	4.202037																					3283922944	3315871744	1824395264	18909667263																				True	10	10	6.7e-11	MAINTAINED_UPSTREAM_INTERNAL	MATLAB_TWISTER_SEED_PLUS_WORKER_INDEX	21.350312764915287	0.33324296473163106	0.08960522589095178	21.86276618142882					PASS
VCKSS-COMPARATIVE-SCALING-RESULT-V4	repair-full	78	scale_strong_d3_n7680_c1_r3	ca162022833c3d6e6906c11cf4860baf0d52fd86	02d6eb6ffc96e0eb7eea1252605663e3e206c6ce177f3cf7f0e860c2b25f40f9	strong_d3	strong	3	7680	2560	64	1	1	1	1	1	1	3	20260819	2	scc-ei3	Intel(R) Xeon(R) Gold 6226R CPU @ 2.90GHz	mata	PASS	0	0	0	5.008	5.78	5.52	0.486			0.554	0.222	0.075	0.015	4.045	0.028	1.764	2.217	0.066	2.139	1.012	1.419									227856384	227856384	229613568	18861348881	269639309	269639309														9.99064068539e-11	1e-09	11.0	NONE							21.34768425343987	0.3332792901407913	0.0895139256873208	21.8599913949553	2.69562352559e-05	5.51762337348e-06	2.37232552298e-05	3.78493115374e-05	PASS
VCKSS-COMPARATIVE-SCALING-RESULT-V4	repair-full	78	scale_strong_d3_n7680_c1_r3	ca162022833c3d6e6906c11cf4860baf0d52fd86	02d6eb6ffc96e0eb7eea1252605663e3e206c6ce177f3cf7f0e860c2b25f40f9	strong_d3	strong	3	7680	2560	64	1	1	1	1	1	1	3	20260819	3	scc-ei3	Intel(R) Xeon(R) Gold 6226R CPU @ 2.90GHz	rust	PASS	0	0	0	0.452	1.41	0.99	0.47															0.000374635	0.002441999	0.001876692	0.002503846	0.000962285	0.0	0.194993861	0.203153318	186871808	186871808	184909824	18861348881	754870476	754870476	723242537	322168	1	1	1e-10	1e-06	0.001011779	0.00013594	0.015127966	0.009371749	0.07029945	1202	601	2.31322158778e-15	1e-05	1.0	CMG_FULL_V2							21.34753877203327	0.3332646668358312	0.0895529173989494	21.85990927366701	2.71863249661e-05	5.60865267998e-06	2.28171588016e-05	3.85150856656e-05	PASS
VCKSS-COMPARATIVE-SCALING-RESULT-V4	repair-full	78	scale_strong_d3_n7680_c1_r3	ca162022833c3d6e6906c11cf4860baf0d52fd86	02d6eb6ffc96e0eb7eea1252605663e3e206c6ce177f3cf7f0e860c2b25f40f9	strong_d3	strong	3	7680	2560	64	1	1	1	1	1	1	3	20260819	1	scc-ei3	Intel(R) Xeon(R) Gold 6226R CPU @ 2.90GHz	matlab	PASS	0	0	0	2.931466	58.15	45.64	1.899239	21.789769	3.052125																					3301273600	3332702208	1826451456	18861348881																				True	10	10	6.7e-11	MAINTAINED_UPSTREAM_INTERNAL	MATLAB_TWISTER_SEED_PLUS_WORKER_INDEX	21.350321445795874	0.3332436275730752	0.0896097073344923	21.862784488037935					PASS
VCKSS-COMPARATIVE-SCALING-RESULT-V4	first	79	scale_strong_d3_n7680_c2_r1	e1514185445cab36f930c90a44c5a4e23326e027	fbed59bf26bd6cf641bec0946ff6d32cdfe992786852947c530678dd4c86a026	strong_d3	strong	3	7680	2560	64	2	2	2	2	2	2	1	104729	1	scc-na2	Intel(R) Xeon(R) CPU E5-2650 v2 @ 2.60GHz	mata	PASS	0	0	0	6.557	9.39	13.19	2.521			0.828	0.344	0.11	0.024	4.818	0.045	2.201	2.523	0.066	3.16	0.7430000000000002	1.179									231944192	231944192	231321600	29629905634	269639222	269639222														9.95455533285e-11	1e-09	11.0	NONE							21.34766676654127	0.3332806161718244	0.0895431985402198	21.86003377979354	2.62663247549e-05	5.40299045031e-06	2.04211991317e-05	3.32556605925e-05	PASS
VCKSS-COMPARATIVE-SCALING-RESULT-V4	first	79	scale_strong_d3_n7680_c2_r1	e1514185445cab36f930c90a44c5a4e23326e027	fbed59bf26bd6cf641bec0946ff6d32cdfe992786852947c530678dd4c86a026	strong_d3	strong	3	7680	2560	64	2	2	2	2	2	2	1	104729	2	scc-na2	Intel(R) Xeon(R) CPU E5-2650 v2 @ 2.60GHz	rust	PASS	0	0	0	0.595	1.24	1.92	0.454															0.000462736	0.002862844	0.002496724	0.0032415	0.001209275	0.0	0.21955274	0.229825819	196657152	196657152	194699264	29629905634	765968998	765968998	723297948	368344	2	2	1e-10	1e-06	0.001287484	0.000209653	0.012655581	0.012085621	0.07459493	1202	601	3.0934859234e-15	1e-05	1.0	CMG_FULL_V2							21.34760567218471	0.333273667296471	0.0895205565193449	21.85992045251987	2.59904884178e-05	5.0788716832e-06	2.15251796095e-05	3.6285905576e-05	PASS
VCKSS-COMPARATIVE-SCALING-RESULT-V4	first	79	scale_strong_d3_n7680_c2_r1	e1514185445cab36f930c90a44c5a4e23326e027	fbed59bf26bd6cf641bec0946ff6d32cdfe992786852947c530678dd4c86a026	strong_d3	strong	3	7680	2560	64	2	2	2	2	2	2	1	104729	3	scc-na2	Intel(R) Xeon(R) CPU E5-2650 v2 @ 2.60GHz	matlab	PASS	0	0	0	4.756255	569.51	133.72	6.972353	254.943621	5.753355																					5034082304	5326737408	2052878336	29629905634																				True	10	10	6.7e-11	MAINTAINED_UPSTREAM_INTERNAL	MATLAB_TWISTER_SEED_PLUS_WORKER_INDEX	21.350276474207806	0.3332456670101524	0.08958511878599805	21.862692378789955					PASS
VCKSS-COMPARATIVE-SCALING-RESULT-V4	first	80	scale_strong_d3_n7680_c2_r2	e1514185445cab36f930c90a44c5a4e23326e027	fbed59bf26bd6cf641bec0946ff6d32cdfe992786852947c530678dd4c86a026	strong_d3	strong	3	7680	2560	64	2	2	2	2	2	2	2	8675309	3	scc-td2	Intel(R) Xeon(R) CPU E5-2660 v3 @ 2.60GHz	mata	PASS	0	0	0	6.009	7.18	13.25	0.952			0.892	0.323	0.106	0.022	4.486	0.055	2.239	2.141	0.06	2.837	0.752	1.171									241876992	241876992	240021504	29582660994	269639245	269639245														9.98891584085e-11	1e-09	11.0	NONE							21.34771161231406	0.3332747306565262	0.0894761950484111	21.85993873306741	2.62622227313e-05	5.67495144637e-06	2.26466306029e-05	3.73894810117e-05	PASS
VCKSS-COMPARATIVE-SCALING-RESULT-V4	first	80	scale_strong_d3_n7680_c2_r2	e1514185445cab36f930c90a44c5a4e23326e027	fbed59bf26bd6cf641bec0946ff6d32cdfe992786852947c530678dd4c86a026	strong_d3	strong	3	7680	2560	64	2	2	2	2	2	2	2	8675309	1	scc-td2	Intel(R) Xeon(R) CPU E5-2660 v3 @ 2.60GHz	rust	PASS	0	0	0	1.307	4.28	3.62	2.609															0.000834723	0.00518068	0.004752828	0.006004674	0.002326209	0.0	0.347106761	0.366205875	199364608	199364608	197562368	29582660994	765968998	765968998	723297948	368344	2	2	1e-10	1e-06	0.002317376	0.000343874	0.020065991	0.01866248	0.114598795	1202	601	3.06813647456e-15	1e-05	1.0	CMG_FULL_V2							21.34763300962067	0.333278237153358	0.0895263729002725	21.85996399257458	2.38600848378e-05	6.55852914116e-06	2.14908057195e-05	3.5733199758e-05	PASS
VCKSS-COMPARATIVE-SCALING-RESULT-V4	first	80	scale_strong_d3_n7680_c2_r2	e1514185445cab36f930c90a44c5a4e23326e027	fbed59bf26bd6cf641bec0946ff6d32cdfe992786852947c530678dd4c86a026	strong_d3	strong	3	7680	2560	64	2	2	2	2	2	2	2	8675309	2	scc-td2	Intel(R) Xeon(R) CPU E5-2660 v3 @ 2.60GHz	matlab	PASS	0	0	0	5.682512	531.46	212.63	7.499446	254.03213	6.475904																					4960575488	5239934976	1942241280	29582660994																				True	10	10	6.7e-11	MAINTAINED_UPSTREAM_INTERNAL	MATLAB_TWISTER_SEED_PLUS_WORKER_INDEX	21.350330930026246	0.3332426708863359	0.0895907083117636	21.86275501753611					PASS
VCKSS-COMPARATIVE-SCALING-RESULT-V4	first	81	scale_strong_d3_n7680_c2_r3	e1514185445cab36f930c90a44c5a4e23326e027	fbed59bf26bd6cf641bec0946ff6d32cdfe992786852947c530678dd4c86a026	strong_d3	strong	3	7680	2560	64	2	2	2	2	2	2	3	20260819	2	scc-mh5	Intel(R) Xeon(R) CPU E5-2650 v2 @ 2.60GHz	mata	PASS	0	0	0	6.443	7.33	13.24	0.651			0.931	0.436	0.111	0.024	4.925	0.091	2.204	2.58	0.065	3.155999999999999	0.787	1.291									241598464	241598464	240680960	29083371045	269639239	269639239														9.99064068539e-11	1e-09	11.0	NONE							21.34768425343987	0.3332792901407913	0.0895139256873208	21.8599913949553	2.69562352559e-05	5.51762337348e-06	2.37232552298e-05	3.78493115374e-05	PASS
VCKSS-COMPARATIVE-SCALING-RESULT-V4	first	81	scale_strong_d3_n7680_c2_r3	e1514185445cab36f930c90a44c5a4e23326e027	fbed59bf26bd6cf641bec0946ff6d32cdfe992786852947c530678dd4c86a026	strong_d3	strong	3	7680	2560	64	2	2	2	2	2	2	3	20260819	3	scc-mh5	Intel(R) Xeon(R) CPU E5-2650 v2 @ 2.60GHz	rust	PASS	0	0	0	0.605	1.2	1.92	0.455															0.000471653	0.002912924	0.002509865	0.003241655	0.001181989	0.0	0.229071303	0.239389389	192024576	192024576	190038016	29083371045	765968998	765968998	723297948	368344	2	2	1e-10	1e-06	0.001318687	0.000229648	0.014089085	0.012849305	0.07680887	1202	601	2.31322158778e-15	1e-05	1.0	CMG_FULL_V2							21.34753877203327	0.3332646668358312	0.0895529173989494	21.85990927366701	2.71863249661e-05	5.60865267998e-06	2.28171588016e-05	3.85150856656e-05	PASS
VCKSS-COMPARATIVE-SCALING-RESULT-V4	first	81	scale_strong_d3_n7680_c2_r3	e1514185445cab36f930c90a44c5a4e23326e027	fbed59bf26bd6cf641bec0946ff6d32cdfe992786852947c530678dd4c86a026	strong_d3	strong	3	7680	2560	64	2	2	2	2	2	2	3	20260819	1	scc-mh5	Intel(R) Xeon(R) CPU E5-2650 v2 @ 2.60GHz	matlab	PASS	0	0	0	6.030506	523.67	126.8	6.965159	249.827683	5.931734																					5361274880	5405335552	2119684096	29083371045																				True	10	10	6.7e-11	MAINTAINED_UPSTREAM_INTERNAL	MATLAB_TWISTER_SEED_PLUS_WORKER_INDEX	21.35032751166069	0.3332407007751838	0.08960207580989467	21.862772364055665					PASS
VCKSS-COMPARATIVE-SCALING-RESULT-V4	first	82	scale_strong_d3_n7680_c4_r1	e1514185445cab36f930c90a44c5a4e23326e027	fbed59bf26bd6cf641bec0946ff6d32cdfe992786852947c530678dd4c86a026	strong_d3	strong	3	7680	2560	64	4	4	4	4	4	4	1	104729	1	scc-te3	Intel(R) Xeon(R) CPU E5-2660 v3 @ 2.60GHz	mata	PASS	0	0	0	6.576	9.17	25.97	2.152			0.855	0.343	0.107	0.022	4.693	0.278	2.156	2.209	0.059	3.031	0.5660000000000001	1.22									239493120	239493120	237543424	49413598741	269639249	269639249														9.95455533285e-11	1e-09	11.0	NONE							21.34766676654127	0.3332806161718244	0.0895431985402198	21.86003377979354	2.62663247549e-05	5.40299045031e-06	2.04211991317e-05	3.32556605925e-05	PASS
VCKSS-COMPARATIVE-SCALING-RESULT-V4	first	82	scale_strong_d3_n7680_c4_r1	e1514185445cab36f930c90a44c5a4e23326e027	fbed59bf26bd6cf641bec0946ff6d32cdfe992786852947c530678dd4c86a026	strong_d3	strong	3	7680	2560	64	4	4	4	4	4	4	1	104729	2	scc-te3	Intel(R) Xeon(R) CPU E5-2660 v3 @ 2.60GHz	rust	PASS	0	0	0	0.731	1.84	4.8	0.778															0.000703197	0.004560073	0.004249296	0.005338558	0.002024314	0.0	0.238378121	0.255253559	203833344	203833344	202702848	49413598741	788116889	788116889	723359619	419736	4	4	1e-10	1e-06	0.002070549	0.000369872	0.012997642	0.015674555	0.07222694	1202	601	3.0934859234e-15	1e-05	1.0	CMG_FULL_V2							21.34760567218471	0.333273667296471	0.0895205565193449	21.85992045251987	2.59904884178e-05	5.0788716832e-06	2.15251796095e-05	3.6285905576e-05	PASS
VCKSS-COMPARATIVE-SCALING-RESULT-V4	first	82	scale_strong_d3_n7680_c4_r1	e1514185445cab36f930c90a44c5a4e23326e027	fbed59bf26bd6cf641bec0946ff6d32cdfe992786852947c530678dd4c86a026	strong_d3	strong	3	7680	2560	64	4	4	4	4	4	4	1	104729	3	scc-te3	Intel(R) Xeon(R) CPU E5-2660 v3 @ 2.60GHz	matlab	PASS	0	0	0	4.851566	465.97	333.28000000000003	2.937456	268.088756	6.463508																					8055316480	8595333120	2038833152	49413598741																				True	10	10	6.7e-11	MAINTAINED_UPSTREAM_INTERNAL	MATLAB_TWISTER_SEED_PLUS_WORKER_INDEX	21.350291409713673	0.3332444462074833	0.08957936078836078	21.86269457749788					PASS
VCKSS-COMPARATIVE-SCALING-RESULT-V4	first	83	scale_strong_d3_n7680_c4_r2	e1514185445cab36f930c90a44c5a4e23326e027	fbed59bf26bd6cf641bec0946ff6d32cdfe992786852947c530678dd4c86a026	strong_d3	strong	3	7680	2560	64	4	4	4	4	4	4	2	8675309	3	scc-cb6	Intel(R) Xeon(R) CPU E5-2650 v2 @ 2.60GHz	mata	PASS	0	0	0	6.085	6.73	24.63	0.438			0.8440000000000001	0.358	0.114	0.024	4.651	0.021	2.155	2.424	0.055	3.294	0.545	0.9299999999999999									251342848	251342848	253059072	48913235051	269639277	269639277														9.98891584085e-11	1e-09	11.0	NONE							21.34771161231406	0.3332747306565262	0.0894761950484111	21.85993873306741	2.62622227313e-05	5.67495144637e-06	2.26466306029e-05	3.73894810117e-05	PASS
VCKSS-COMPARATIVE-SCALING-RESULT-V4	first	83	scale_strong_d3_n7680_c4_r2	e1514185445cab36f930c90a44c5a4e23326e027	fbed59bf26bd6cf641bec0946ff6d32cdfe992786852947c530678dd4c86a026	strong_d3	strong	3	7680	2560	64	4	4	4	4	4	4	2	8675309	1	scc-cb6	Intel(R) Xeon(R) CPU E5-2650 v2 @ 2.60GHz	rust	PASS	0	0	0	0.623	1.47	3.2	0.5609999999999999															0.000499002	0.003053367	0.002687792	0.003475673	0.001348941	0.0	0.222966101	0.234030876	201531392	201531392	199401472	48913235051	788116889	788116889	723359619	419736	4	4	1e-10	1e-06	0.001333784	0.000260824	0.014890012	0.014010136	0.069609706	1202	601	3.06813647456e-15	1e-05	1.0	CMG_FULL_V2							21.34763300962067	0.333278237153358	0.0895263729002725	21.85996399257458	2.38600848378e-05	6.55852914116e-06	2.14908057195e-05	3.5733199758e-05	PASS
VCKSS-COMPARATIVE-SCALING-RESULT-V4	first	83	scale_strong_d3_n7680_c4_r2	e1514185445cab36f930c90a44c5a4e23326e027	fbed59bf26bd6cf641bec0946ff6d32cdfe992786852947c530678dd4c86a026	strong_d3	strong	3	7680	2560	64	4	4	4	4	4	4	2	8675309	2	scc-cb6	Intel(R) Xeon(R) CPU E5-2650 v2 @ 2.60GHz	matlab	PASS	0	0	0	3.609933	441.66	203.96	3.829036	268.651054	7.455917																					7788253184	9260834816	1926733824	48913235051																				True	10	10	6.7e-11	MAINTAINED_UPSTREAM_INTERNAL	MATLAB_TWISTER_SEED_PLUS_WORKER_INDEX	21.350326854295545	0.3332448001047952	0.08959878010122692	21.862769214602793					PASS
VCKSS-COMPARATIVE-SCALING-RESULT-V4	first	84	scale_strong_d3_n7680_c4_r3	e1514185445cab36f930c90a44c5a4e23326e027	fbed59bf26bd6cf641bec0946ff6d32cdfe992786852947c530678dd4c86a026	strong_d3	strong	3	7680	2560	64	4	4	4	4	4	4	3	20260819	2	scc-md1	Intel(R) Xeon(R) CPU E5-2650 v2 @ 2.60GHz	mata	PASS	0	0	0	6.464	8.84	25.57	2.061			0.8740000000000001	0.363	0.116	0.024	4.748	0.103	2.159	2.433	0.056	3.28	0.5479999999999999	1.042									250462208	250462208	252235776	49767933543	269639243	269639243														9.99064068539e-11	1e-09	11.0	NONE							21.34768425343987	0.3332792901407913	0.0895139256873208	21.8599913949553	2.69562352559e-05	5.51762337348e-06	2.37232552298e-05	3.78493115374e-05	PASS
VCKSS-COMPARATIVE-SCALING-RESULT-V4	first	84	scale_strong_d3_n7680_c4_r3	e1514185445cab36f930c90a44c5a4e23326e027	fbed59bf26bd6cf641bec0946ff6d32cdfe992786852947c530678dd4c86a026	strong_d3	strong	3	7680	2560	64	4	4	4	4	4	4	3	20260819	3	scc-md1	Intel(R) Xeon(R) CPU E5-2650 v2 @ 2.60GHz	rust	PASS	0	0	0	0.624	1.21	3.1399999999999997	0.424															0.000499522	0.006727529	0.002634124	0.003530686	0.001292491	0.0	0.209442776	0.224127128	199229440	199229440	197189632	49767933543	788116889	788116889	723359619	419736	4	4	1e-10	1e-06	0.001363362	0.000267941	0.013203956	0.0120717	0.068389184	1202	601	2.31322158778e-15	1e-05	1.0	CMG_FULL_V2							21.34753877203327	0.3332646668358312	0.0895529173989494	21.85990927366701	2.71863249661e-05	5.60865267998e-06	2.28171588016e-05	3.85150856656e-05	PASS
VCKSS-COMPARATIVE-SCALING-RESULT-V4	first	84	scale_strong_d3_n7680_c4_r3	e1514185445cab36f930c90a44c5a4e23326e027	fbed59bf26bd6cf641bec0946ff6d32cdfe992786852947c530678dd4c86a026	strong_d3	strong	3	7680	2560	64	4	4	4	4	4	4	3	20260819	1	scc-md1	Intel(R) Xeon(R) CPU E5-2650 v2 @ 2.60GHz	matlab	PASS	0	0	0	5.158455	567.56	209.73	6.671052	180.772274	5.813524																					8487686144	8572932096	1912180736	49767933543																				True	10	10	6.7e-11	MAINTAINED_UPSTREAM_INTERNAL	MATLAB_TWISTER_SEED_PLUS_WORKER_INDEX	21.350332218759647	0.3332423164655898	0.0895981684753436	21.862770872175926					PASS
VCKSS-COMPARATIVE-SCALING-RESULT-V4	first	85	scale_strong_d3_n7680_c8_r1	e1514185445cab36f930c90a44c5a4e23326e027	fbed59bf26bd6cf641bec0946ff6d32cdfe992786852947c530678dd4c86a026	strong_d3	strong	3	7680	2560	64	8	4	4	4	8	8	1	104729	1	scc-te4	Intel(R) Xeon(R) CPU E5-2660 v3 @ 2.60GHz	mata	PASS	0	0	0	6.084	7.3	25.669999999999998	0.9410000000000001			0.845	0.318	0.106	0.022	4.6	0.021	2.208	2.322	0.058	3.189000000000001	0.5810000000000001	0.973									245895168	245895168	243765248	89845347124	269639248	269639248														9.95455533285e-11	1e-09	11.0	NONE							21.34766676654127	0.3332806161718244	0.0895431985402198	21.86003377979354	2.62663247549e-05	5.40299045031e-06	2.04211991317e-05	3.32556605925e-05	PASS
VCKSS-COMPARATIVE-SCALING-RESULT-V4	first	85	scale_strong_d3_n7680_c8_r1	e1514185445cab36f930c90a44c5a4e23326e027	fbed59bf26bd6cf641bec0946ff6d32cdfe992786852947c530678dd4c86a026	strong_d3	strong	3	7680	2560	64	8	4	8	4	8	8	1	104729	2	scc-te4	Intel(R) Xeon(R) CPU E5-2660 v3 @ 2.60GHz	rust	PASS	0	0	0	0.606	1.31	3.96	0.497															0.000449089	0.002862297	0.002614578	0.003347481	0.001329348	0.0	0.211241542	0.221844335	207216640	207216640	207159296	89845347124	832412672	832412672	723482960	522520	8	8	1e-10	1e-06	0.003061604	0.001192904	0.013776752	0.015904218	0.061557364	1202	601	3.0934859234e-15	1e-05	1.0	CMG_FULL_V2							21.34760567218471	0.333273667296471	0.0895205565193449	21.85992045251987	2.59904884178e-05	5.0788716832e-06	2.15251796095e-05	3.6285905576e-05	PASS
VCKSS-COMPARATIVE-SCALING-RESULT-V4	first	85	scale_strong_d3_n7680_c8_r1	e1514185445cab36f930c90a44c5a4e23326e027	fbed59bf26bd6cf641bec0946ff6d32cdfe992786852947c530678dd4c86a026	strong_d3	strong	3	7680	2560	64	8	4	8	4	8	8	1	104729	3	scc-te4	Intel(R) Xeon(R) CPU E5-2660 v3 @ 2.60GHz	matlab	PASS	0	0	0	4.48768	564.73	568.29	5.345145	262.719456	6.305037																					15039787008	15187369984	2064838656	89845347124																				True	10	10	6.7e-11	MAINTAINED_UPSTREAM_INTERNAL	MATLAB_TWISTER_SEED_PLUS_WORKER_INDEX	21.35030284234426	0.3332426851315925	0.08958425709488822	21.862714041665626					PASS
VCKSS-COMPARATIVE-SCALING-RESULT-V4	first	86	scale_strong_d3_n7680_c8_r2	e1514185445cab36f930c90a44c5a4e23326e027	fbed59bf26bd6cf641bec0946ff6d32cdfe992786852947c530678dd4c86a026	strong_d3	strong	3	7680	2560	64	8	4	4	4	8	8	2	8675309	3	scc-mf8	Intel(R) Xeon(R) CPU E5-2650 v2 @ 2.60GHz	mata	PASS	0	0	0	6.09	6.74	24.46	0.435			0.8440000000000001	0.363	0.117	0.024	4.629	0.02	2.143	2.414	0.056	3.272	0.536	0.9259999999999998									239398912	239398912	240877568	89972048659	269639254	269639254														9.98891584085e-11	1e-09	11.0	NONE							21.34771161231406	0.3332747306565262	0.0894761950484111	21.85993873306741	2.62622227313e-05	5.67495144637e-06	2.26466306029e-05	3.73894810117e-05	PASS
VCKSS-COMPARATIVE-SCALING-RESULT-V4	first	86	scale_strong_d3_n7680_c8_r2	e1514185445cab36f930c90a44c5a4e23326e027	fbed59bf26bd6cf641bec0946ff6d32cdfe992786852947c530678dd4c86a026	strong_d3	strong	3	7680	2560	64	8	4	8	4	8	8	2	8675309	1	scc-mf8	Intel(R) Xeon(R) CPU E5-2650 v2 @ 2.60GHz	rust	PASS	0	0	0	0.502	1.32	3.33	0.687															0.000515931	0.003038205	0.002669219	0.003452808	0.001306853	0.0	0.108152932	0.119135948	209141760	209141760	208502784	89972048659	832412672	832412672	723482960	522520	8	8	1e-10	1e-06	0.001376227	0.000864044	0.005685163	0.005096101	0.029540637	1202	601	3.06813647456e-15	1e-05	1.0	CMG_FULL_V2							21.34763300962067	0.333278237153358	0.0895263729002725	21.85996399257458	2.38600848378e-05	6.55852914116e-06	2.14908057195e-05	3.5733199758e-05	PASS
VCKSS-COMPARATIVE-SCALING-RESULT-V4	first	86	scale_strong_d3_n7680_c8_r2	e1514185445cab36f930c90a44c5a4e23326e027	fbed59bf26bd6cf641bec0946ff6d32cdfe992786852947c530678dd4c86a026	strong_d3	strong	3	7680	2560	64	8	4	8	4	8	8	2	8675309	2	scc-mf8	Intel(R) Xeon(R) CPU E5-2650 v2 @ 2.60GHz	matlab	PASS	0	0	0	3.415791	465.15999999999997	363.59	4.967756	210.52779	5.069394																					14971740160	15120883712	1968660480	89972048659																				True	10	10	6.7e-11	MAINTAINED_UPSTREAM_INTERNAL	MATLAB_TWISTER_SEED_PLUS_WORKER_INDEX	21.350275729391107	0.33324162093407195	0.08961150577101672	21.86274036186721					PASS
VCKSS-COMPARATIVE-SCALING-RESULT-V4	first	87	scale_strong_d3_n7680_c8_r3	e1514185445cab36f930c90a44c5a4e23326e027	fbed59bf26bd6cf641bec0946ff6d32cdfe992786852947c530678dd4c86a026	strong_d3	strong	3	7680	2560	64	8	4	4	4	8	8	3	20260819	2	scc-mh4	Intel(R) Xeon(R) CPU E5-2650 v2 @ 2.60GHz	mata	PASS	0	0	0	6.113	7.0	24.69	0.452			0.839	0.357	0.115	0.024	4.631	0.02	2.15	2.408	0.054	3.291	0.537	0.9149999999999998									249733120	249733120	248066048	90132036191	269639267	269639267														9.99064068539e-11	1e-09	11.0	NONE							21.34768425343987	0.3332792901407913	0.0895139256873208	21.8599913949553	2.69562352559e-05	5.51762337348e-06	2.37232552298e-05	3.78493115374e-05	PASS
VCKSS-COMPARATIVE-SCALING-RESULT-V4	first	87	scale_strong_d3_n7680_c8_r3	e1514185445cab36f930c90a44c5a4e23326e027	fbed59bf26bd6cf641bec0946ff6d32cdfe992786852947c530678dd4c86a026	strong_d3	strong	3	7680	2560	64	8	4	8	4	8	8	3	20260819	3	scc-mh4	Intel(R) Xeon(R) CPU E5-2650 v2 @ 2.60GHz	rust	PASS	0	0	0	0.501	1.0	3.35	0.375															0.000493394	0.003042076	0.002742339	0.003465899	0.001302012	0.0	0.107897404	0.118943124	206954496	206954496	206225408	90132036191	832412672	832412672	723482960	522520	8	8	1e-10	1e-06	0.001370476	0.000456323	0.00572808	0.00475702	0.028874314	1202	601	2.31322158778e-15	1e-05	1.0	CMG_FULL_V2							21.34753877203327	0.3332646668358312	0.0895529173989494	21.85990927366701	2.71863249661e-05	5.60865267998e-06	2.28171588016e-05	3.85150856656e-05	PASS
VCKSS-COMPARATIVE-SCALING-RESULT-V4	first	87	scale_strong_d3_n7680_c8_r3	e1514185445cab36f930c90a44c5a4e23326e027	fbed59bf26bd6cf641bec0946ff6d32cdfe992786852947c530678dd4c86a026	strong_d3	strong	3	7680	2560	64	8	4	8	4	8	8	3	20260819	1	scc-mh4	Intel(R) Xeon(R) CPU E5-2650 v2 @ 2.60GHz	matlab	PASS	0	0	0	3.38498	448.92	360.91	3.000668	197.032693	5.143638																					15001378816	15147704320	1966469120	90132036191																				True	10	10	6.7e-11	MAINTAINED_UPSTREAM_INTERNAL	MATLAB_TWISTER_SEED_PLUS_WORKER_INDEX	21.35031623360222	0.33324139356174143	0.08959978195904965	21.862757191082064					PASS
VCKSS-COMPARATIVE-SCALING-RESULT-V4	first	88	scale_strong_d3_n7680_c16_r1	e1514185445cab36f930c90a44c5a4e23326e027	fbed59bf26bd6cf641bec0946ff6d32cdfe992786852947c530678dd4c86a026	strong_d3	strong	3	7680	2560	64	16	4	4	4	16	16	1	104729	1	scc-md4	Intel(R) Xeon(R) CPU E5-2650 v2 @ 2.60GHz	mata	PASS	0	0	0	6.469	9.03	25.21	2.225			0.8620000000000001	0.363	0.114	0.024	4.647	0.05	2.146	2.399	0.056	3.279	0.522	0.9449999999999998									242257920	242257920	240291840	176026013402	269639246	269639246														9.95455533285e-11	1e-09	11.0	NONE							21.34766676654127	0.3332806161718244	0.0895431985402198	21.86003377979354	2.62663247549e-05	5.40299045031e-06	2.04211991317e-05	3.32556605925e-05	PASS
VCKSS-COMPARATIVE-SCALING-RESULT-V4	first	88	scale_strong_d3_n7680_c16_r1	e1514185445cab36f930c90a44c5a4e23326e027	fbed59bf26bd6cf641bec0946ff6d32cdfe992786852947c530678dd4c86a026	strong_d3	strong	3	7680	2560	64	16	4	16	4	16	16	1	104729	2	scc-md4	Intel(R) Xeon(R) CPU E5-2650 v2 @ 2.60GHz	rust	PASS	0	0	0	0.464	0.99	3.53	0.382															0.000456359	0.002844237	0.002477585	0.003324164	0.001228463	0.0	0.084337465	0.094668273	216915968	216915968	216629248	176026013402	921004236	921004236	723729641	728088	16	16	1e-10	1e-06	0.001343448	0.001286342	0.00390227	0.003945569	0.015030998	1202	601	3.0934859234e-15	1e-05	1.0	CMG_FULL_V2							21.34760567218471	0.333273667296471	0.0895205565193449	21.85992045251987	2.59904884178e-05	5.0788716832e-06	2.15251796095e-05	3.6285905576e-05	PASS
VCKSS-COMPARATIVE-SCALING-RESULT-V4	first	88	scale_strong_d3_n7680_c16_r1	e1514185445cab36f930c90a44c5a4e23326e027	fbed59bf26bd6cf641bec0946ff6d32cdfe992786852947c530678dd4c86a026	strong_d3	strong	3	7680	2560	64	16	4	16	4	16	16	1	104729	3	scc-md4	Intel(R) Xeon(R) CPU E5-2650 v2 @ 2.60GHz	matlab	PASS	0	0	0	4.339579	441.65	733.5	6.582989	224.455891	5.94533																					28177285120	28500434944	2034532352	176026013402																				True	10	10	6.7e-11	MAINTAINED_UPSTREAM_INTERNAL	MATLAB_TWISTER_SEED_PLUS_WORKER_INDEX	21.350284402840003	0.33324249789398913	0.08959930575732711	21.862725512248645					PASS
VCKSS-COMPARATIVE-SCALING-RESULT-V4	first	89	scale_strong_d3_n7680_c16_r2	e1514185445cab36f930c90a44c5a4e23326e027	fbed59bf26bd6cf641bec0946ff6d32cdfe992786852947c530678dd4c86a026	strong_d3	strong	3	7680	2560	64	16	4	4	4	16	16	2	8675309	3	scc-te3	Intel(R) Xeon(R) CPU E5-2660 v3 @ 2.60GHz	mata	PASS	0	0	0	5.723	6.81	23.89	0.846			0.9420000000000001	0.328	0.107	0.021	4.128	0.026	2.098	1.954	0.052	2.822	0.5110000000000001	0.8909999999999998									239104000	239104000	238419968	177308061139	269639236	269639236														9.98891584085e-11	1e-09	11.0	NONE							21.34771161231406	0.3332747306565262	0.0894761950484111	21.85993873306741	2.62622227313e-05	5.67495144637e-06	2.26466306029e-05	3.73894810117e-05	PASS
VCKSS-COMPARATIVE-SCALING-RESULT-V4	first	89	scale_strong_d3_n7680_c16_r2	e1514185445cab36f930c90a44c5a4e23326e027	fbed59bf26bd6cf641bec0946ff6d32cdfe992786852947c530678dd4c86a026	strong_d3	strong	3	7680	2560	64	16	4	16	4	16	16	2	8675309	1	scc-te3	Intel(R) Xeon(R) CPU E5-2660 v3 @ 2.60GHz	rust	PASS	0	0	0	1.005	2.15	6.960000000000001	0.746															0.000783204	0.004897168	0.012488197	0.005719564	0.002196585	0.0	0.196730389	0.222815107	217350144	217350144	216842240	177308061139	921004236	921004236	723729641	728088	16	16	1e-10	1e-06	0.00307618	0.00181841	0.008632821	0.008752394	0.048035633	1202	601	3.06813647456e-15	1e-05	1.0	CMG_FULL_V2							21.34763300962067	0.333278237153358	0.0895263729002725	21.85996399257458	2.38600848378e-05	6.55852914116e-06	2.14908057195e-05	3.5733199758e-05	PASS
VCKSS-COMPARATIVE-SCALING-RESULT-V4	first	89	scale_strong_d3_n7680_c16_r2	e1514185445cab36f930c90a44c5a4e23326e027	fbed59bf26bd6cf641bec0946ff6d32cdfe992786852947c530678dd4c86a026	strong_d3	strong	3	7680	2560	64	16	4	16	4	16	16	2	8675309	2	scc-te3	Intel(R) Xeon(R) CPU E5-2660 v3 @ 2.60GHz	matlab	PASS	0	0	0	3.944131	403.75	969.4200000000001	3.575035	129.645028	6.550455																					28363800576	28627509248	1988980736	177308061139																				True	10	10	6.7e-11	MAINTAINED_UPSTREAM_INTERNAL	MATLAB_TWISTER_SEED_PLUS_WORKER_INDEX	21.350306692339792	0.33324364994488764	0.08961862687051815	21.862787596025715					PASS
VCKSS-COMPARATIVE-SCALING-RESULT-V4	first	90	scale_strong_d3_n7680_c16_r3	e1514185445cab36f930c90a44c5a4e23326e027	fbed59bf26bd6cf641bec0946ff6d32cdfe992786852947c530678dd4c86a026	strong_d3	strong	3	7680	2560	64	16	4	4	4	16	16	3	20260819	2	scc-na2	Intel(R) Xeon(R) CPU E5-2650 v2 @ 2.60GHz	mata	PASS	0	0	0	6.062	6.84	24.509999999999998	0.467			0.8360000000000001	0.359	0.116	0.024	4.628	0.021	2.153	2.404	0.056	3.284	0.5290000000000001	0.9179999999999998									247582720	247582720	247119872	177635552396	269639298	269639298														9.99064068539e-11	1e-09	11.0	NONE							21.34768425343987	0.3332792901407913	0.0895139256873208	21.8599913949553	2.69562352559e-05	5.51762337348e-06	2.37232552298e-05	3.78493115374e-05	PASS
VCKSS-COMPARATIVE-SCALING-RESULT-V4	first	90	scale_strong_d3_n7680_c16_r3	e1514185445cab36f930c90a44c5a4e23326e027	fbed59bf26bd6cf641bec0946ff6d32cdfe992786852947c530678dd4c86a026	strong_d3	strong	3	7680	2560	64	16	4	16	4	16	16	3	20260819	3	scc-na2	Intel(R) Xeon(R) CPU E5-2650 v2 @ 2.60GHz	rust	PASS	0	0	0	0.458	0.93	3.51	0.356															0.000488702	0.002980859	0.002557842	0.003394103	0.001278497	0.0	0.079308389	0.090008392	218808320	218808320	216977408	177635552396	921004236	921004236	723729641	728088	16	16	1e-10	1e-06	0.001312398	0.000854214	0.003924538	0.003505273	0.01459749	1202	601	2.31322158778e-15	1e-05	1.0	CMG_FULL_V2							21.34753877203327	0.3332646668358312	0.0895529173989494	21.85990927366701	2.71863249661e-05	5.60865267998e-06	2.28171588016e-05	3.85150856656e-05	PASS
VCKSS-COMPARATIVE-SCALING-RESULT-V4	first	90	scale_strong_d3_n7680_c16_r3	e1514185445cab36f930c90a44c5a4e23326e027	fbed59bf26bd6cf641bec0946ff6d32cdfe992786852947c530678dd4c86a026	strong_d3	strong	3	7680	2560	64	16	4	16	4	16	16	3	20260819	1	scc-na2	Intel(R) Xeon(R) CPU E5-2650 v2 @ 2.60GHz	matlab	PASS	0	0	0	4.545115	450.9	733.1999999999999	3.563686	167.558874	5.63695																					28101652480	28391796736	2049523712	177635552396																				True	10	10	6.7e-11	MAINTAINED_UPSTREAM_INTERNAL	MATLAB_TWISTER_SEED_PLUS_WORKER_INDEX	21.35032447320735	0.3332401106674822	0.0896022806882493	21.86276914525133					PASS
VCKSS-COMPARATIVE-SCALING-RESULT-V4	repair-full	91	scale_strong_d3_n30720_c1_r1	ca162022833c3d6e6906c11cf4860baf0d52fd86	02d6eb6ffc96e0eb7eea1252605663e3e206c6ce177f3cf7f0e860c2b25f40f9	strong_d3	strong	3	30720	10240	256	1	1	1	1	1	1	1	104729	1	scc-kc1	Intel(R) Xeon(R) Gold 6426Y	mata	PASS	0	0	0	8.44	9.0	8.88	0.43			0.729	0.444	0.183	0.119	7.281	0.009	3.4	3.701	0.177	4.919	0.0	0.8949999999999999									451776512	451776512	455073792	18970870547	1429821659	1429821659														1.14582166511e-14	1e-09	1.0	NONE							21.39898028691962	1.330986672057266	0.3113962205676906	23.35275940011226	1.54859246201e-05	4.51116329917e-06	1.19856774247e-05	1.90083861879e-05	PASS
VCKSS-COMPARATIVE-SCALING-RESULT-V4	repair-full	91	scale_strong_d3_n30720_c1_r1	ca162022833c3d6e6906c11cf4860baf0d52fd86	02d6eb6ffc96e0eb7eea1252605663e3e206c6ce177f3cf7f0e860c2b25f40f9	strong_d3	strong	3	30720	10240	256	1	1	1	1	1	1	1	104729	2	scc-kc1	Intel(R) Xeon(R) Gold 6426Y	rust	PASS	0	0	0	0.748	1.31	1.26	0.425															0.000985877	0.008113839	0.005846337	0.006748766	0.002620095	0.0	0.538628901	0.562943815	279388160	279388160	277405696	18970870547	1207536243	1207536243	1082571113	2577528	1	1	1e-10	1e-06	0.00450595	0.002532578	0.028293718	0.068953874	0.163475343	1202	601	2.45400907357e-14	1e-05	1.0	CMG_FULL_V2							21.39897476928775	1.330987352082411	0.3114193145323922	23.35280075043494	1.55855337501e-05	4.28182302832e-06	1.29950063021e-05	2.11161580806e-05	PASS
VCKSS-COMPARATIVE-SCALING-RESULT-V4	repair-full	91	scale_strong_d3_n30720_c1_r1	ca162022833c3d6e6906c11cf4860baf0d52fd86	02d6eb6ffc96e0eb7eea1252605663e3e206c6ce177f3cf7f0e860c2b25f40f9	strong_d3	strong	3	30720	10240	256	1	1	1	1	1	1	1	104729	3	scc-kc1	Intel(R) Xeon(R) Gold 6426Y	matlab	PASS	0	0	0	4.181268	70.27	33.57	2.14864	15.672199	2.64229																					3350487040	3369644032	1854787584	18970870547																				True	13	13	3.1e-11	MAINTAINED_UPSTREAM_INTERNAL	MATLAB_TWISTER_SEED_PLUS_WORKER_INDEX	21.39946246811773	1.3308790218711395	0.3115468096152601	23.35343510921939					PASS
VCKSS-COMPARATIVE-SCALING-RESULT-V4	repair-full	92	scale_strong_d3_n30720_c1_r2	ca162022833c3d6e6906c11cf4860baf0d52fd86	02d6eb6ffc96e0eb7eea1252605663e3e206c6ce177f3cf7f0e860c2b25f40f9	strong_d3	strong	3	30720	10240	256	1	1	1	1	1	1	2	8675309	3	scc-b19	Intel(R) Xeon(R) 6737P	mata	PASS	0	0	0	8.118	9.17	8.420000000000002	0.427			0.81	0.488	0.178	0.16	6.904	0.009	3.168	3.52	0.188	4.513	0.0	0.8909999999999998									463552512	463552512	471875584	18771154568	1429821618	1429821618														1.17110563186e-14	1e-09	1.0	NONE							21.39899370702704	1.330977142885214	0.3113943505634987	23.35275955103925	1.50606559644e-05	4.48760025605e-06	1.13738474423e-05	1.84734874952e-05	PASS
VCKSS-COMPARATIVE-SCALING-RESULT-V4	repair-full	92	scale_strong_d3_n30720_c1_r2	ca162022833c3d6e6906c11cf4860baf0d52fd86	02d6eb6ffc96e0eb7eea1252605663e3e206c6ce177f3cf7f0e860c2b25f40f9	strong_d3	strong	3	30720	10240	256	1	1	1	1	1	1	2	8675309	1	scc-b19	Intel(R) Xeon(R) 6737P	rust	PASS	0	0	0	0.931	2.89	1.24	1.759															0.000951937	0.007791632	0.00591569	0.006842697	0.002662534	0.0	0.537093346	0.561257836	281186304	281186304	279322624	18771154568	1207536243	1207536243	1082571113	2577528	1	1	1e-10	1e-06	0.004548	0.002460254	0.027693369	0.069636434	0.163190499	1202	601	2.47644004894e-14	1e-05	1.0	CMG_FULL_V2							21.39893740902368	1.330978949893157	0.3114326423269755	23.35278164357079	1.60334327499e-05	4.45159376127e-06	1.3357255407e-05	2.21761942052e-05	PASS
VCKSS-COMPARATIVE-SCALING-RESULT-V4	repair-full	92	scale_strong_d3_n30720_c1_r2	ca162022833c3d6e6906c11cf4860baf0d52fd86	02d6eb6ffc96e0eb7eea1252605663e3e206c6ce177f3cf7f0e860c2b25f40f9	strong_d3	strong	3	30720	10240	256	1	1	1	1	1	1	2	8675309	2	scc-b19	Intel(R) Xeon(R) 6737P	matlab	PASS	0	0	0	5.645794	241.09	32.7	4.046134	53.893705	5.141073																					3342557184	3365048320	1854246912	18771154568																				True	13	13	3.1e-11	MAINTAINED_UPSTREAM_INTERNAL	MATLAB_TWISTER_SEED_PLUS_WORKER_INDEX	21.399475394465743	1.3308780574201968	0.31153858809949736	23.353430628084933					PASS
VCKSS-COMPARATIVE-SCALING-RESULT-V4	repair-full	93	scale_strong_d3_n30720_c1_r3	ca162022833c3d6e6906c11cf4860baf0d52fd86	02d6eb6ffc96e0eb7eea1252605663e3e206c6ce177f3cf7f0e860c2b25f40f9	strong_d3	strong	3	30720	10240	256	1	1	1	1	1	1	3	20260819	2	scc-ke1	Intel(R) Xeon(R) Gold 6426Y	mata	PASS	0	0	0	8.652	9.26	9.139999999999999	0.463			0.749	0.453	0.185	0.119	7.458	0.01	3.492	3.781	0.182	5.012000000000001	0.0	0.9269999999999998									466407424	466407424	464379904	18979460482	1429821637	1429821637														1.07538339931e-14	1e-09	1.0	NONE							21.39900026973737	1.330986230712311	0.3113857804937361	23.35275806143716	1.59186347431e-05	5.18787043487e-06	1.283021955e-05	2.02369525166e-05	PASS
VCKSS-COMPARATIVE-SCALING-RESULT-V4	repair-full	93	scale_strong_d3_n30720_c1_r3	ca162022833c3d6e6906c11cf4860baf0d52fd86	02d6eb6ffc96e0eb7eea1252605663e3e206c6ce177f3cf7f0e860c2b25f40f9	strong_d3	strong	3	30720	10240	256	1	1	1	1	1	1	3	20260819	3	scc-ke1	Intel(R) Xeon(R) Gold 6426Y	rust	PASS	0	0	0	0.777	1.38	1.32	0.4399999999999999															0.001016422	0.008163513	0.005972633	0.006859323	0.00266273	0.0	0.550281468	0.574956089	277782528	277782528	276033536	18979460482	1207536243	1207536243	1082571113	2577528	1	1	1e-10	1e-06	0.00455324	0.002568914	0.029622229	0.068743819	0.166617251	1202	601	2.31474908119e-14	1e-05	1.0	CMG_FULL_V2							21.39899150902817	1.330983726460464	0.3114013355399709	23.35277790656857	1.62739215626e-05	4.42787984566e-06	1.25778759694e-05	2.12767485686e-05	PASS
VCKSS-COMPARATIVE-SCALING-RESULT-V4	repair-full	93	scale_strong_d3_n30720_c1_r3	ca162022833c3d6e6906c11cf4860baf0d52fd86	02d6eb6ffc96e0eb7eea1252605663e3e206c6ce177f3cf7f0e860c2b25f40f9	strong_d3	strong	3	30720	10240	256	1	1	1	1	1	1	3	20260819	1	scc-ke1	Intel(R) Xeon(R) Gold 6426Y	matlab	PASS	0	0	0	4.515779	52.02	36.06	2.271417	16.963468	2.745254																					3339288576	3358408704	1844686848	18979460482																				True	13	13	3.1e-11	MAINTAINED_UPSTREAM_INTERNAL	MATLAB_TWISTER_SEED_PLUS_WORKER_INDEX	21.399509931433663	1.3308788320067932	0.31153460920679654	23.35345798185405					PASS
VCKSS-COMPARATIVE-SCALING-RESULT-V4	first	94	scale_strong_d3_n30720_c2_r1	e1514185445cab36f930c90a44c5a4e23326e027	fbed59bf26bd6cf641bec0946ff6d32cdfe992786852947c530678dd4c86a026	strong_d3	strong	3	30720	10240	256	2	2	2	2	2	2	1	104729	1	scc-tf4	Intel(R) Xeon(R) CPU E5-2660 v3 @ 2.60GHz	mata	PASS	0	0	0	19.268	22.77	40.629999999999995	2.851			2.072	1.309	0.454	0.4	15.992	0.019	7.596	7.87	0.2590000000000001	12.332	0.0	1.333									487997440	487997440	486129664	29757680911	1429821539	1429821539														1.22299841242e-14	1e-09	1.0	NONE							21.39898028691962	1.330986672057267	0.3113962205676905	23.35275940011226	1.54859246201e-05	4.51116329917e-06	1.19856774247e-05	1.90083861879e-05	PASS
VCKSS-COMPARATIVE-SCALING-RESULT-V4	first	94	scale_strong_d3_n30720_c2_r1	e1514185445cab36f930c90a44c5a4e23326e027	fbed59bf26bd6cf641bec0946ff6d32cdfe992786852947c530678dd4c86a026	strong_d3	strong	3	30720	10240	256	2	2	2	2	2	2	1	104729	2	scc-tf4	Intel(R) Xeon(R) CPU E5-2660 v3 @ 2.60GHz	rust	PASS	0	0	0	1.392	2.88	4.779999999999999	1.07															0.002104086	0.01416782	0.012461411	0.014988982	0.00576299	0.0	0.914148684	0.963633973	298860544	298860544	297480192	29757680911	1251930329	1251930329	1082792412	2761944	2	2	1e-10	1e-06	0.0094374	0.00570839	0.05911168	0.118483427	0.280290186	1202	601	2.45400907357e-14	1e-05	1.0	CMG_FULL_V2							21.39897476928775	1.330987352082411	0.3114193145323922	23.35280075043494	1.55855337501e-05	4.28182302832e-06	1.29950063021e-05	2.11161580806e-05	PASS
VCKSS-COMPARATIVE-SCALING-RESULT-V4	first	94	scale_strong_d3_n30720_c2_r1	e1514185445cab36f930c90a44c5a4e23326e027	fbed59bf26bd6cf641bec0946ff6d32cdfe992786852947c530678dd4c86a026	strong_d3	strong	3	30720	10240	256	2	2	2	2	2	2	1	104729	3	scc-tf4	Intel(R) Xeon(R) CPU E5-2660 v3 @ 2.60GHz	matlab	PASS	0	0	0	11.863585	496.03	202.19	12.419441	105.338172	7.158516																					5316837376	5338935296	1991221248	29757680911																				True	13	13	3.1e-11	MAINTAINED_UPSTREAM_INTERNAL	MATLAB_TWISTER_SEED_PLUS_WORKER_INDEX	21.39946216873574	1.3308753384558023	0.3115443095345064	23.353426126260555					PASS
VCKSS-COMPARATIVE-SCALING-RESULT-V4	first	95	scale_strong_d3_n30720_c2_r2	e1514185445cab36f930c90a44c5a4e23326e027	fbed59bf26bd6cf641bec0946ff6d32cdfe992786852947c530678dd4c86a026	strong_d3	strong	3	30720	10240	256	2	2	2	2	2	2	2	8675309	3	scc-sc4	Intel(R) Xeon(R) CPU E5-2650 v2 @ 2.60GHz	mata	PASS	0	0	0	18.756	20.19	38.61	0.681			1.941	1.361	0.453	0.285	15.865	0.015	7.486	7.978	0.274	12.495	0.0	1.228									485322752	485322752	483196928	29615946990	1429821573	1429821573														1.23187747139e-14	1e-09	1.0	NONE							21.39899370702704	1.330977142885214	0.3113943505634986	23.35275955103925	1.50606559644e-05	4.48760025605e-06	1.13738474423e-05	1.84734874952e-05	PASS
VCKSS-COMPARATIVE-SCALING-RESULT-V4	first	95	scale_strong_d3_n30720_c2_r2	e1514185445cab36f930c90a44c5a4e23326e027	fbed59bf26bd6cf641bec0946ff6d32cdfe992786852947c530678dd4c86a026	strong_d3	strong	3	30720	10240	256	2	2	2	2	2	2	2	8675309	1	scc-sc4	Intel(R) Xeon(R) CPU E5-2650 v2 @ 2.60GHz	rust	PASS	0	0	0	1.161	2.05	3.55	0.626															0.001886692	0.012267716	0.010394281	0.012886052	0.004922667	0.0	0.678471218	0.720828626	294846464	294846464	292798464	29615946990	1251930329	1251930329	1082792412	2761944	2	2	1e-10	1e-06	0.007665785	0.005457049	0.036018877	0.076159937	0.199612897	1202	601	2.47644004894e-14	1e-05	1.0	CMG_FULL_V2							21.39893740902368	1.330978949893157	0.3114326423269755	23.35278164357079	1.60334327499e-05	4.45159376127e-06	1.3357255407e-05	2.21761942052e-05	PASS
VCKSS-COMPARATIVE-SCALING-RESULT-V4	first	95	scale_strong_d3_n30720_c2_r2	e1514185445cab36f930c90a44c5a4e23326e027	fbed59bf26bd6cf641bec0946ff6d32cdfe992786852947c530678dd4c86a026	strong_d3	strong	3	30720	10240	256	2	2	2	2	2	2	2	8675309	2	scc-sc4	Intel(R) Xeon(R) CPU E5-2650 v2 @ 2.60GHz	matlab	PASS	0	0	0	9.88356	282.37	125.61	3.075884	126.790565	4.64161																					5349765120	5389619200	2043461632	29615946990																				True	13	13	3.1e-11	MAINTAINED_UPSTREAM_INTERNAL	MATLAB_TWISTER_SEED_PLUS_WORKER_INDEX	21.399470183928877	1.330877682630001	0.31154185985416294	23.353431586267202					PASS
VCKSS-COMPARATIVE-SCALING-RESULT-V4	first	96	scale_strong_d3_n30720_c2_r3	e1514185445cab36f930c90a44c5a4e23326e027	fbed59bf26bd6cf641bec0946ff6d32cdfe992786852947c530678dd4c86a026	strong_d3	strong	3	30720	10240	256	2	2	2	2	2	2	3	20260819	2	scc-mf8	Intel(R) Xeon(R) CPU E5-2650 v2 @ 2.60GHz	mata	PASS	0	0	0	18.894	20.36	38.79	0.898			1.99	1.362	0.462	0.285	15.933	0.015	7.505	8.027	0.2660000000000001	12.539	0.0	1.251									475082752	475082752	478334976	29266980897	1429821592	1429821592														1.13357967145e-14	1e-09	1.0	NONE							21.39900026973737	1.330986230712311	0.3113857804937359	23.35275806143716	1.59186347431e-05	5.18787043487e-06	1.283021955e-05	2.02369525166e-05	PASS
VCKSS-COMPARATIVE-SCALING-RESULT-V4	first	96	scale_strong_d3_n30720_c2_r3	e1514185445cab36f930c90a44c5a4e23326e027	fbed59bf26bd6cf641bec0946ff6d32cdfe992786852947c530678dd4c86a026	strong_d3	strong	3	30720	10240	256	2	2	2	2	2	2	3	20260819	3	scc-mf8	Intel(R) Xeon(R) CPU E5-2650 v2 @ 2.60GHz	rust	PASS	0	0	0	1.134	2.05	3.5100000000000002	0.573															0.001871591	0.012142147	0.010426021	0.012829725	0.005023707	0.0	0.689518917	0.731812108	296075264	296075264	294121472	29266980897	1251930329	1251930329	1082792412	2761944	2	2	1e-10	1e-06	0.007787508	0.005452519	0.037195639	0.078286323	0.201411737	1202	601	2.31474908119e-14	1e-05	1.0	CMG_FULL_V2							21.39899150902817	1.330983726460464	0.3114013355399709	23.35277790656857	1.62739215626e-05	4.42787984566e-06	1.25778759694e-05	2.12767485686e-05	PASS
VCKSS-COMPARATIVE-SCALING-RESULT-V4	first	96	scale_strong_d3_n30720_c2_r3	e1514185445cab36f930c90a44c5a4e23326e027	fbed59bf26bd6cf641bec0946ff6d32cdfe992786852947c530678dd4c86a026	strong_d3	strong	3	30720	10240	256	2	2	2	2	2	2	3	20260819	1	scc-mf8	Intel(R) Xeon(R) CPU E5-2650 v2 @ 2.60GHz	matlab	PASS	0	0	0	8.305759	217.32	116.59	2.873374	49.576727	4.704284																					5426872320	5450321920	2026475520	29266980897																				True	13	13	3.1e-11	MAINTAINED_UPSTREAM_INTERNAL	MATLAB_TWISTER_SEED_PLUS_WORKER_INDEX	21.399503196992374	1.3308785638678298	0.3115421645553063	23.353466089970816					PASS
VCKSS-COMPARATIVE-SCALING-RESULT-V4	first	97	scale_strong_d3_n30720_c4_r1	e1514185445cab36f930c90a44c5a4e23326e027	fbed59bf26bd6cf641bec0946ff6d32cdfe992786852947c530678dd4c86a026	strong_d3	strong	3	30720	10240	256	4	4	4	4	4	4	1	104729	1	scc-mh4	Intel(R) Xeon(R) CPU E5-2650 v2 @ 2.60GHz	mata	PASS	0	0	0	19.04	19.88	77.0	0.513			2.022	1.438	0.475	0.299	16.005	0.015	7.514	8.07	0.232	13.024	0.0	1.05									494653440	494653440	492544000	49297634624	1429821537	1429821537														9.84436449196e-15	1e-09	1.0	NONE							21.39898028691962	1.330986672057266	0.3113962205676909	23.35275940011226	1.54859246201e-05	4.51116329917e-06	1.19856774247e-05	1.90083861879e-05	PASS
VCKSS-COMPARATIVE-SCALING-RESULT-V4	first	97	scale_strong_d3_n30720_c4_r1	e1514185445cab36f930c90a44c5a4e23326e027	fbed59bf26bd6cf641bec0946ff6d32cdfe992786852947c530678dd4c86a026	strong_d3	strong	3	30720	10240	256	4	4	4	4	4	4	1	104729	2	scc-mh4	Intel(R) Xeon(R) CPU E5-2650 v2 @ 2.60GHz	rust	PASS	0	0	0	0.924	1.73	5.0200000000000005	0.532															0.001965158	0.012917689	0.011009243	0.013449513	0.005178852	0.0	0.473234191	0.517754646	303923200	303923200	301985792	49297634624	1340521894	1340521894	1083038403	2966936	4	4	1e-10	1e-06	0.008389924	0.005741738	0.02522594	0.05119418	0.132753467	1202	601	2.45400907357e-14	1e-05	1.0	CMG_FULL_V2							21.39897476928775	1.330987352082411	0.3114193145323922	23.35280075043494	1.55855337501e-05	4.28182302832e-06	1.29950063021e-05	2.11161580806e-05	PASS
VCKSS-COMPARATIVE-SCALING-RESULT-V4	first	97	scale_strong_d3_n30720_c4_r1	e1514185445cab36f930c90a44c5a4e23326e027	fbed59bf26bd6cf641bec0946ff6d32cdfe992786852947c530678dd4c86a026	strong_d3	strong	3	30720	10240	256	4	4	4	4	4	4	1	104729	3	scc-mh4	Intel(R) Xeon(R) CPU E5-2650 v2 @ 2.60GHz	matlab	PASS	0	0	0	6.496899	279.54	204.39000000000001	3.04643	129.970016	4.891368																					8701935616	8741167104	2021658624	49297634624																				True	13	13	3.1e-11	MAINTAINED_UPSTREAM_INTERNAL	MATLAB_TWISTER_SEED_PLUS_WORKER_INDEX	21.399493857209073	1.3308752766619525	0.31154255503744005	23.353454243945905					PASS
VCKSS-COMPARATIVE-SCALING-RESULT-V4	first	98	scale_strong_d3_n30720_c4_r2	e1514185445cab36f930c90a44c5a4e23326e027	fbed59bf26bd6cf641bec0946ff6d32cdfe992786852947c530678dd4c86a026	strong_d3	strong	3	30720	10240	256	4	4	4	4	4	4	2	8675309	3	scc-tf3	Intel(R) Xeon(R) CPU E5-2660 v3 @ 2.60GHz	mata	PASS	0	0	0	15.921	17.42	66.57	0.977			1.915	1.275	0.439	0.266	13.041	0.014	6.339	6.316	0.199	10.343	0.0	0.951									511594496	511594496	517591040	49610093495	1429821561	1429821561														1.004342652e-14	1e-09	1.0	NONE							21.39899370702704	1.330977142885213	0.311394350563499	23.35275955103925	1.50606559644e-05	4.48760025605e-06	1.13738474423e-05	1.84734874952e-05	PASS
VCKSS-COMPARATIVE-SCALING-RESULT-V4	first	98	scale_strong_d3_n30720_c4_r2	e1514185445cab36f930c90a44c5a4e23326e027	fbed59bf26bd6cf641bec0946ff6d32cdfe992786852947c530678dd4c86a026	strong_d3	strong	3	30720	10240	256	4	4	4	4	4	4	2	8675309	1	scc-tf3	Intel(R) Xeon(R) CPU E5-2660 v3 @ 2.60GHz	rust	PASS	0	0	0	1.131	2.55	7.140000000000001	1.033															0.002112781	0.014029331	0.012183807	0.015863722	0.005950554	0.0	0.582031058	0.632171253	305053696	305053696	302985216	49610093495	1340521894	1340521894	1083038403	2966936	4	4	1e-10	1e-06	0.00897275	0.005780171	0.026257008	0.059453945	0.155105433	1202	601	2.47644004894e-14	1e-05	1.0	CMG_FULL_V2							21.39893740902368	1.330978949893157	0.3114326423269755	23.35278164357079	1.60334327499e-05	4.45159376127e-06	1.3357255407e-05	2.21761942052e-05	PASS
VCKSS-COMPARATIVE-SCALING-RESULT-V4	first	98	scale_strong_d3_n30720_c4_r2	e1514185445cab36f930c90a44c5a4e23326e027	fbed59bf26bd6cf641bec0946ff6d32cdfe992786852947c530678dd4c86a026	strong_d3	strong	3	30720	10240	256	4	4	4	4	4	4	2	8675309	2	scc-tf3	Intel(R) Xeon(R) CPU E5-2660 v3 @ 2.60GHz	matlab	PASS	0	0	0	7.000183	231.51	266.95	4.296608	63.022485	6.090396																					8653742080	8693854208	2058407936	49610093495																				True	13	13	3.1e-11	MAINTAINED_UPSTREAM_INTERNAL	MATLAB_TWISTER_SEED_PLUS_WORKER_INDEX	21.39947457754358	1.3308797077598815	0.31153405329271155	23.353422391888884					PASS
VCKSS-COMPARATIVE-SCALING-RESULT-V4	first	99	scale_strong_d3_n30720_c4_r3	e1514185445cab36f930c90a44c5a4e23326e027	fbed59bf26bd6cf641bec0946ff6d32cdfe992786852947c530678dd4c86a026	strong_d3	strong	3	30720	10240	256	4	4	4	4	4	4	3	20260819	2	scc-mc7	Intel(R) Xeon(R) CPU E5-2650 v2 @ 2.60GHz	mata	PASS	0	0	0	19.329	21.28	77.53	1.644			2.037	1.444	0.478	0.325	16.052	0.021	7.533	8.066	0.234	13.047	0.0	1.044									499441664	499441664	502784000	49988050617	1429821570	1429821570														9.20203951769e-15	1e-09	1.0	NONE							21.39900026973737	1.33098623071231	0.3113857804937364	23.35275806143716	1.59186347431e-05	5.18787043487e-06	1.283021955e-05	2.02369525166e-05	PASS
VCKSS-COMPARATIVE-SCALING-RESULT-V4	first	99	scale_strong_d3_n30720_c4_r3	e1514185445cab36f930c90a44c5a4e23326e027	fbed59bf26bd6cf641bec0946ff6d32cdfe992786852947c530678dd4c86a026	strong_d3	strong	3	30720	10240	256	4	4	4	4	4	4	3	20260819	3	scc-mc7	Intel(R) Xeon(R) CPU E5-2650 v2 @ 2.60GHz	rust	PASS	0	0	0	0.922	1.73	5.010000000000001	0.506															0.00198775	0.013068958	0.010684412	0.01358504	0.005181342	0.0	0.474846943	0.519354445	306065408	306065408	304046080	49988050617	1340521894	1340521894	1083038403	2966936	4	4	1e-10	1e-06	0.008353672	0.005825269	0.023876891	0.048935996	0.12827378	1202	601	2.31474908119e-14	1e-05	1.0	CMG_FULL_V2							21.39899150902817	1.330983726460464	0.3114013355399709	23.35277790656857	1.62739215626e-05	4.42787984566e-06	1.25778759694e-05	2.12767485686e-05	PASS
VCKSS-COMPARATIVE-SCALING-RESULT-V4	first	99	scale_strong_d3_n30720_c4_r3	e1514185445cab36f930c90a44c5a4e23326e027	fbed59bf26bd6cf641bec0946ff6d32cdfe992786852947c530678dd4c86a026	strong_d3	strong	3	30720	10240	256	4	4	4	4	4	4	3	20260819	1	scc-mc7	Intel(R) Xeon(R) CPU E5-2650 v2 @ 2.60GHz	matlab	PASS	0	0	0	7.828446	473.03	203.10000000000002	6.326648	54.589426	5.900004																					8707706880	8772055040	2021875712	49988050617																				True	13	13	3.1e-11	MAINTAINED_UPSTREAM_INTERNAL	MATLAB_TWISTER_SEED_PLUS_WORKER_INDEX	21.399484674650566	1.3308841430992557	0.31154971159879397	23.353468240947407					PASS
VCKSS-COMPARATIVE-SCALING-RESULT-V4	first	100	scale_strong_d3_n30720_c8_r1	e1514185445cab36f930c90a44c5a4e23326e027	fbed59bf26bd6cf641bec0946ff6d32cdfe992786852947c530678dd4c86a026	strong_d3	strong	3	30720	10240	256	8	4	4	4	8	8	1	104729	1	scc-td3	Intel(R) Xeon(R) CPU E5-2660 v3 @ 2.60GHz	mata	PASS	0	0	0	15.462	16.33	62.54	0.613			1.657	1.1	0.356	0.429	13.035	0.014	5.966	6.538	0.201	10.172	0.0	0.982									488382464	488382464	486428672	89715424363	1429821544	1429821544														9.84436449196e-15	1e-09	1.0	NONE							21.39898028691962	1.330986672057266	0.3113962205676909	23.35275940011226	1.54859246201e-05	4.51116329917e-06	1.19856774247e-05	1.90083861879e-05	PASS
VCKSS-COMPARATIVE-SCALING-RESULT-V4	first	100	scale_strong_d3_n30720_c8_r1	e1514185445cab36f930c90a44c5a4e23326e027	fbed59bf26bd6cf641bec0946ff6d32cdfe992786852947c530678dd4c86a026	strong_d3	strong	3	30720	10240	256	8	4	8	4	8	8	1	104729	2	scc-td3	Intel(R) Xeon(R) CPU E5-2660 v3 @ 2.60GHz	rust	PASS	0	0	0	0.671	1.26	4.7	0.378															0.001637513	0.011014092	0.009566489	0.01203304	0.004629286	0.0	0.293741459	0.332621879	305250304	305250304	304775168	89715424363	1517705024	1517705024	1083530384	3376920	8	8	1e-10	1e-06	0.007236861	0.004880758	0.013341373	0.024944408	0.070702213	1202	601	2.45400907357e-14	1e-05	1.0	CMG_FULL_V2							21.39897476928775	1.330987352082411	0.3114193145323922	23.35280075043494	1.55855337501e-05	4.28182302832e-06	1.29950063021e-05	2.11161580806e-05	PASS
VCKSS-COMPARATIVE-SCALING-RESULT-V4	first	100	scale_strong_d3_n30720_c8_r1	e1514185445cab36f930c90a44c5a4e23326e027	fbed59bf26bd6cf641bec0946ff6d32cdfe992786852947c530678dd4c86a026	strong_d3	strong	3	30720	10240	256	8	4	8	4	8	8	1	104729	3	scc-td3	Intel(R) Xeon(R) CPU E5-2660 v3 @ 2.60GHz	matlab	PASS	0	0	0	4.613449	205.44	328.15	3.064368	130.067439	5.1037																					15238447104	15281164288	2045108224	89715424363																				True	13	13	3.1e-11	MAINTAINED_UPSTREAM_INTERNAL	MATLAB_TWISTER_SEED_PLUS_WORKER_INDEX	21.399491142933243	1.330877704090228	0.3115381903099977	23.353445227643466					PASS
VCKSS-COMPARATIVE-SCALING-RESULT-V4	first	101	scale_strong_d3_n30720_c8_r2	e1514185445cab36f930c90a44c5a4e23326e027	fbed59bf26bd6cf641bec0946ff6d32cdfe992786852947c530678dd4c86a026	strong_d3	strong	3	30720	10240	256	8	4	4	4	8	8	2	8675309	3	scc-mc8	Intel(R) Xeon(R) CPU E5-2650 v2 @ 2.60GHz	mata	PASS	0	0	0	19.233	20.06	77.55	0.502			2.133	1.528	0.476	0.349	16.079	0.021	7.53	8.074	0.2310000000000001	13.051	0.0	1.041									486727680	486727680	495493120	89451283874	1429821553	1429821553														1.004342652e-14	1e-09	1.0	NONE							21.39899370702704	1.330977142885213	0.311394350563499	23.35275955103925	1.50606559644e-05	4.48760025605e-06	1.13738474423e-05	1.84734874952e-05	PASS
VCKSS-COMPARATIVE-SCALING-RESULT-V4	first	101	scale_strong_d3_n30720_c8_r2	e1514185445cab36f930c90a44c5a4e23326e027	fbed59bf26bd6cf641bec0946ff6d32cdfe992786852947c530678dd4c86a026	strong_d3	strong	3	30720	10240	256	8	4	8	4	8	8	2	8675309	1	scc-mc8	Intel(R) Xeon(R) CPU E5-2650 v2 @ 2.60GHz	rust	PASS	0	0	0	1.088	3.99	5.71	2.558															0.001985858	0.01303112	0.010902923	0.013504101	0.005123827	0.0	0.317602033	0.362149862	307769344	307769344	307343360	89451283874	1517705024	1517705024	1083530384	3376920	8	8	1e-10	1e-06	0.008344157	0.00645684	0.014466351	0.029918597	0.075412449	1202	601	2.47644004894e-14	1e-05	1.0	CMG_FULL_V2							21.39893740902368	1.330978949893157	0.3114326423269755	23.35278164357079	1.60334327499e-05	4.45159376127e-06	1.3357255407e-05	2.21761942052e-05	PASS
VCKSS-COMPARATIVE-SCALING-RESULT-V4	first	101	scale_strong_d3_n30720_c8_r2	e1514185445cab36f930c90a44c5a4e23326e027	fbed59bf26bd6cf641bec0946ff6d32cdfe992786852947c530678dd4c86a026	strong_d3	strong	3	30720	10240	256	8	4	8	4	8	8	2	8675309	2	scc-mc8	Intel(R) Xeon(R) CPU E5-2650 v2 @ 2.60GHz	matlab	PASS	0	0	0	6.989097	523.57	369.05	6.328491	191.787018	6.224448																					15179145216	15256940544	2005262336	89451283874																				True	13	13	3.1e-11	MAINTAINED_UPSTREAM_INTERNAL	MATLAB_TWISTER_SEED_PLUS_WORKER_INDEX	21.39948592168706	1.3308815074910736	0.31154007069904005	23.353447570576215					PASS
VCKSS-COMPARATIVE-SCALING-RESULT-V4	first	102	scale_strong_d3_n30720_c8_r3	e1514185445cab36f930c90a44c5a4e23326e027	fbed59bf26bd6cf641bec0946ff6d32cdfe992786852947c530678dd4c86a026	strong_d3	strong	3	30720	10240	256	8	4	4	4	8	8	3	20260819	2	scc-mh5	Intel(R) Xeon(R) CPU E5-2650 v2 @ 2.60GHz	mata	PASS	0	0	0	19.205	20.07	77.56	0.508			2.033	1.439	0.475	0.458	16.179	0.015	7.55	8.051	0.23	13.082	0.0	1.02									491667456	491667456	496488448	89073326752	1429821576	1429821576														9.20203951769e-15	1e-09	1.0	NONE							21.39900026973737	1.33098623071231	0.3113857804937364	23.35275806143716	1.59186347431e-05	5.18787043487e-06	1.283021955e-05	2.02369525166e-05	PASS
VCKSS-COMPARATIVE-SCALING-RESULT-V4	first	102	scale_strong_d3_n30720_c8_r3	e1514185445cab36f930c90a44c5a4e23326e027	fbed59bf26bd6cf641bec0946ff6d32cdfe992786852947c530678dd4c86a026	strong_d3	strong	3	30720	10240	256	8	4	8	4	8	8	3	20260819	3	scc-mh5	Intel(R) Xeon(R) CPU E5-2650 v2 @ 2.60GHz	rust	PASS	0	0	0	0.76	1.41	5.08	0.418															0.001961098	0.013234819	0.010854156	0.014194154	0.00531078	0.0	0.325389227	0.370944234	310886400	310886400	311111680	89073326752	1517705024	1517705024	1083530384	3376920	8	8	1e-10	1e-06	0.008419962	0.006369806	0.013326839	0.032491574	0.076898285	1202	601	2.31474908119e-14	1e-05	1.0	CMG_FULL_V2							21.39899150902817	1.330983726460464	0.3114013355399709	23.35277790656857	1.62739215626e-05	4.42787984566e-06	1.25778759694e-05	2.12767485686e-05	PASS
VCKSS-COMPARATIVE-SCALING-RESULT-V4	first	102	scale_strong_d3_n30720_c8_r3	e1514185445cab36f930c90a44c5a4e23326e027	fbed59bf26bd6cf641bec0946ff6d32cdfe992786852947c530678dd4c86a026	strong_d3	strong	3	30720	10240	256	8	4	8	4	8	8	3	20260819	1	scc-mh5	Intel(R) Xeon(R) CPU E5-2650 v2 @ 2.60GHz	matlab	PASS	0	0	0	5.60887	208.94	353.15	3.196491	97.53384	5.171454																					15247175680	15367524352	2045505536	89073326752																				True	13	13	3.1e-11	MAINTAINED_UPSTREAM_INTERNAL	MATLAB_TWISTER_SEED_PLUS_WORKER_INDEX	21.39949295468591	1.3308807839134258	0.31154657821536447	23.353466895030067					PASS
VCKSS-COMPARATIVE-SCALING-RESULT-V4	first	103	scale_strong_d3_n30720_c16_r1	e1514185445cab36f930c90a44c5a4e23326e027	fbed59bf26bd6cf641bec0946ff6d32cdfe992786852947c530678dd4c86a026	strong_d3	strong	3	30720	10240	256	16	4	4	4	16	16	1	104729	1	scc-td2	Intel(R) Xeon(R) CPU E5-2660 v3 @ 2.60GHz	mata	PASS	0	0	0	16.367	17.69	67.48	0.979			2.014	1.293	0.443	0.285	13.393	0.014	6.445	6.539	0.201	10.655	0.0	0.963									488116224	488116224	493887488	176790517580	1429821561	1429821561														9.84436449196e-15	1e-09	1.0	NONE							21.39898028691962	1.330986672057266	0.3113962205676909	23.35275940011226	1.54859246201e-05	4.51116329917e-06	1.19856774247e-05	1.90083861879e-05	PASS
VCKSS-COMPARATIVE-SCALING-RESULT-V4	first	103	scale_strong_d3_n30720_c16_r1	e1514185445cab36f930c90a44c5a4e23326e027	fbed59bf26bd6cf641bec0946ff6d32cdfe992786852947c530678dd4c86a026	strong_d3	strong	3	30720	10240	256	16	4	16	4	16	16	1	104729	2	scc-td2	Intel(R) Xeon(R) CPU E5-2660 v3 @ 2.60GHz	rust	PASS	0	0	0	1.31	2.37	10.2	0.581															0.004073201	0.027738034	0.024141886	0.029641998	0.009465502	0.0	0.453882203	0.548942824	333025280	333025280	331079680	176790517580	1872071283	1872071283	1084514345	4196888	16	16	1e-10	1e-06	0.019199338	0.012986909	0.01746025	0.02900968	0.076965685	1202	601	2.45400907357e-14	1e-05	1.0	CMG_FULL_V2							21.39897476928775	1.330987352082411	0.3114193145323922	23.35280075043494	1.55855337501e-05	4.28182302832e-06	1.29950063021e-05	2.11161580806e-05	PASS
VCKSS-COMPARATIVE-SCALING-RESULT-V4	first	103	scale_strong_d3_n30720_c16_r1	e1514185445cab36f930c90a44c5a4e23326e027	fbed59bf26bd6cf641bec0946ff6d32cdfe992786852947c530678dd4c86a026	strong_d3	strong	3	30720	10240	256	16	4	16	4	16	16	1	104729	3	scc-td2	Intel(R) Xeon(R) CPU E5-2660 v3 @ 2.60GHz	matlab	PASS	0	0	0	6.834899	338.99	1056.97	3.232001	201.941542	6.485942																					28503769088	28705697792	2237493248	176790517580																				True	13	13	3.1e-11	MAINTAINED_UPSTREAM_INTERNAL	MATLAB_TWISTER_SEED_PLUS_WORKER_INDEX	21.39949470690573	1.330876456412211	0.3115437177377529	23.353458598793445					PASS
VCKSS-COMPARATIVE-SCALING-RESULT-V4	first	104	scale_strong_d3_n30720_c16_r2	e1514185445cab36f930c90a44c5a4e23326e027	fbed59bf26bd6cf641bec0946ff6d32cdfe992786852947c530678dd4c86a026	strong_d3	strong	3	30720	10240	256	16	4	4	4	16	16	2	8675309	3	scc-cb6	Intel(R) Xeon(R) CPU E5-2650 v2 @ 2.60GHz	mata	PASS	0	0	0	19.246	20.15	77.6	0.524			2.019	1.439	0.476	0.517	16.249	0.016	7.523	8.086	0.23	13.054	0.0	1.04									481517568	481517568	489906176	177317724816	1429821590	1429821590														1.004342652e-14	1e-09	1.0	NONE							21.39899370702704	1.330977142885213	0.311394350563499	23.35275955103925	1.50606559644e-05	4.48760025605e-06	1.13738474423e-05	1.84734874952e-05	PASS
VCKSS-COMPARATIVE-SCALING-RESULT-V4	first	104	scale_strong_d3_n30720_c16_r2	e1514185445cab36f930c90a44c5a4e23326e027	fbed59bf26bd6cf641bec0946ff6d32cdfe992786852947c530678dd4c86a026	strong_d3	strong	3	30720	10240	256	16	4	16	4	16	16	2	8675309	1	scc-cb6	Intel(R) Xeon(R) CPU E5-2650 v2 @ 2.60GHz	rust	PASS	0	0	0	0.681	1.37	5.54	0.4429999999999999															0.001959363	0.012564925	0.01036749	0.012816116	0.004771562	0.0	0.241147198	0.283626654	326520832	326520832	324640768	177317724816	1872071283	1872071283	1084514345	4196888	16	16	1e-10	1e-06	0.007916125	0.0063266	0.009487493	0.023180389	0.048689284	1202	601	2.47644004894e-14	1e-05	1.0	CMG_FULL_V2							21.39893740902368	1.330978949893157	0.3114326423269755	23.35278164357079	1.60334327499e-05	4.45159376127e-06	1.3357255407e-05	2.21761942052e-05	PASS
VCKSS-COMPARATIVE-SCALING-RESULT-V4	first	104	scale_strong_d3_n30720_c16_r2	e1514185445cab36f930c90a44c5a4e23326e027	fbed59bf26bd6cf641bec0946ff6d32cdfe992786852947c530678dd4c86a026	strong_d3	strong	3	30720	10240	256	16	4	16	4	16	16	2	8675309	2	scc-cb6	Intel(R) Xeon(R) CPU E5-2650 v2 @ 2.60GHz	matlab	PASS	0	0	0	5.243312	355.08	738.14	3.377562	205.094001	5.664112																					28412391424	28580462592	2184302592	177317724816																				True	13	13	3.1e-11	MAINTAINED_UPSTREAM_INTERNAL	MATLAB_TWISTER_SEED_PLUS_WORKER_INDEX	21.399481156647337	1.330883987060777	0.3115400645240772	23.353445272756268					PASS
VCKSS-COMPARATIVE-SCALING-RESULT-V4	first	105	scale_strong_d3_n30720_c16_r3	e1514185445cab36f930c90a44c5a4e23326e027	fbed59bf26bd6cf641bec0946ff6d32cdfe992786852947c530678dd4c86a026	strong_d3	strong	3	30720	10240	256	16	4	4	4	16	16	3	20260819	2	scc-md4	Intel(R) Xeon(R) CPU E5-2650 v2 @ 2.60GHz	mata	PASS	0	0	0	19.282	20.11	77.85	0.508			2.015	1.432	0.477	0.373	16.127	0.017	7.542	8.087	0.231	13.059	0.0	1.051									482910208	482910208	486019072	176763674035	1429821574	1429821574														9.20203951769e-15	1e-09	1.0	NONE							21.39900026973737	1.33098623071231	0.3113857804937364	23.35275806143716	1.59186347431e-05	5.18787043487e-06	1.283021955e-05	2.02369525166e-05	PASS
VCKSS-COMPARATIVE-SCALING-RESULT-V4	first	105	scale_strong_d3_n30720_c16_r3	e1514185445cab36f930c90a44c5a4e23326e027	fbed59bf26bd6cf641bec0946ff6d32cdfe992786852947c530678dd4c86a026	strong_d3	strong	3	30720	10240	256	16	4	16	4	16	16	3	20260819	3	scc-md4	Intel(R) Xeon(R) CPU E5-2650 v2 @ 2.60GHz	rust	PASS	0	0	0	0.679	1.34	5.510000000000001	0.429															0.001789863	0.01207055	0.009978463	0.012416716	0.004624187	0.0	0.236837001	0.27771678	322154496	322154496	323108864	176763674035	1872071283	1872071283	1084514345	4196888	16	16	1e-10	1e-06	0.007712567	0.006156224	0.009553025	0.018473004	0.053208081	1202	601	2.31474908119e-14	1e-05	1.0	CMG_FULL_V2							21.39899150902817	1.330983726460464	0.3114013355399709	23.35277790656857	1.62739215626e-05	4.42787984566e-06	1.25778759694e-05	2.12767485686e-05	PASS
VCKSS-COMPARATIVE-SCALING-RESULT-V4	first	105	scale_strong_d3_n30720_c16_r3	e1514185445cab36f930c90a44c5a4e23326e027	fbed59bf26bd6cf641bec0946ff6d32cdfe992786852947c530678dd4c86a026	strong_d3	strong	3	30720	10240	256	16	4	16	4	16	16	3	20260819	1	scc-md4	Intel(R) Xeon(R) CPU E5-2650 v2 @ 2.60GHz	matlab	PASS	0	0	0	5.953098	218.66	700.82	3.557127	83.36151	6.099035																					28591267840	28773605376	2186637312	176763674035																				True	13	13	3.1e-11	MAINTAINED_UPSTREAM_INTERNAL	MATLAB_TWISTER_SEED_PLUS_WORKER_INDEX	21.399495992287637	1.3308825116975536	0.3115517420828814	23.353481988150953					PASS
VCKSS-COMPARATIVE-SCALING-RESULT-V4	repair-full	106	scale_strong_d3_n122880_c1_r1	ca162022833c3d6e6906c11cf4860baf0d52fd86	02d6eb6ffc96e0eb7eea1252605663e3e206c6ce177f3cf7f0e860c2b25f40f9	strong_d3	strong	3	122880	40960	1024	1	1	1	1	1	1	1	104729	1	scc-sb8	Intel(R) Xeon(R) CPU E5-2650 v2 @ 2.60GHz	mata	PASS	0	0	0	81.076	83.05	82.59	1.135			6.534	5.251	1.817	1.395	72.125	0.078	33.198	37.038	1.395	52.09099999999999	0.0	8.149									1155817472	1155817472	1236979712	18909667263	1780800827	1780800827														1.48996583952e-14	1e-09	1.0	NONE							21.51429388178063	1.32820115793561	-0.0424921002220215	22.7575108392722	7.09337062125e-06	1.55760943678e-06	6.13410747685e-06	9.92820630328e-06	PASS
VCKSS-COMPARATIVE-SCALING-RESULT-V4	repair-full	106	scale_strong_d3_n122880_c1_r1	ca162022833c3d6e6906c11cf4860baf0d52fd86	02d6eb6ffc96e0eb7eea1252605663e3e206c6ce177f3cf7f0e860c2b25f40f9	strong_d3	strong	3	122880	40960	1024	1	1	1	1	1	1	1	104729	2	scc-sb8	Intel(R) Xeon(R) CPU E5-2650 v2 @ 2.60GHz	rust	PASS	0	0	0	10.474	12.53	12.2	1.145															0.00624754	0.049978301	0.041800302	0.049924385	0.018810135	0.0	9.679932643	9.846693306	537796608	537796608	537391104	18909667263	3018199308	3018199308	2528171350	18503912	1	1	1e-10	1e-06	0.032919364	0.013237957	0.248182867	5.742750281	1.403580257	4044	3443	3.02482997803e-06	1e-05	10.0	CMG_FULL_V2							21.5142860638167	1.328203283524195	-0.042490241906784	22.75750886352733	7.62693039584e-06	1.35482522587e-06	6.16652878531e-06	9.44700450807e-06	PASS
VCKSS-COMPARATIVE-SCALING-RESULT-V4	repair-full	106	scale_strong_d3_n122880_c1_r1	ca162022833c3d6e6906c11cf4860baf0d52fd86	02d6eb6ffc96e0eb7eea1252605663e3e206c6ce177f3cf7f0e860c2b25f40f9	strong_d3	strong	3	122880	40960	1024	1	1	1	1	1	1	1	104729	3	scc-sb8	Intel(R) Xeon(R) CPU E5-2650 v2 @ 2.60GHz	matlab	PASS	0	0	0	45.117206	191.31	116.18	6.321512	59.315167	3.650366																					3462516736	3462516736	1912225792	18909667263																				True	17	17	1.7e-11	MAINTAINED_UPSTREAM_INTERNAL	MATLAB_TWISTER_SEED_PLUS_WORKER_INDEX	21.51440831837035	1.3281821652549737	-0.042458799450259654	22.757672884724805					PASS
VCKSS-COMPARATIVE-SCALING-RESULT-V4	repair-full	107	scale_strong_d3_n122880_c1_r2	ca162022833c3d6e6906c11cf4860baf0d52fd86	02d6eb6ffc96e0eb7eea1252605663e3e206c6ce177f3cf7f0e860c2b25f40f9	strong_d3	strong	3	122880	40960	1024	1	1	1	1	1	1	2	8675309	3	scc-pf4	Intel(R) Xeon(R) CPU E5-2650 v2 @ 2.60GHz	mata	PASS	0	0	0	81.114	83.01	82.39	1.141			6.531	5.211	1.813	1.575	72.181	0.08	33.28	36.827	1.396	51.94400000000001	0.0	8.153									1163272192	1163272192	1244930048	19247895938	1780800790	1780800790														1.4024115545e-14	1e-09	1.0	NONE							21.51428292522883	1.328200321688421	-0.0424869859630876	22.75750927499108	7.49393317988e-06	1.49372344906e-06	6.1464815316e-06	9.92540128592e-06	PASS
VCKSS-COMPARATIVE-SCALING-RESULT-V4	repair-full	107	scale_strong_d3_n122880_c1_r2	ca162022833c3d6e6906c11cf4860baf0d52fd86	02d6eb6ffc96e0eb7eea1252605663e3e206c6ce177f3cf7f0e860c2b25f40f9	strong_d3	strong	3	122880	40960	1024	1	1	1	1	1	1	2	8675309	1	scc-pf4	Intel(R) Xeon(R) CPU E5-2650 v2 @ 2.60GHz	rust	PASS	0	0	0	10.563	12.4	12.31	1.136															0.007159648	0.050358075	0.041888447	0.053144416	0.019374733	0.0	9.753855432	9.925780751	536965120	536965120	536461312	19247895938	3018199308	3018199308	2528171350	18503912	1	1	1e-10	1e-06	0.032964695	0.013249912	0.253052434	5.789155357	1.413576163	4056	3455	3.03205226026e-06	1e-05	10.0	CMG_FULL_V2							21.51424866137092	1.328200373943382	-0.0424750383473198	22.75749895861967	7.15230969961e-06	1.52384070873e-06	5.96208048512e-06	1.04475451739e-05	PASS
VCKSS-COMPARATIVE-SCALING-RESULT-V4	repair-full	107	scale_strong_d3_n122880_c1_r2	ca162022833c3d6e6906c11cf4860baf0d52fd86	02d6eb6ffc96e0eb7eea1252605663e3e206c6ce177f3cf7f0e860c2b25f40f9	strong_d3	strong	3	122880	40960	1024	1	1	1	1	1	1	2	8675309	2	scc-pf4	Intel(R) Xeon(R) CPU E5-2650 v2 @ 2.60GHz	matlab	PASS	0	0	0	45.572482	159.65	115.7	5.56523	55.170376	4.598364																					3456135168	3457085440	1907052544	19247895938																				True	17	17	1.7e-11	MAINTAINED_UPSTREAM_INTERNAL	MATLAB_TWISTER_SEED_PLUS_WORKER_INDEX	21.514410648682624	1.3281824561591453	-0.04245961321442226	22.757673878412923					PASS
VCKSS-COMPARATIVE-SCALING-RESULT-V4	repair-full	108	scale_strong_d3_n122880_c1_r3	ca162022833c3d6e6906c11cf4860baf0d52fd86	02d6eb6ffc96e0eb7eea1252605663e3e206c6ce177f3cf7f0e860c2b25f40f9	strong_d3	strong	3	122880	40960	1024	1	1	1	1	1	1	3	20260819	2	scc-pg7	Intel(R) Xeon(R) CPU E5-2650 v2 @ 2.60GHz	mata	PASS	0	0	0	82.05	85.7	83.25	2.673			6.569	5.282	1.832	1.469	72.711	0.088	33.578	37.154	1.398	52.45399999999999	0.0	8.249									1242984448	1242984448	1241128960	18906446037	1780800817	1780800817														1.40476990939e-14	1e-09	1.0	NONE							21.5142634876791	1.328199632334994	-0.0424829311699169	22.75749725767426	7.61280316065e-06	1.36898888172e-06	6.24776587354e-06	1.06179741707e-05	PASS
VCKSS-COMPARATIVE-SCALING-RESULT-V4	repair-full	108	scale_strong_d3_n122880_c1_r3	ca162022833c3d6e6906c11cf4860baf0d52fd86	02d6eb6ffc96e0eb7eea1252605663e3e206c6ce177f3cf7f0e860c2b25f40f9	strong_d3	strong	3	122880	40960	1024	1	1	1	1	1	1	3	20260819	3	scc-pg7	Intel(R) Xeon(R) CPU E5-2650 v2 @ 2.60GHz	rust	PASS	0	0	0	10.517	12.36	12.24	1.108															0.007189993	0.049646815	0.041542165	0.052672501	0.019929738	0.0	9.718557146	9.889538358	539611136	539611136	538959872	18906446037	3018199308	3018199308	2528171350	18503912	1	1	1e-10	1e-06	0.032907268	0.013147915	0.253408586	5.751416303	1.422830343	4029	3428	3.02909453359e-06	1e-05	10.0	CMG_FULL_V2							21.51426327698746	1.328200226200536	-0.0424745498458653	22.75751440349627	7.15705301676e-06	1.4567252326e-06	5.51178448439e-06	9.49377676896e-06	PASS
VCKSS-COMPARATIVE-SCALING-RESULT-V4	repair-full	108	scale_strong_d3_n122880_c1_r3	ca162022833c3d6e6906c11cf4860baf0d52fd86	02d6eb6ffc96e0eb7eea1252605663e3e206c6ce177f3cf7f0e860c2b25f40f9	strong_d3	strong	3	122880	40960	1024	1	1	1	1	1	1	3	20260819	1	scc-pg7	Intel(R) Xeon(R) CPU E5-2650 v2 @ 2.60GHz	matlab	PASS	0	0	0	46.69325	255.27	120.43	6.739851	57.503386	5.895667																					3474259968	3474259968	1910644736	18906446037																				True	17	17	1.7e-11	MAINTAINED_UPSTREAM_INTERNAL	MATLAB_TWISTER_SEED_PLUS_WORKER_INDEX	21.514415067880897	1.328182522596415	-0.042459810738587504	22.757677969000135					PASS
VCKSS-COMPARATIVE-SCALING-RESULT-V4	first	109	scale_strong_d3_n122880_c2_r1	e1514185445cab36f930c90a44c5a4e23326e027	fbed59bf26bd6cf641bec0946ff6d32cdfe992786852947c530678dd4c86a026	strong_d3	strong	3	122880	40960	1024	2	2	2	2	2	2	1	104729	1	scc-yp1	Intel(R) Xeon(R) Gold 6132 CPU @ 2.60GHz	mata	PASS	0	0	0	65.862	69.25	131.86	2.608			5.706	4.25	1.492	1.26	57.792	0.091	25.792	30.261	1.002	39.23099999999999	0.0	8.035									1165864960	1165864960	1186844672	29698625111	1780800729	1780800729														1.48391359618e-14	1e-09	1.0	NONE							21.51429388178063	1.32820115793561	-0.0424921002220215	22.7575108392722	7.09337062125e-06	1.55760943678e-06	6.13410747685e-06	9.92820630328e-06	PASS
VCKSS-COMPARATIVE-SCALING-RESULT-V4	first	109	scale_strong_d3_n122880_c2_r1	e1514185445cab36f930c90a44c5a4e23326e027	fbed59bf26bd6cf641bec0946ff6d32cdfe992786852947c530678dd4c86a026	strong_d3	strong	3	122880	40960	1024	2	2	2	2	2	2	1	104729	2	scc-yp1	Intel(R) Xeon(R) Gold 6132 CPU @ 2.60GHz	rust	PASS	0	0	0	6.202	7.87	14.24	1.076															0.006959411	0.052548335	0.059049843	0.054015822	0.020460195	0.0	5.376018372	5.569051978	495525888	495525888	493568000	29698625111	3195775654	3195775654	2536616283	25541356	2	2	1e-10	1e-06	0.033310863	0.022170442	0.206064835	3.115752499	0.702193364	4044	3443	3.02482997803e-06	1e-05	10.0	CMG_FULL_V2							21.5142860638167	1.328203283524195	-0.042490241906784	22.75750886352733	7.62693039584e-06	1.35482522587e-06	6.16652878531e-06	9.44700450807e-06	PASS
VCKSS-COMPARATIVE-SCALING-RESULT-V4	first	109	scale_strong_d3_n122880_c2_r1	e1514185445cab36f930c90a44c5a4e23326e027	fbed59bf26bd6cf641bec0946ff6d32cdfe992786852947c530678dd4c86a026	strong_d3	strong	3	122880	40960	1024	2	2	2	2	2	2	1	104729	3	scc-yp1	Intel(R) Xeon(R) Gold 6132 CPU @ 2.60GHz	matlab	PASS	0	0	0	25.139528	277.64	168.58999999999997	8.514783	74.917183	5.570501																					5774077952	5793988608	2271109120	29698625111																				True	17	17	1.7e-11	MAINTAINED_UPSTREAM_INTERNAL	MATLAB_TWISTER_SEED_PLUS_WORKER_INDEX	21.514402862135988	1.3281818275095352	-0.04246176579932764	22.75766115804687					PASS
VCKSS-COMPARATIVE-SCALING-RESULT-V4	first	110	scale_strong_d3_n122880_c2_r2	e1514185445cab36f930c90a44c5a4e23326e027	fbed59bf26bd6cf641bec0946ff6d32cdfe992786852947c530678dd4c86a026	strong_d3	strong	3	122880	40960	1024	2	2	2	2	2	2	2	8675309	3	scc-td3	Intel(R) Xeon(R) CPU E5-2660 v3 @ 2.60GHz	mata	PASS	0	0	0	66.847	69.15	134.24	1.028			5.259	4.101	1.462	1.134	59.598	0.0620000000000001	27.078	30.951	0.919	43.823	0.0	7.234									1191510016	1191510016	1197813760	29743722267	1780800733	1780800733														1.38636440404e-14	1e-09	1.0	NONE							21.51428292522883	1.328200321688421	-0.0424869859630876	22.75750927499108	7.49393317988e-06	1.49372344906e-06	6.1464815316e-06	9.92540128592e-06	PASS
VCKSS-COMPARATIVE-SCALING-RESULT-V4	first	110	scale_strong_d3_n122880_c2_r2	e1514185445cab36f930c90a44c5a4e23326e027	fbed59bf26bd6cf641bec0946ff6d32cdfe992786852947c530678dd4c86a026	strong_d3	strong	3	122880	40960	1024	2	2	2	2	2	2	2	8675309	1	scc-td3	Intel(R) Xeon(R) CPU E5-2660 v3 @ 2.60GHz	rust	PASS	0	0	0	6.285	7.95	13.98	1.016															0.005958973	0.048804037	0.043445464	0.052886848	0.018786872	0.0	5.619921666	5.78980386	497238016	497238016	495104000	29743722267	3195775654	3195775654	2536616283	25541356	2	2	1e-10	1e-06	0.032926021	0.019948883	0.171381615	3.277496542	0.733347267	4056	3455	3.03205226026e-06	1e-05	10.0	CMG_FULL_V2							21.51424866137092	1.328200373943382	-0.0424750383473198	22.75749895861967	7.15230969961e-06	1.52384070873e-06	5.96208048512e-06	1.04475451739e-05	PASS
VCKSS-COMPARATIVE-SCALING-RESULT-V4	first	110	scale_strong_d3_n122880_c2_r2	e1514185445cab36f930c90a44c5a4e23326e027	fbed59bf26bd6cf641bec0946ff6d32cdfe992786852947c530678dd4c86a026	strong_d3	strong	3	122880	40960	1024	2	2	2	2	2	2	2	8675309	2	scc-td3	Intel(R) Xeon(R) CPU E5-2660 v3 @ 2.60GHz	matlab	PASS	0	0	0	24.347419	393.84000000000003	149.1	3.956174	144.871102	5.18517																					5517996032	5544599552	2154381312	29743722267																				True	17	17	1.7e-11	MAINTAINED_UPSTREAM_INTERNAL	MATLAB_TWISTER_SEED_PLUS_WORKER_INDEX	21.514412019048258	1.3281827452262494	-0.04246083261181414	22.75767309905088					PASS
VCKSS-COMPARATIVE-SCALING-RESULT-V4	first	111	scale_strong_d3_n122880_c2_r3	e1514185445cab36f930c90a44c5a4e23326e027	fbed59bf26bd6cf641bec0946ff6d32cdfe992786852947c530678dd4c86a026	strong_d3	strong	3	122880	40960	1024	2	2	2	2	2	2	3	20260819	2	scc-mh4	Intel(R) Xeon(R) CPU E5-2650 v2 @ 2.60GHz	mata	PASS	0	0	0	79.673	81.75	158.70000000000002	1.023			6.599	5.39	1.874	1.359	70.556	0.0669999999999999	32.479	36.219	1.087	53.663	0.0	7.029									1131094016	1131094016	1192034304	29675002790	1780800769	1780800769														1.38833269095e-14	1e-09	1.0	NONE							21.5142634876791	1.328199632334994	-0.042482931169917	22.75749725767426	7.61280316065e-06	1.36898888172e-06	6.24776587354e-06	1.06179741707e-05	PASS
VCKSS-COMPARATIVE-SCALING-RESULT-V4	first	111	scale_strong_d3_n122880_c2_r3	e1514185445cab36f930c90a44c5a4e23326e027	fbed59bf26bd6cf641bec0946ff6d32cdfe992786852947c530678dd4c86a026	strong_d3	strong	3	122880	40960	1024	2	2	2	2	2	2	3	20260819	3	scc-mh4	Intel(R) Xeon(R) CPU E5-2650 v2 @ 2.60GHz	rust	PASS	0	0	0	6.173	8.36	14.56	0.972															0.007086267	0.052336897	0.043506884	0.053986335	0.020326224	0.0	5.406761811	5.584004418	493228032	493228032	491290624	29675002790	3195775654	3195775654	2536616283	25541356	2	2	1e-10	1e-06	0.034499894	0.021532858	0.13483489	3.139851916	0.740998411	4029	3428	3.02909453359e-06	1e-05	10.0	CMG_FULL_V2							21.51426327698746	1.328200226200536	-0.0424745498458653	22.75751440349627	7.15705301676e-06	1.4567252326e-06	5.51178448439e-06	9.49377676896e-06	PASS
VCKSS-COMPARATIVE-SCALING-RESULT-V4	first	111	scale_strong_d3_n122880_c2_r3	e1514185445cab36f930c90a44c5a4e23326e027	fbed59bf26bd6cf641bec0946ff6d32cdfe992786852947c530678dd4c86a026	strong_d3	strong	3	122880	40960	1024	2	2	2	2	2	2	3	20260819	1	scc-mh4	Intel(R) Xeon(R) CPU E5-2650 v2 @ 2.60GHz	matlab	PASS	0	0	0	29.681017	365.56	169.29999999999998	4.911019	164.631923	5.001612																					5490769920	5508771840	2052587520	29675002790																				True	17	17	1.7e-11	MAINTAINED_UPSTREAM_INTERNAL	MATLAB_TWISTER_SEED_PLUS_WORKER_INDEX	21.514415452372447	1.3281825341381315	-0.04246033620514848	22.75767731410028					PASS
VCKSS-COMPARATIVE-SCALING-RESULT-V4	first	112	scale_strong_d3_n122880_c4_r1	e1514185445cab36f930c90a44c5a4e23326e027	fbed59bf26bd6cf641bec0946ff6d32cdfe992786852947c530678dd4c86a026	strong_d3	strong	3	122880	40960	1024	4	4	4	4	4	4	1	104729	1	scc-zk1	Intel(R) Xeon(R) Gold 6132 CPU @ 2.60GHz	mata	PASS	0	0	0	61.614	63.02	243.85999999999999	0.849			5.561	4.259	1.468	1.182	53.992	0.075	24.039	28.319	0.9530000000000002	38.287	0.0	6.775									1186172928	1186172928	1188753408	49498424345	1780800755	1780800755														1.50080142852e-14	1e-09	1.0	NONE							21.51429388178063	1.32820115793561	-0.0424921002220215	22.7575108392722	7.09337062125e-06	1.55760943678e-06	6.13410747685e-06	9.92820630328e-06	PASS
VCKSS-COMPARATIVE-SCALING-RESULT-V4	first	112	scale_strong_d3_n122880_c4_r1	e1514185445cab36f930c90a44c5a4e23326e027	fbed59bf26bd6cf641bec0946ff6d32cdfe992786852947c530678dd4c86a026	strong_d3	strong	3	122880	40960	1024	4	4	4	4	4	4	1	104729	2	scc-zk1	Intel(R) Xeon(R) Gold 6132 CPU @ 2.60GHz	rust	PASS	0	0	0	3.698	5.04	16.84	0.757															0.00684604	0.052204086	0.05188831	0.04890895	0.020164238	0.0	2.927844429	3.107856053	493637632	493637632	491753472	49498424345	3550141913	3550141913	2537727368	26467260	4	4	1e-10	1e-06	0.032631366	0.018975081	0.100900351	1.660266278	0.359076033	4044	3443	3.02482997803e-06	1e-05	10.0	CMG_FULL_V2							21.5142860638167	1.328203283524195	-0.042490241906784	22.75750886352733	7.62693039584e-06	1.35482522587e-06	6.16652878531e-06	9.44700450807e-06	PASS
VCKSS-COMPARATIVE-SCALING-RESULT-V4	first	112	scale_strong_d3_n122880_c4_r1	e1514185445cab36f930c90a44c5a4e23326e027	fbed59bf26bd6cf641bec0946ff6d32cdfe992786852947c530678dd4c86a026	strong_d3	strong	3	122880	40960	1024	4	4	4	4	4	4	1	104729	3	scc-zk1	Intel(R) Xeon(R) Gold 6132 CPU @ 2.60GHz	matlab	PASS	0	0	0	17.239903	424.87	290.3	7.262809	184.115128	6.214009																					8990535680	9039532032	2164436992	49498424345																				True	17	17	1.7e-11	MAINTAINED_UPSTREAM_INTERNAL	MATLAB_TWISTER_SEED_PLUS_WORKER_INDEX	21.51440509349669	1.3281823924446743	-0.042457968311924575	22.757671549317518					PASS
VCKSS-COMPARATIVE-SCALING-RESULT-V4	first	113	scale_strong_d3_n122880_c4_r2	e1514185445cab36f930c90a44c5a4e23326e027	fbed59bf26bd6cf641bec0946ff6d32cdfe992786852947c530678dd4c86a026	strong_d3	strong	3	122880	40960	1024	4	4	4	4	4	4	2	8675309	3	scc-mh5	Intel(R) Xeon(R) CPU E5-2650 v2 @ 2.60GHz	mata	PASS	0	0	0	79.862	81.48	313.14	0.8029999999999999			6.641999999999999	5.522	1.942	1.349	70.678	0.062	32.516	36.303	0.929	55.453	0.0	6.326000000000001									1122738176	1122738176	1204428800	49961207071	1780800757	1780800757														1.39059584829e-14	1e-09	1.0	NONE							21.51428292522883	1.328200321688421	-0.0424869859630876	22.75750927499108	7.49393317988e-06	1.49372344906e-06	6.1464815316e-06	9.92540128592e-06	PASS
VCKSS-COMPARATIVE-SCALING-RESULT-V4	first	113	scale_strong_d3_n122880_c4_r2	e1514185445cab36f930c90a44c5a4e23326e027	fbed59bf26bd6cf641bec0946ff6d32cdfe992786852947c530678dd4c86a026	strong_d3	strong	3	122880	40960	1024	4	4	4	4	4	4	2	8675309	1	scc-mh5	Intel(R) Xeon(R) CPU E5-2650 v2 @ 2.60GHz	rust	PASS	0	0	0	3.857	5.36	18.16	0.795															0.007444135	0.056183266	0.046932273	0.058461698	0.019561678	0.0	3.13887379	3.32745684	504242176	504242176	502640640	49961207071	3550141913	3550141913	2537727368	26467260	4	4	1e-10	1e-06	0.036712466	0.023952106	0.078419418	1.714633019	0.398894237	4056	3455	3.03205226026e-06	1e-05	10.0	CMG_FULL_V2							21.51424866137092	1.328200373943382	-0.0424750383473198	22.75749895861967	7.15230969961e-06	1.52384070873e-06	5.96208048512e-06	1.04475451739e-05	PASS
VCKSS-COMPARATIVE-SCALING-RESULT-V4	first	113	scale_strong_d3_n122880_c4_r2	e1514185445cab36f930c90a44c5a4e23326e027	fbed59bf26bd6cf641bec0946ff6d32cdfe992786852947c530678dd4c86a026	strong_d3	strong	3	122880	40960	1024	4	4	4	4	4	4	2	8675309	2	scc-mh5	Intel(R) Xeon(R) CPU E5-2650 v2 @ 2.60GHz	matlab	PASS	0	0	0	21.705635	126.3	233.12	3.687735	40.504691	4.966698																					9006125056	9063313408	2079518720	49961207071																				True	17	17	1.7e-11	MAINTAINED_UPSTREAM_INTERNAL	MATLAB_TWISTER_SEED_PLUS_WORKER_INDEX	21.514413726953997	1.3281817167072767	-0.042458490910626936	22.75767846184002					PASS
VCKSS-COMPARATIVE-SCALING-RESULT-V4	first	114	scale_strong_d3_n122880_c4_r3	e1514185445cab36f930c90a44c5a4e23326e027	fbed59bf26bd6cf641bec0946ff6d32cdfe992786852947c530678dd4c86a026	strong_d3	strong	3	122880	40960	1024	4	4	4	4	4	4	3	20260819	2	scc-td4	Intel(R) Xeon(R) CPU E5-2660 v3 @ 2.60GHz	mata	PASS	0	0	0	65.588	67.9	261.89	1.465			5.625	4.428	1.43	1.018	57.987	0.058	26.133	30.406	0.8140000000000001	43.54500000000001	0.0	6.668									1196388352	1196388352	1220202496	49770081027	1780800743	1780800743														1.39739710557e-14	1e-09	1.0	NONE							21.5142634876791	1.328199632334994	-0.042482931169917	22.75749725767426	7.61280316064e-06	1.36898888172e-06	6.24776587354e-06	1.06179741707e-05	PASS
VCKSS-COMPARATIVE-SCALING-RESULT-V4	first	114	scale_strong_d3_n122880_c4_r3	e1514185445cab36f930c90a44c5a4e23326e027	fbed59bf26bd6cf641bec0946ff6d32cdfe992786852947c530678dd4c86a026	strong_d3	strong	3	122880	40960	1024	4	4	4	4	4	4	3	20260819	3	scc-td4	Intel(R) Xeon(R) CPU E5-2660 v3 @ 2.60GHz	rust	PASS	0	0	0	4.331	6.62	21.16	1.346															0.00835912	0.060311137	0.051852239	0.062581027	0.023020081	0.0	3.540467454	3.746591058	514572288	514572288	512614400	49770081027	3550141913	3550141913	2537727368	26467260	4	4	1e-10	1e-06	0.039862394	0.024922532	0.089096222	1.944230886	0.45088523	4029	3428	3.02909453359e-06	1e-05	10.0	CMG_FULL_V2							21.51426327698746	1.328200226200536	-0.0424745498458653	22.75751440349627	7.15705301676e-06	1.4567252326e-06	5.51178448439e-06	9.49377676896e-06	PASS
VCKSS-COMPARATIVE-SCALING-RESULT-V4	first	114	scale_strong_d3_n122880_c4_r3	e1514185445cab36f930c90a44c5a4e23326e027	fbed59bf26bd6cf641bec0946ff6d32cdfe992786852947c530678dd4c86a026	strong_d3	strong	3	122880	40960	1024	4	4	4	4	4	4	3	20260819	1	scc-td4	Intel(R) Xeon(R) CPU E5-2660 v3 @ 2.60GHz	matlab	PASS	0	0	0	20.369941	236.72	319.73	3.503023	105.433706	6.158153																					9041879040	9071624192	2191323136	49770081027																				True	17	17	1.7e-11	MAINTAINED_UPSTREAM_INTERNAL	MATLAB_TWISTER_SEED_PLUS_WORKER_INDEX	21.514406996979638	1.3281813489095913	-0.04246005706435514	22.75766823176052					PASS
VCKSS-COMPARATIVE-SCALING-RESULT-V4	first	115	scale_strong_d3_n122880_c8_r1	e1514185445cab36f930c90a44c5a4e23326e027	fbed59bf26bd6cf641bec0946ff6d32cdfe992786852947c530678dd4c86a026	strong_d3	strong	3	122880	40960	1024	8	4	4	4	8	8	1	104729	1	scc-mf8	Intel(R) Xeon(R) CPU E5-2650 v2 @ 2.60GHz	mata	PASS	0	0	0	79.529	81.34	311.96	0.762			6.645	5.513	1.93	1.351	70.299	0.061	32.307	36.135	0.9400000000000001	55.145	0.0	6.262999999999999									1205178368	1205178368	1205878784	89165668549	1780800719	1780800719														1.50080142852e-14	1e-09	1.0	NONE							21.51429388178063	1.32820115793561	-0.0424921002220215	22.7575108392722	7.09337062125e-06	1.55760943678e-06	6.13410747685e-06	9.92820630328e-06	PASS
VCKSS-COMPARATIVE-SCALING-RESULT-V4	first	115	scale_strong_d3_n122880_c8_r1	e1514185445cab36f930c90a44c5a4e23326e027	fbed59bf26bd6cf641bec0946ff6d32cdfe992786852947c530678dd4c86a026	strong_d3	strong	3	122880	40960	1024	8	4	8	4	8	8	1	104729	2	scc-mf8	Intel(R) Xeon(R) CPU E5-2650 v2 @ 2.60GHz	rust	PASS	0	0	0	2.632	4.79	18.709999999999997	0.729															0.007540009	0.056186714	0.048928021	0.058282872	0.019874919	0.0	1.868316807	2.059129342	505118720	505118720	503066624	89165668549	4258874432	4258874432	2539949537	28319068	8	8	1e-10	1e-06	0.036905915	0.019567868	0.048393244	0.913473842	0.204303373	4044	3443	3.02482997803e-06	1e-05	10.0	CMG_FULL_V2							21.5142860638167	1.328203283524195	-0.042490241906784	22.75750886352733	7.62693039584e-06	1.35482522587e-06	6.16652878531e-06	9.44700450807e-06	PASS
VCKSS-COMPARATIVE-SCALING-RESULT-V4	first	115	scale_strong_d3_n122880_c8_r1	e1514185445cab36f930c90a44c5a4e23326e027	fbed59bf26bd6cf641bec0946ff6d32cdfe992786852947c530678dd4c86a026	strong_d3	strong	3	122880	40960	1024	8	4	8	4	8	8	1	104729	3	scc-mf8	Intel(R) Xeon(R) CPU E5-2650 v2 @ 2.60GHz	matlab	PASS	0	0	0	17.004798	161.9	405.99	2.96517	76.841222	5.165356																					15953223680	16001376256	2174308352	89165668549																				True	17	17	1.7e-11	MAINTAINED_UPSTREAM_INTERNAL	MATLAB_TWISTER_SEED_PLUS_WORKER_INDEX	21.514409580205086	1.3281822817879594	-0.042456092055867214	22.757679677881313					PASS
VCKSS-COMPARATIVE-SCALING-RESULT-V4	first	116	scale_strong_d3_n122880_c8_r2	e1514185445cab36f930c90a44c5a4e23326e027	fbed59bf26bd6cf641bec0946ff6d32cdfe992786852947c530678dd4c86a026	strong_d3	strong	3	122880	40960	1024	8	4	4	4	8	8	2	8675309	3	scc-md4	Intel(R) Xeon(R) CPU E5-2650 v2 @ 2.60GHz	mata	PASS	0	0	0	79.955	81.55	313.28000000000003	0.798			6.712000000000001	5.544	1.939	1.358	70.689	0.059	32.466	36.361	0.934	55.462	0.0	6.281000000000001									1167048704	1167048704	1207054336	89444841423	1780800750	1780800750														1.39059584829e-14	1e-09	1.0	NONE							21.51428292522883	1.328200321688421	-0.0424869859630876	22.75750927499108	7.49393317988e-06	1.49372344906e-06	6.1464815316e-06	9.92540128592e-06	PASS
VCKSS-COMPARATIVE-SCALING-RESULT-V4	first	116	scale_strong_d3_n122880_c8_r2	e1514185445cab36f930c90a44c5a4e23326e027	fbed59bf26bd6cf641bec0946ff6d32cdfe992786852947c530678dd4c86a026	strong_d3	strong	3	122880	40960	1024	8	4	8	4	8	8	2	8675309	1	scc-md4	Intel(R) Xeon(R) CPU E5-2650 v2 @ 2.60GHz	rust	PASS	0	0	0	2.593	3.91	18.57	0.617															0.007917467	0.055629016	0.047125294	0.058630103	0.02071981	0.0	1.865748721	2.055770411	505806848	505806848	503832576	89444841423	4258874432	4258874432	2539949537	28319068	8	8	1e-10	1e-06	0.036803678	0.018017813	0.046720807	0.929426066	0.207073709	4056	3455	3.03205226026e-06	1e-05	10.0	CMG_FULL_V2							21.51424866137092	1.328200373943382	-0.0424750383473198	22.75749895861967	7.15230969961e-06	1.52384070873e-06	5.96208048512e-06	1.04475451739e-05	PASS
VCKSS-COMPARATIVE-SCALING-RESULT-V4	first	116	scale_strong_d3_n122880_c8_r2	e1514185445cab36f930c90a44c5a4e23326e027	fbed59bf26bd6cf641bec0946ff6d32cdfe992786852947c530678dd4c86a026	strong_d3	strong	3	122880	40960	1024	8	4	8	4	8	8	2	8675309	2	scc-md4	Intel(R) Xeon(R) CPU E5-2650 v2 @ 2.60GHz	matlab	PASS	0	0	0	17.670012	174.95	406.64	3.196465	82.915827	5.14981																					15802896384	15862419456	2193936384	89444841423																				True	17	17	1.7e-11	MAINTAINED_UPSTREAM_INTERNAL	MATLAB_TWISTER_SEED_PLUS_WORKER_INDEX	21.514411377253055	1.3281816854317705	-0.04245615230145633	22.75768075808191					PASS
VCKSS-COMPARATIVE-SCALING-RESULT-V4	first	117	scale_strong_d3_n122880_c8_r3	e1514185445cab36f930c90a44c5a4e23326e027	fbed59bf26bd6cf641bec0946ff6d32cdfe992786852947c530678dd4c86a026	strong_d3	strong	3	122880	40960	1024	8	4	4	4	8	8	3	20260819	2	scc-mc7	Intel(R) Xeon(R) CPU E5-2650 v2 @ 2.60GHz	mata	PASS	0	0	0	79.425	81.23	311.63	0.893			6.635	5.52	1.929	1.358	70.23	0.062	32.289	36.08	0.936	55.02799999999999	0.0	6.286									1218347008	1218347008	1217957888	89654221079	1780800754	1780800754														1.39739710557e-14	1e-09	1.0	NONE							21.5142634876791	1.328199632334994	-0.042482931169917	22.75749725767426	7.61280316064e-06	1.36898888172e-06	6.24776587354e-06	1.06179741707e-05	PASS
VCKSS-COMPARATIVE-SCALING-RESULT-V4	first	117	scale_strong_d3_n122880_c8_r3	e1514185445cab36f930c90a44c5a4e23326e027	fbed59bf26bd6cf641bec0946ff6d32cdfe992786852947c530678dd4c86a026	strong_d3	strong	3	122880	40960	1024	8	4	8	4	8	8	3	20260819	3	scc-mc7	Intel(R) Xeon(R) CPU E5-2650 v2 @ 2.60GHz	rust	PASS	0	0	0	2.612	3.97	18.82	0.633															0.007618493	0.055103439	0.045988693	0.055758585	0.020545739	0.0	1.887947175	2.072962124	517763072	517763072	515756032	89654221079	4258874432	4258874432	2539949537	28319068	8	8	1e-10	1e-06	0.036593779	0.018516552	0.047893365	0.945576646	0.207907303	4029	3428	3.02909453359e-06	1e-05	10.0	CMG_FULL_V2							21.51426327698746	1.328200226200536	-0.0424745498458653	22.75751440349627	7.15705301676e-06	1.4567252326e-06	5.51178448439e-06	9.49377676896e-06	PASS
VCKSS-COMPARATIVE-SCALING-RESULT-V4	first	117	scale_strong_d3_n122880_c8_r3	e1514185445cab36f930c90a44c5a4e23326e027	fbed59bf26bd6cf641bec0946ff6d32cdfe992786852947c530678dd4c86a026	strong_d3	strong	3	122880	40960	1024	8	4	8	4	8	8	3	20260819	1	scc-mc7	Intel(R) Xeon(R) CPU E5-2650 v2 @ 2.60GHz	matlab	PASS	0	0	0	17.444768	179.21	404.71	2.76756	82.33206	5.200968																					15873036288	15938510848	2216448000	89654221079																				True	17	17	1.7e-11	MAINTAINED_UPSTREAM_INTERNAL	MATLAB_TWISTER_SEED_PLUS_WORKER_INDEX	21.514403302088613	1.3281813651565366	-0.042461630401642254	22.757661406441866					PASS
VCKSS-COMPARATIVE-SCALING-RESULT-V4	first	118	scale_strong_d3_n122880_c16_r1	e1514185445cab36f930c90a44c5a4e23326e027	fbed59bf26bd6cf641bec0946ff6d32cdfe992786852947c530678dd4c86a026	strong_d3	strong	3	122880	40960	1024	16	4	4	4	16	16	1	104729	1	scc-tg1	Intel(R) Xeon(R) CPU E5-2660 v3 @ 2.60GHz	mata	PASS	0	0	0	72.218	74.38	286.61	1.248			5.682	4.523	1.595	1.266	64.324	0.066	29.012	33.561	0.8320000000000001	48.535	0.0	7.154999999999999									1109671936	1109671936	1191374848	176713208169	1780800736	1780800736														1.50080142852e-14	1e-09	1.0	NONE							21.51429388178063	1.32820115793561	-0.0424921002220215	22.7575108392722	7.09337062125e-06	1.55760943678e-06	6.13410747685e-06	9.92820630328e-06	PASS
VCKSS-COMPARATIVE-SCALING-RESULT-V4	first	118	scale_strong_d3_n122880_c16_r1	e1514185445cab36f930c90a44c5a4e23326e027	fbed59bf26bd6cf641bec0946ff6d32cdfe992786852947c530678dd4c86a026	strong_d3	strong	3	122880	40960	1024	16	4	16	4	16	16	1	104729	2	scc-tg1	Intel(R) Xeon(R) CPU E5-2660 v3 @ 2.60GHz	rust	PASS	0	0	0	4.357	7.54	34.22	1.292															0.007075147	0.059319381	0.053691151	0.064876821	0.023249578	0.0	3.438908619	3.647120697	553181184	553181184	553881600	176713208169	5676339468	5676339468	2544393876	32022684	16	16	1e-10	1e-06	0.084986825	0.027672939	0.065184902	1.721154286	0.431934597	4044	3443	3.02482997803e-06	1e-05	10.0	CMG_FULL_V2							21.5142860638167	1.328203283524195	-0.042490241906784	22.75750886352733	7.62693039584e-06	1.35482522587e-06	6.16652878531e-06	9.44700450807e-06	PASS
VCKSS-COMPARATIVE-SCALING-RESULT-V4	first	118	scale_strong_d3_n122880_c16_r1	e1514185445cab36f930c90a44c5a4e23326e027	fbed59bf26bd6cf641bec0946ff6d32cdfe992786852947c530678dd4c86a026	strong_d3	strong	3	122880	40960	1024	16	4	16	4	16	16	1	104729	3	scc-tg1	Intel(R) Xeon(R) CPU E5-2660 v3 @ 2.60GHz	matlab	PASS	0	0	0	14.623304	380.29	1028.3	9.629771	139.327605	7.612342																					29469835264	29645856768	2245898240	176713208169																				True	17	17	1.7e-11	MAINTAINED_UPSTREAM_INTERNAL	MATLAB_TWISTER_SEED_PLUS_WORKER_INDEX	21.514410761367145	1.3281812165364792	-0.042457199535244274	22.757677578833135					PASS
VCKSS-COMPARATIVE-SCALING-RESULT-V4	first	119	scale_strong_d3_n122880_c16_r2	e1514185445cab36f930c90a44c5a4e23326e027	fbed59bf26bd6cf641bec0946ff6d32cdfe992786852947c530678dd4c86a026	strong_d3	strong	3	122880	40960	1024	16	4	4	4	16	16	2	8675309	3	scc-td2	Intel(R) Xeon(R) CPU E5-2660 v3 @ 2.60GHz	mata	PASS	0	0	0	66.514	68.75	264.71000000000004	1.412			5.893	4.487	1.455	1.029	58.627	0.058	26.511	30.649	0.792	44.384	0.0	6.532									1173626880	1173626880	1201414144	176507049739	1780800725	1780800725														1.39059584829e-14	1e-09	1.0	NONE							21.51428292522883	1.328200321688421	-0.0424869859630876	22.75750927499108	7.49393317988e-06	1.49372344906e-06	6.1464815316e-06	9.92540128592e-06	PASS
VCKSS-COMPARATIVE-SCALING-RESULT-V4	first	119	scale_strong_d3_n122880_c16_r2	e1514185445cab36f930c90a44c5a4e23326e027	fbed59bf26bd6cf641bec0946ff6d32cdfe992786852947c530678dd4c86a026	strong_d3	strong	3	122880	40960	1024	16	4	16	4	16	16	2	8675309	1	scc-td2	Intel(R) Xeon(R) CPU E5-2660 v3 @ 2.60GHz	rust	PASS	0	0	0	3.508	6.05	34.97	1.282															0.014873301	0.132958215	0.112134875	0.093373256	0.033053095	0.0	2.392881479	2.779274221	549498880	549498880	547368960	176507049739	5676339468	5676339468	2544393876	32022684	16	16	1e-10	1e-06	0.085019351	0.037199677	0.054762918	1.001861269	0.224566451	4056	3455	3.03205226026e-06	1e-05	10.0	CMG_FULL_V2							21.51424866137092	1.328200373943382	-0.0424750383473198	22.75749895861967	7.15230969961e-06	1.52384070873e-06	5.96208048512e-06	1.04475451739e-05	PASS
VCKSS-COMPARATIVE-SCALING-RESULT-V4	first	119	scale_strong_d3_n122880_c16_r2	e1514185445cab36f930c90a44c5a4e23326e027	fbed59bf26bd6cf641bec0946ff6d32cdfe992786852947c530678dd4c86a026	strong_d3	strong	3	122880	40960	1024	16	4	16	4	16	16	2	8675309	2	scc-td2	Intel(R) Xeon(R) CPU E5-2660 v3 @ 2.60GHz	matlab	PASS	0	0	0	14.367739	300.68	1050.99	3.93857	163.563536	6.502463																					29643149312	29755908096	2362736640	176507049739																				True	17	17	1.7e-11	MAINTAINED_UPSTREAM_INTERNAL	MATLAB_TWISTER_SEED_PLUS_WORKER_INDEX	21.514414091725953	1.328181589777735	-0.042455342140232	22.757684997223226					PASS
VCKSS-COMPARATIVE-SCALING-RESULT-V4	first	120	scale_strong_d3_n122880_c16_r3	e1514185445cab36f930c90a44c5a4e23326e027	fbed59bf26bd6cf641bec0946ff6d32cdfe992786852947c530678dd4c86a026	strong_d3	strong	3	122880	40960	1024	16	4	4	4	16	16	3	20260819	2	scc-cb6	Intel(R) Xeon(R) CPU E5-2650 v2 @ 2.60GHz	mata	PASS	0	0	0	79.495	81.42	311.56	0.937			6.8	5.534	1.928	1.371	70.16	0.064	32.238	36.035	0.924	54.91799999999999	0.0	6.291									1211928576	1211928576	1210589184	176831319770	1780800762	1780800762														1.39739710557e-14	1e-09	1.0	NONE							21.5142634876791	1.328199632334994	-0.042482931169917	22.75749725767426	7.61280316064e-06	1.36898888172e-06	6.24776587354e-06	1.06179741707e-05	PASS
VCKSS-COMPARATIVE-SCALING-RESULT-V4	first	120	scale_strong_d3_n122880_c16_r3	e1514185445cab36f930c90a44c5a4e23326e027	fbed59bf26bd6cf641bec0946ff6d32cdfe992786852947c530678dd4c86a026	strong_d3	strong	3	122880	40960	1024	16	4	16	4	16	16	3	20260819	3	scc-cb6	Intel(R) Xeon(R) CPU E5-2650 v2 @ 2.60GHz	rust	PASS	0	0	0	1.923	3.37	19.25	0.667															0.007633966	0.050968548	0.043743358	0.052055925	0.019592965	0.0	1.203847163	1.377841925	542351360	542351360	543191040	176831319770	5676339468	5676339468	2544393876	32022684	16	16	1e-10	1e-06	0.034123826	0.018529698	0.028270662	0.477243161	0.125137345	4029	3428	3.02909453359e-06	1e-05	10.0	CMG_FULL_V2							21.51426327698746	1.328200226200536	-0.0424745498458653	22.75751440349627	7.15705301676e-06	1.4567252326e-06	5.51178448439e-06	9.49377676896e-06	PASS
VCKSS-COMPARATIVE-SCALING-RESULT-V4	first	120	scale_strong_d3_n122880_c16_r3	e1514185445cab36f930c90a44c5a4e23326e027	fbed59bf26bd6cf641bec0946ff6d32cdfe992786852947c530678dd4c86a026	strong_d3	strong	3	122880	40960	1024	16	4	16	4	16	16	3	20260819	1	scc-cb6	Intel(R) Xeon(R) CPU E5-2650 v2 @ 2.60GHz	matlab	PASS	0	0	0	14.757479	306.67	790.61	3.220554	166.560541	5.64999																					29284098048	29358108672	2364485632	176831319770																				True	17	17	1.7e-11	MAINTAINED_UPSTREAM_INTERNAL	MATLAB_TWISTER_SEED_PLUS_WORKER_INDEX	21.514409482522797	1.3281814659925593	-0.04245964338513837	22.757671661745082					PASS
VCKSS-COMPARATIVE-SCALING-RESULT-V4	repair-full	121	scale_strong_d3_n491520_c1_r1	ca162022833c3d6e6906c11cf4860baf0d52fd86	02d6eb6ffc96e0eb7eea1252605663e3e206c6ce177f3cf7f0e860c2b25f40f9	strong_d3	strong	3	491520	163840	4096	1	1	1	1	1	1	1	104729	1	scc-ph4	Intel(R) Xeon(R) CPU E5-2650 v2 @ 2.60GHz	mata	PASS	0	0	0	363.293	367.4	366.49	1.759			24.519	21.089	7.418	19.121	330.359	0.566	144.781	164.135	5.629	207.714	0.0	58.891									4359565312	4359565312	4398444544	19341311476	3317341717	3317341717														1.15286955691e-13	1e-09	1.0	NONE							21.49957940239158	1.319292195041105	-0.0413495496908352	22.73617249805101	3.6350930897e-06	6.62502218614e-07	2.73661347779e-06	4.70869026678e-06	PASS
VCKSS-COMPARATIVE-SCALING-RESULT-V4	repair-full	121	scale_strong_d3_n491520_c1_r1	ca162022833c3d6e6906c11cf4860baf0d52fd86	02d6eb6ffc96e0eb7eea1252605663e3e206c6ce177f3cf7f0e860c2b25f40f9	strong_d3	strong	3	491520	163840	4096	1	1	1	1	1	1	1	104729	2	scc-ph4	Intel(R) Xeon(R) CPU E5-2650 v2 @ 2.60GHz	rust	PASS	0	0	0	34.71	38.86	38.650000000000006	1.789															0.026555442	0.222127222	0.214742973	0.216238492	0.082869539	0.0	32.772922159	33.535455827	1414074368	1414074368	1412087808	19341311476	10260851571	10260851571	8288153532	63527144	1	1	1e-10	1e-06	0.167433382	0.027925645	1.01431703	16.171294776	5.943505514	4774	4173	2.9885898472e-06	1e-05	13.0	CMG_FULL_V2							21.49958346402473	1.319292173968917	-0.0413514869730163	22.73617266404761	3.72849428359e-06	5.97850694682e-07	2.80188641906e-06	4.93204451078e-06	PASS
VCKSS-COMPARATIVE-SCALING-RESULT-V4	repair-full	121	scale_strong_d3_n491520_c1_r1	ca162022833c3d6e6906c11cf4860baf0d52fd86	02d6eb6ffc96e0eb7eea1252605663e3e206c6ce177f3cf7f0e860c2b25f40f9	strong_d3	strong	3	491520	163840	4096	1	1	1	1	1	1	1	104729	3	scc-ph4	Intel(R) Xeon(R) CPU E5-2650 v2 @ 2.60GHz	matlab	PASS	0	0	0	204.464901	394.39	275.99	6.058929	49.884213	4.33605																					3938480128	3938951168	2250633216	19341311476																				True	20	20	4.4e-11	MAINTAINED_UPSTREAM_INTERNAL	MATLAB_TWISTER_SEED_PLUS_WORKER_INDEX	21.499620782098223	1.3192957936081644	-0.04135346746191137	22.736209640782565					PASS
VCKSS-COMPARATIVE-SCALING-RESULT-V4	repair-full	122	scale_strong_d3_n491520_c1_r2	ca162022833c3d6e6906c11cf4860baf0d52fd86	02d6eb6ffc96e0eb7eea1252605663e3e206c6ce177f3cf7f0e860c2b25f40f9	strong_d3	strong	3	491520	163840	4096	1	1	1	1	1	1	2	8675309	3	scc-b11	Intel(R) Xeon(R) 6737P	mata	PASS	0	0	0	167.9	169.87	169.24	0.923			9.495000000000001	7.56	3.331	11.013	154.423	0.323	62.457	79.658	3.162	76.169	0.0	36.934									4410966016	4410966016	4409131008	19410030953	3317341753	3317341753														1.05110916955e-13	1e-09	1.0	NONE							21.49957731345465	1.319292243897468	-0.0413528583066114	22.73616384073889	3.44762377773e-06	6.34452023802e-07	2.92178469785e-06	4.7341888951e-06	PASS
VCKSS-COMPARATIVE-SCALING-RESULT-V4	repair-full	122	scale_strong_d3_n491520_c1_r2	ca162022833c3d6e6906c11cf4860baf0d52fd86	02d6eb6ffc96e0eb7eea1252605663e3e206c6ce177f3cf7f0e860c2b25f40f9	strong_d3	strong	3	491520	163840	4096	1	1	1	1	1	1	2	8675309	1	scc-b11	Intel(R) Xeon(R) 6737P	rust	PASS	0	0	0	21.747	23.71	23.59	0.926															0.016288769	0.153990246	0.157139917	0.132012877	0.051440758	0.0	20.604458767	21.115331334	1424797696	1424797696	1422839808	19410030953	10260851571	10260851571	8288153532	63527144	1	1	1e-10	1e-06	0.114915841	0.017645733	0.55532407	11.61836622	3.101978183	4771	4170	3.01185056969e-06	1e-05	13.0	CMG_FULL_V2							21.49956607015399	1.319290615590106	-0.0413453835440963	22.7361659186559	3.65217209003e-06	6.23809432117e-07	2.84507036049e-06	4.71977218754e-06	PASS
VCKSS-COMPARATIVE-SCALING-RESULT-V4	repair-full	122	scale_strong_d3_n491520_c1_r2	ca162022833c3d6e6906c11cf4860baf0d52fd86	02d6eb6ffc96e0eb7eea1252605663e3e206c6ce177f3cf7f0e860c2b25f40f9	strong_d3	strong	3	491520	163840	4096	1	1	1	1	1	1	2	8675309	2	scc-b11	Intel(R) Xeon(R) 6737P	matlab	PASS	0	0	0	104.966669	204.7	138.19	2.177609	40.01268	2.961057																					3918753792	3918753792	2264485888	19410030953																				True	20	20	4.4e-11	MAINTAINED_UPSTREAM_INTERNAL	MATLAB_TWISTER_SEED_PLUS_WORKER_INDEX	21.499618974190664	1.3192953171241737	-0.041352040241988935	22.73621021083086					PASS
VCKSS-COMPARATIVE-SCALING-RESULT-V4	repair-full	123	scale_strong_d3_n491520_c1_r3	ca162022833c3d6e6906c11cf4860baf0d52fd86	02d6eb6ffc96e0eb7eea1252605663e3e206c6ce177f3cf7f0e860c2b25f40f9	strong_d3	strong	3	491520	163840	4096	1	1	1	1	1	1	3	20260819	2	scc-b15	Intel(R) Xeon(R) 6737P	mata	PASS	0	0	0	151.82	154.97	153.16	2.036			8.781	7.258	3.127	10.335	139.259	0.295	57.526	70.19	2.985	71.534	0.0	32.017									4416061440	4416061440	4414099456	19277960709	3317341779	3317341779														9.09435198235e-14	1e-09	1.0	NONE							21.49957804321782	1.319291202014572	-0.0413509972008269	22.73616725083074	3.51533577004e-06	7.15058047095e-07	2.81670292422e-06	4.85642970555e-06	PASS
VCKSS-COMPARATIVE-SCALING-RESULT-V4	repair-full	123	scale_strong_d3_n491520_c1_r3	ca162022833c3d6e6906c11cf4860baf0d52fd86	02d6eb6ffc96e0eb7eea1252605663e3e206c6ce177f3cf7f0e860c2b25f40f9	strong_d3	strong	3	491520	163840	4096	1	1	1	1	1	1	3	20260819	3	scc-b15	Intel(R) Xeon(R) 6737P	rust	PASS	0	0	0	20.79	22.63	22.52	0.85															0.014407899	0.146111889	0.110497551	0.117900166	0.043557582	0.0	19.898724052	20.331199139	1422356480	1422356480	1420320768	19277960709	10260851571	10260851571	8288153532	63527144	1	1	1e-10	1e-06	0.099138583	0.01414459	0.514664886	11.497605285	2.973543527	4770	4169	3.00758060792e-06	1e-05	13.0	CMG_FULL_V2							21.49957793611312	1.319291303545159	-0.0413513062082064	22.73616662724187	3.98240339121e-06	6.14950866607e-07	2.95306351571e-06	5.00320182737e-06	PASS
VCKSS-COMPARATIVE-SCALING-RESULT-V4	repair-full	123	scale_strong_d3_n491520_c1_r3	ca162022833c3d6e6906c11cf4860baf0d52fd86	02d6eb6ffc96e0eb7eea1252605663e3e206c6ce177f3cf7f0e860c2b25f40f9	strong_d3	strong	3	491520	163840	4096	1	1	1	1	1	1	3	20260819	1	scc-b15	Intel(R) Xeon(R) 6737P	matlab	PASS	0	0	0	93.640773	255.89	124.58	4.238198	36.343962	3.964836																					3945873408	3945873408	2264571904	19277960709																				True	20	20	4.4e-11	MAINTAINED_UPSTREAM_INTERNAL	MATLAB_TWISTER_SEED_PLUS_WORKER_INDEX	21.49962202247134	1.3192952621347072	-0.0413529596317364	22.736211365342573					PASS
VCKSS-COMPARATIVE-SCALING-RESULT-V4	first	124	scale_strong_d3_n491520_c2_r1	e1514185445cab36f930c90a44c5a4e23326e027	fbed59bf26bd6cf641bec0946ff6d32cdfe992786852947c530678dd4c86a026	strong_d3	strong	3	491520	163840	4096	2	2	2	2	2	2	1	104729	1	scc-ph6	Intel(R) Xeon(R) CPU E5-2650 v2 @ 2.60GHz	mata	PASS	0	0	0	349.855	355.99	657.3000000000001	3.687			24.32	21.354	7.409	13.62	316.75	0.625	140.073	160.588	4.359	211.598	0.0	55.079									4054134784	4054134784	4131037184	30466350515	3317341653	3317341653														1.14208500364e-13	1e-09	1.0	NONE							21.49957940239158	1.319292195041105	-0.0413495496908351	22.73617249805101	3.6350930897e-06	6.62502218614e-07	2.73661347779e-06	4.70869026678e-06	PASS
VCKSS-COMPARATIVE-SCALING-RESULT-V4	first	124	scale_strong_d3_n491520_c2_r1	e1514185445cab36f930c90a44c5a4e23326e027	fbed59bf26bd6cf641bec0946ff6d32cdfe992786852947c530678dd4c86a026	strong_d3	strong	3	491520	163840	4096	2	2	2	2	2	2	1	104729	2	scc-ph6	Intel(R) Xeon(R) CPU E5-2650 v2 @ 2.60GHz	rust	PASS	0	0	0	19.802	23.86	43.190000000000005	1.743															0.02654043	0.227694867	0.217993207	0.223480548	0.081338951	0.0	18.061796108	18.838844111	1108160512	1108160512	1106337792	30466350515	10971156953	10971156953	8304725912	77337460	2	2	1e-10	1e-06	0.166708039	0.034212861	0.53527772	8.691749289	3.071818066	4774	4173	2.9885898472e-06	1e-05	13.0	CMG_FULL_V2							21.49958346402473	1.319292173968917	-0.0413514869730163	22.73617266404761	3.72849428359e-06	5.97850694682e-07	2.80188641906e-06	4.93204451078e-06	PASS
VCKSS-COMPARATIVE-SCALING-RESULT-V4	first	124	scale_strong_d3_n491520_c2_r1	e1514185445cab36f930c90a44c5a4e23326e027	fbed59bf26bd6cf641bec0946ff6d32cdfe992786852947c530678dd4c86a026	strong_d3	strong	3	491520	163840	4096	2	2	2	2	2	2	1	104729	3	scc-ph6	Intel(R) Xeon(R) CPU E5-2650 v2 @ 2.60GHz	matlab	PASS	0	0	0	127.811621	504.71	337.45	4.71175	258.019016	4.845543																					6143475712	6143475712	2418302976	30466350515																				True	20	20	4.4e-11	MAINTAINED_UPSTREAM_INTERNAL	MATLAB_TWISTER_SEED_PLUS_WORKER_INDEX	21.49962172086509	1.319295647577899	-0.04135229095655096	22.736212786529887					PASS
VCKSS-COMPARATIVE-SCALING-RESULT-V4	first	125	scale_strong_d3_n491520_c2_r2	e1514185445cab36f930c90a44c5a4e23326e027	fbed59bf26bd6cf641bec0946ff6d32cdfe992786852947c530678dd4c86a026	strong_d3	strong	3	491520	163840	4096	2	2	2	2	2	2	2	8675309	3	scc-yp1	Intel(R) Xeon(R) Gold 6132 CPU @ 2.60GHz	mata	PASS	0	0	0	301.603	305.28	578.87	2.066			21.107	17.808	6.468	12.685	272.87	0.655	113.077	144.64	3.96	156.938	0.0	66.268									4189634560	4189634560	4187594752	30238717248	3317341709	3317341709														1.04185204376e-13	1e-09	1.0	NONE							21.49957731345465	1.319292243897468	-0.0413528583066114	22.73616384073889	3.44762377773e-06	6.34452023802e-07	2.92178469785e-06	4.7341888951e-06	PASS
VCKSS-COMPARATIVE-SCALING-RESULT-V4	first	125	scale_strong_d3_n491520_c2_r2	e1514185445cab36f930c90a44c5a4e23326e027	fbed59bf26bd6cf641bec0946ff6d32cdfe992786852947c530678dd4c86a026	strong_d3	strong	3	491520	163840	4096	2	2	2	2	2	2	2	8675309	1	scc-yp1	Intel(R) Xeon(R) Gold 6132 CPU @ 2.60GHz	rust	PASS	0	0	0	19.978	23.53	42.67	2.011															0.02759248	0.241805869	0.245608372	0.222690858	0.087664749	0.0	18.200497012	19.02585934	1200525312	1200525312	1209008128	30238717248	10971156953	10971156953	8304725912	77337460	2	2	1e-10	1e-06	0.201954694	0.047730819	0.807216822	8.842113138	3.224472525	4771	4170	3.01185056969e-06	1e-05	13.0	CMG_FULL_V2							21.49956607015399	1.319290615590106	-0.0413453835440963	22.7361659186559	3.65217209003e-06	6.23809432117e-07	2.84507036049e-06	4.71977218754e-06	PASS
VCKSS-COMPARATIVE-SCALING-RESULT-V4	first	125	scale_strong_d3_n491520_c2_r2	e1514185445cab36f930c90a44c5a4e23326e027	fbed59bf26bd6cf641bec0946ff6d32cdfe992786852947c530678dd4c86a026	strong_d3	strong	3	491520	163840	4096	2	2	2	2	2	2	2	8675309	2	scc-yp1	Intel(R) Xeon(R) Gold 6132 CPU @ 2.60GHz	matlab	PASS	0	0	0	106.841602	345.06	328.82	4.230476	167.412511	4.690273																					6384001024	6384001024	2700517376	30238717248																				True	20	20	4.4e-11	MAINTAINED_UPSTREAM_INTERNAL	MATLAB_TWISTER_SEED_PLUS_WORKER_INDEX	21.499620664695804	1.3192955704318534	-0.04135139249209591	22.736213450143467					PASS
VCKSS-COMPARATIVE-SCALING-RESULT-V4	first	126	scale_strong_d3_n491520_c2_r3	e1514185445cab36f930c90a44c5a4e23326e027	fbed59bf26bd6cf641bec0946ff6d32cdfe992786852947c530678dd4c86a026	strong_d3	strong	3	491520	163840	4096	2	2	2	2	2	2	3	20260819	2	scc-mh5	Intel(R) Xeon(R) CPU E5-2650 v2 @ 2.60GHz	mata	PASS	0	0	0	347.987	352.32	658.87	1.818			24.388	21.445	7.467000000000001	13.188	315.121	0.534	139.54	160.057	4.342000000000001	211.816	0.0	54.016									4093198336	4093198336	4091244544	30405147231	3317341712	3317341712														9.01263200829e-14	1e-09	1.0	NONE							21.49957804321782	1.319291202014572	-0.0413509972008269	22.73616725083074	3.51533577004e-06	7.15058047095e-07	2.81670292422e-06	4.85642970555e-06	PASS
VCKSS-COMPARATIVE-SCALING-RESULT-V4	first	126	scale_strong_d3_n491520_c2_r3	e1514185445cab36f930c90a44c5a4e23326e027	fbed59bf26bd6cf641bec0946ff6d32cdfe992786852947c530678dd4c86a026	strong_d3	strong	3	491520	163840	4096	2	2	2	2	2	2	3	20260819	3	scc-mh5	Intel(R) Xeon(R) CPU E5-2650 v2 @ 2.60GHz	rust	PASS	0	0	0	20.177	24.31	43.769999999999996	1.825															0.027776995	0.230197432	0.226268632	0.230536636	0.083261763	0.0	18.342134725	19.140176183	1229385728	1229385728	1227481088	30405147231	10971156953	10971156953	8304725912	77337460	2	2	1e-10	1e-06	0.170277421	0.033837276	0.554474566	8.829678432	3.096163699	4770	4169	3.00758060792e-06	1e-05	13.0	CMG_FULL_V2							21.49957793611312	1.319291303545159	-0.0413513062082064	22.73616662724187	3.98240339121e-06	6.14950866607e-07	2.95306351571e-06	5.00320182737e-06	PASS
VCKSS-COMPARATIVE-SCALING-RESULT-V4	first	126	scale_strong_d3_n491520_c2_r3	e1514185445cab36f930c90a44c5a4e23326e027	fbed59bf26bd6cf641bec0946ff6d32cdfe992786852947c530678dd4c86a026	strong_d3	strong	3	491520	163840	4096	2	2	2	2	2	2	3	20260819	1	scc-mh5	Intel(R) Xeon(R) CPU E5-2650 v2 @ 2.60GHz	matlab	PASS	0	0	0	124.688783	216.25	316.53	3.670654	38.424998	4.620221																					6178734080	6206521344	2524041216	30405147231																				True	20	20	4.4e-11	MAINTAINED_UPSTREAM_INTERNAL	MATLAB_TWISTER_SEED_PLUS_WORKER_INDEX	21.499620465686537	1.3192954341967564	-0.041350768871280814	22.736214362140732					PASS
VCKSS-COMPARATIVE-SCALING-RESULT-V4	first	127	scale_strong_d3_n491520_c4_r1	e1514185445cab36f930c90a44c5a4e23326e027	fbed59bf26bd6cf641bec0946ff6d32cdfe992786852947c530678dd4c86a026	strong_d3	strong	3	491520	163840	4096	4	4	4	4	4	4	1	104729	1	scc-tf1	Intel(R) Xeon(R) CPU E5-2660 v3 @ 2.60GHz	mata	PASS	0	0	0	309.683	314.63	1169.17	2.402			19.591	16.851	6.112	9.622	283.025	0.513	119.797	151.413	3.227	176.659	0.0	65.95100000000001									4006289408	4006289408	4172255232	50566797460	3317341654	3317341654														1.15820860235e-13	1e-09	1.0	NONE							21.49957940239158	1.319292195041105	-0.0413495496908352	22.73617249805101	3.6350930897e-06	6.62502218614e-07	2.73661347779e-06	4.70869026678e-06	PASS
VCKSS-COMPARATIVE-SCALING-RESULT-V4	first	127	scale_strong_d3_n491520_c4_r1	e1514185445cab36f930c90a44c5a4e23326e027	fbed59bf26bd6cf641bec0946ff6d32cdfe992786852947c530678dd4c86a026	strong_d3	strong	3	491520	163840	4096	4	4	4	4	4	4	1	104729	2	scc-tf1	Intel(R) Xeon(R) CPU E5-2660 v3 @ 2.60GHz	rust	PASS	0	0	0	14.105	18.98	59.71	2.373															0.024530838	0.218326807	0.211989127	0.212759853	0.077841908	0.0	12.381315639	13.126764172	1206276096	1206276096	1204379648	50566797460	12388621990	12388621990	8308733355	80676996	4	4	1e-10	1e-06	0.163361782	0.035675258	0.369970601	5.781573475	1.926011539	4774	4173	2.9885898472e-06	1e-05	13.0	CMG_FULL_V2							21.49958346402473	1.319292173968917	-0.0413514869730163	22.73617266404761	3.72849428359e-06	5.97850694682e-07	2.80188641906e-06	4.93204451078e-06	PASS
VCKSS-COMPARATIVE-SCALING-RESULT-V4	first	127	scale_strong_d3_n491520_c4_r1	e1514185445cab36f930c90a44c5a4e23326e027	fbed59bf26bd6cf641bec0946ff6d32cdfe992786852947c530678dd4c86a026	strong_d3	strong	3	491520	163840	4096	4	4	4	4	4	4	1	104729	3	scc-tf1	Intel(R) Xeon(R) CPU E5-2660 v3 @ 2.60GHz	matlab	PASS	0	0	0	68.62667	466.37	475.2	4.401453	95.536164	6.27788																					10171949056	10171949056	2646224896	50566797460																				True	20	20	4.4e-11	MAINTAINED_UPSTREAM_INTERNAL	MATLAB_TWISTER_SEED_PLUS_WORKER_INDEX	21.499623906306677	1.319295883017376	-0.04135245206610272	22.736214885191846					PASS
VCKSS-COMPARATIVE-SCALING-RESULT-V4	first	128	scale_strong_d3_n491520_c4_r2	e1514185445cab36f930c90a44c5a4e23326e027	fbed59bf26bd6cf641bec0946ff6d32cdfe992786852947c530678dd4c86a026	strong_d3	strong	3	491520	163840	4096	4	4	4	4	4	4	2	8675309	3	scc-td3	Intel(R) Xeon(R) CPU E5-2660 v3 @ 2.60GHz	mata	PASS	0	0	0	307.632	311.74	1161.77	1.643			19.319	16.843	5.981	8.668	281.436	0.474	120.708	149.965	3.3	179.515	0.0	63.322									4108259328	4108259328	4147257344	50593641006	3317341677	3317341677														1.05173247789e-13	1e-09	1.0	NONE							21.49957731345465	1.319292243897468	-0.0413528583066114	22.73616384073889	3.44762377773e-06	6.34452023802e-07	2.92178469785e-06	4.7341888951e-06	PASS
VCKSS-COMPARATIVE-SCALING-RESULT-V4	first	128	scale_strong_d3_n491520_c4_r2	e1514185445cab36f930c90a44c5a4e23326e027	fbed59bf26bd6cf641bec0946ff6d32cdfe992786852947c530678dd4c86a026	strong_d3	strong	3	491520	163840	4096	4	4	4	4	4	4	2	8675309	1	scc-td3	Intel(R) Xeon(R) CPU E5-2660 v3 @ 2.60GHz	rust	PASS	0	0	0	11.253	14.6	46.309999999999995	1.465															0.023641053	0.213918244	0.201675742	0.21201859	0.077220487	0.0	9.785517929	10.513992045	1138479104	1138479104	1136631808	50593641006	12388621990	12388621990	8308733355	80676996	4	4	1e-10	1e-06	0.161032251	0.025705958	0.282245566	4.530627259	1.577868871	4771	4170	3.01185056969e-06	1e-05	13.0	CMG_FULL_V2							21.49956607015399	1.319290615590106	-0.0413453835440963	22.7361659186559	3.65217209003e-06	6.23809432117e-07	2.84507036049e-06	4.71977218754e-06	PASS
VCKSS-COMPARATIVE-SCALING-RESULT-V4	first	128	scale_strong_d3_n491520_c4_r2	e1514185445cab36f930c90a44c5a4e23326e027	fbed59bf26bd6cf641bec0946ff6d32cdfe992786852947c530678dd4c86a026	strong_d3	strong	3	491520	163840	4096	4	4	4	4	4	4	2	8675309	2	scc-td3	Intel(R) Xeon(R) CPU E5-2660 v3 @ 2.60GHz	matlab	PASS	0	0	0	58.452014	344.63	356.59999999999997	3.703453	165.959929	8.620838																					10066132992	10066132992	2606870528	50593641006																				True	20	20	4.4e-11	MAINTAINED_UPSTREAM_INTERNAL	MATLAB_TWISTER_SEED_PLUS_WORKER_INDEX	21.49962638358415	1.3192952785552678	-0.04135232319650894	22.736217015746398					PASS
VCKSS-COMPARATIVE-SCALING-RESULT-V4	first	129	scale_strong_d3_n491520_c4_r3	e1514185445cab36f930c90a44c5a4e23326e027	fbed59bf26bd6cf641bec0946ff6d32cdfe992786852947c530678dd4c86a026	strong_d3	strong	3	491520	163840	4096	4	4	4	4	4	4	3	20260819	2	scc-td4	Intel(R) Xeon(R) CPU E5-2660 v3 @ 2.60GHz	mata	PASS	0	0	0	319.979	325.29	1208.61	2.579			20.63	17.34	6.052	9.583	292.189	0.54	121.339	159.075	3.438	184.147	0.0	67.028									3971641344	3971641344	4108333056	50818053047	3317341673	3317341673														9.1269974684e-14	1e-09	1.0	NONE							21.49957804321782	1.319291202014572	-0.0413509972008269	22.73616725083074	3.51533577004e-06	7.15058047095e-07	2.81670292422e-06	4.85642970555e-06	PASS
VCKSS-COMPARATIVE-SCALING-RESULT-V4	first	129	scale_strong_d3_n491520_c4_r3	e1514185445cab36f930c90a44c5a4e23326e027	fbed59bf26bd6cf641bec0946ff6d32cdfe992786852947c530678dd4c86a026	strong_d3	strong	3	491520	163840	4096	4	4	4	4	4	4	3	20260819	3	scc-td4	Intel(R) Xeon(R) CPU E5-2660 v3 @ 2.60GHz	rust	PASS	0	0	0	14.594	20.3	60.42	2.432															0.026407178	0.22930511	0.2317256	0.223779256	0.083492572	0.0	12.843539604	13.63824932	1150603264	1150603264	1148567552	50818053047	12388621990	12388621990	8308733355	80676996	4	4	1e-10	1e-06	0.181242497	0.040402728	0.395961822	5.918405545	2.067810345	4770	4169	3.00758060792e-06	1e-05	13.0	CMG_FULL_V2							21.49957793611312	1.319291303545159	-0.0413513062082064	22.73616662724187	3.98240339121e-06	6.14950866607e-07	2.95306351571e-06	5.00320182737e-06	PASS
VCKSS-COMPARATIVE-SCALING-RESULT-V4	first	129	scale_strong_d3_n491520_c4_r3	e1514185445cab36f930c90a44c5a4e23326e027	fbed59bf26bd6cf641bec0946ff6d32cdfe992786852947c530678dd4c86a026	strong_d3	strong	3	491520	163840	4096	4	4	4	4	4	4	3	20260819	1	scc-td4	Intel(R) Xeon(R) CPU E5-2660 v3 @ 2.60GHz	matlab	PASS	0	0	0	73.748065	375.72	504.74	4.482749	166.419139	6.347272																					10045489152	10045489152	2613559296	50818053047																				True	20	20	4.4e-11	MAINTAINED_UPSTREAM_INTERNAL	MATLAB_TWISTER_SEED_PLUS_WORKER_INDEX	21.49962614246391	1.319295378059915	-0.041350806207954595	22.736219908107916					PASS
VCKSS-COMPARATIVE-SCALING-RESULT-V4	first	130	scale_strong_d3_n491520_c8_r1	e1514185445cab36f930c90a44c5a4e23326e027	fbed59bf26bd6cf641bec0946ff6d32cdfe992786852947c530678dd4c86a026	strong_d3	strong	3	491520	163840	4096	8	4	4	4	8	8	1	104729	1	scc-mc7	Intel(R) Xeon(R) CPU E5-2650 v2 @ 2.60GHz	mata	PASS	0	0	0	348.286	352.1	1233.4399999999998	1.498			24.352	21.576	7.551	10.148	315.369	0.524	140.714	162.107	3.837999999999999	218.119	0.0	54.5									4295421952	4295421952	4297666560	90835337085	3317341679	3317341679														1.15820860235e-13	1e-09	1.0	NONE							21.49957940239158	1.319292195041105	-0.0413495496908352	22.73617249805101	3.6350930897e-06	6.62502218614e-07	2.73661347779e-06	4.70869026678e-06	PASS
VCKSS-COMPARATIVE-SCALING-RESULT-V4	first	130	scale_strong_d3_n491520_c8_r1	e1514185445cab36f930c90a44c5a4e23326e027	fbed59bf26bd6cf641bec0946ff6d32cdfe992786852947c530678dd4c86a026	strong_d3	strong	3	491520	163840	4096	8	4	8	4	8	8	1	104729	2	scc-mc7	Intel(R) Xeon(R) CPU E5-2650 v2 @ 2.60GHz	rust	PASS	0	0	0	7.718	11.19	52.07	1.187															0.027671287	0.233495168	0.216697825	0.217905559	0.081784445	0.0	6.066565936	6.84412022	1191518208	1191518208	1189650432	90835337085	15223552064	15223552064	8316748241	87356068	8	8	1e-10	1e-06	0.168521137	0.027499706	0.174291631	2.499527126	0.876242948	4774	4173	2.9885898472e-06	1e-05	13.0	CMG_FULL_V2							21.49958346402473	1.319292173968917	-0.0413514869730163	22.73617266404761	3.72849428359e-06	5.97850694682e-07	2.80188641906e-06	4.93204451078e-06	PASS
VCKSS-COMPARATIVE-SCALING-RESULT-V4	first	130	scale_strong_d3_n491520_c8_r1	e1514185445cab36f930c90a44c5a4e23326e027	fbed59bf26bd6cf641bec0946ff6d32cdfe992786852947c530678dd4c86a026	strong_d3	strong	3	491520	163840	4096	8	4	8	4	8	8	1	104729	3	scc-mc7	Intel(R) Xeon(R) CPU E5-2650 v2 @ 2.60GHz	matlab	PASS	0	0	0	71.361394	483.47	673.5699999999999	3.970379	150.244855	5.250062																					18156548096	18156548096	3073585152	90835337085																				True	20	20	4.4e-11	MAINTAINED_UPSTREAM_INTERNAL	MATLAB_TWISTER_SEED_PLUS_WORKER_INDEX	21.499627106389784	1.3192959354837535	-0.04135183719076107	22.736219367492016					PASS
VCKSS-COMPARATIVE-SCALING-RESULT-V4	first	131	scale_strong_d3_n491520_c8_r2	e1514185445cab36f930c90a44c5a4e23326e027	fbed59bf26bd6cf641bec0946ff6d32cdfe992786852947c530678dd4c86a026	strong_d3	strong	3	491520	163840	4096	8	4	4	4	8	8	2	8675309	3	scc-mh4	Intel(R) Xeon(R) CPU E5-2650 v2 @ 2.60GHz	mata	PASS	0	0	0	346.937	350.6	1228.45	1.362			24.83	22.029	7.507	10.11	313.58	0.521	139.843	161.231	3.799999999999999	217.566	0.0	53.447									4250423296	4250423296	4248662016	90959891137	3317341688	3317341688														1.05173247789e-13	1e-09	1.0	NONE							21.49957731345465	1.319292243897468	-0.0413528583066114	22.73616384073889	3.44762377773e-06	6.34452023802e-07	2.92178469785e-06	4.7341888951e-06	PASS
VCKSS-COMPARATIVE-SCALING-RESULT-V4	first	131	scale_strong_d3_n491520_c8_r2	e1514185445cab36f930c90a44c5a4e23326e027	fbed59bf26bd6cf641bec0946ff6d32cdfe992786852947c530678dd4c86a026	strong_d3	strong	3	491520	163840	4096	8	4	8	4	8	8	2	8675309	1	scc-mh4	Intel(R) Xeon(R) CPU E5-2650 v2 @ 2.60GHz	rust	PASS	0	0	0	7.699	11.13	52.089999999999996	1.177															0.028257519	0.234602836	0.218495809	0.228934298	0.085060881	0.0	6.033294	6.828645343	1255571456	1255571456	1253490688	90959891137	15223552064	15223552064	8316748241	87356068	8	8	1e-10	1e-06	0.167088948	0.027162576	0.180056118	2.453441903	0.880504418	4771	4170	3.01185056969e-06	1e-05	13.0	CMG_FULL_V2							21.49956607015399	1.319290615590106	-0.0413453835440963	22.7361659186559	3.65217209003e-06	6.23809432117e-07	2.84507036049e-06	4.71977218754e-06	PASS
VCKSS-COMPARATIVE-SCALING-RESULT-V4	first	131	scale_strong_d3_n491520_c8_r2	e1514185445cab36f930c90a44c5a4e23326e027	fbed59bf26bd6cf641bec0946ff6d32cdfe992786852947c530678dd4c86a026	strong_d3	strong	3	491520	163840	4096	8	4	8	4	8	8	2	8675309	2	scc-mh4	Intel(R) Xeon(R) CPU E5-2650 v2 @ 2.60GHz	matlab	PASS	0	0	0	71.392243	357.29	670.2099999999999	3.938442	166.601623	5.308634																					18190647296	18190647296	3123097600	90959891137																				True	20	20	4.4e-11	MAINTAINED_UPSTREAM_INTERNAL	MATLAB_TWISTER_SEED_PLUS_WORKER_INDEX	21.499623234298536	1.319294803029348	-0.041351856871018056	22.73621432358585					PASS
VCKSS-COMPARATIVE-SCALING-RESULT-V4	first	132	scale_strong_d3_n491520_c8_r3	e1514185445cab36f930c90a44c5a4e23326e027	fbed59bf26bd6cf641bec0946ff6d32cdfe992786852947c530678dd4c86a026	strong_d3	strong	3	491520	163840	4096	8	4	4	4	8	8	3	20260819	2	scc-te4	Intel(R) Xeon(R) CPU E5-2660 v3 @ 2.60GHz	mata	PASS	0	0	0	332.242	337.26	1245.4	2.202			22.506	19.408	7.090000000000001	10.584	301.555	0.594	130.27	158.139	3.466	190.953	0.0	67.352									4040589312	4040589312	4101738496	91545080431	3317341688	3317341688														9.1269974684e-14	1e-09	1.0	NONE							21.49957804321782	1.319291202014572	-0.0413509972008269	22.73616725083074	3.51533577004e-06	7.15058047095e-07	2.81670292422e-06	4.85642970555e-06	PASS
VCKSS-COMPARATIVE-SCALING-RESULT-V4	first	132	scale_strong_d3_n491520_c8_r3	e1514185445cab36f930c90a44c5a4e23326e027	fbed59bf26bd6cf641bec0946ff6d32cdfe992786852947c530678dd4c86a026	strong_d3	strong	3	491520	163840	4096	8	4	8	4	8	8	3	20260819	3	scc-te4	Intel(R) Xeon(R) CPU E5-2660 v3 @ 2.60GHz	rust	PASS	0	0	0	9.929	16.56	67.2	2.576															0.03053336	0.277067262	0.287314888	0.276763049	0.105041343	0.0	7.888297405	8.865017307	1569071104	1569071104	1567293440	91545080431	15223552064	15223552064	8316748241	87356068	8	8	1e-10	1e-06	0.403668052	0.044358415	0.211969776	3.06549041	1.125897013	4770	4169	3.00758060792e-06	1e-05	13.0	CMG_FULL_V2							21.49957793611312	1.319291303545159	-0.0413513062082064	22.73616662724187	3.98240339121e-06	6.14950866607e-07	2.95306351571e-06	5.00320182737e-06	PASS
VCKSS-COMPARATIVE-SCALING-RESULT-V4	first	132	scale_strong_d3_n491520_c8_r3	e1514185445cab36f930c90a44c5a4e23326e027	fbed59bf26bd6cf641bec0946ff6d32cdfe992786852947c530678dd4c86a026	strong_d3	strong	3	491520	163840	4096	8	4	8	4	8	8	3	20260819	1	scc-te4	Intel(R) Xeon(R) CPU E5-2660 v3 @ 2.60GHz	matlab	PASS	0	0	0	56.177493	479.13	800.7199999999999	5.62082	215.21683	7.01458																					17654554624	17654554624	2932772864	91545080431																				True	20	20	4.4e-11	MAINTAINED_UPSTREAM_INTERNAL	MATLAB_TWISTER_SEED_PLUS_WORKER_INDEX	21.499623417067177	1.3192956010045647	-0.04135204837104764	22.736214921329648					PASS
VCKSS-COMPARATIVE-SCALING-RESULT-V4	first	133	scale_strong_d3_n491520_c16_r1	e1514185445cab36f930c90a44c5a4e23326e027	fbed59bf26bd6cf641bec0946ff6d32cdfe992786852947c530678dd4c86a026	strong_d3	strong	3	491520	163840	4096	16	4	4	4	16	16	1	104729	1	scc-md1	Intel(R) Xeon(R) CPU E5-2650 v2 @ 2.60GHz	mata	PASS	0	0	0	348.583	352.65999999999997	1247.9	1.541			24.353	21.495	7.529	10.537	315.668	0.534	140.863	161.869	3.841	217.96	0.0	54.562									4203077632	4203077632	4241801216	181051125138	3317341710	3317341710														1.15820860235e-13	1e-09	1.0	NONE							21.49957940239158	1.319292195041105	-0.0413495496908352	22.73617249805101	3.6350930897e-06	6.62502218614e-07	2.73661347779e-06	4.70869026678e-06	PASS
VCKSS-COMPARATIVE-SCALING-RESULT-V4	first	133	scale_strong_d3_n491520_c16_r1	e1514185445cab36f930c90a44c5a4e23326e027	fbed59bf26bd6cf641bec0946ff6d32cdfe992786852947c530678dd4c86a026	strong_d3	strong	3	491520	163840	4096	16	4	16	4	16	16	1	104729	2	scc-md1	Intel(R) Xeon(R) CPU E5-2650 v2 @ 2.60GHz	rust	PASS	0	0	0	5.882	10.03	54.46	1.3															0.025805077	0.223961427	0.220456335	0.226730086	0.083150699	0.0	4.254349465	5.034453089	1343918080	1343918080	1341898752	181051125138	20893412211	20893412211	8332778014	100714212	16	16	1e-10	1e-06	0.164781933	0.033198379	0.129491781	1.406011698	0.57710557	4774	4173	2.9885898472e-06	1e-05	13.0	CMG_FULL_V2							21.49958346402473	1.319292173968917	-0.0413514869730163	22.73617266404761	3.72849428359e-06	5.97850694682e-07	2.80188641906e-06	4.93204451078e-06	PASS
VCKSS-COMPARATIVE-SCALING-RESULT-V4	first	133	scale_strong_d3_n491520_c16_r1	e1514185445cab36f930c90a44c5a4e23326e027	fbed59bf26bd6cf641bec0946ff6d32cdfe992786852947c530678dd4c86a026	strong_d3	strong	3	491520	163840	4096	16	4	16	4	16	16	1	104729	3	scc-md1	Intel(R) Xeon(R) CPU E5-2650 v2 @ 2.60GHz	matlab	PASS	0	0	0	55.762664	535.43	1077.1399999999999	4.475219	290.827355	6.16747																					32803835904	32803835904	3458940928	181051125138																				True	20	20	4.4e-11	MAINTAINED_UPSTREAM_INTERNAL	MATLAB_TWISTER_SEED_PLUS_WORKER_INDEX	21.499625717921806	1.3192956033712437	-0.0413522578124352	22.73621680566818					PASS
VCKSS-COMPARATIVE-SCALING-RESULT-V4	first	134	scale_strong_d3_n491520_c16_r2	e1514185445cab36f930c90a44c5a4e23326e027	fbed59bf26bd6cf641bec0946ff6d32cdfe992786852947c530678dd4c86a026	strong_d3	strong	3	491520	163840	4096	16	4	4	4	16	16	2	8675309	3	scc-td2	Intel(R) Xeon(R) CPU E5-2660 v3 @ 2.60GHz	mata	PASS	0	0	0	322.007	328.43	1212.27	3.034			21.245	18.309	6.58	10.056	293.141	0.571	130.099	150.558	3.290999999999999	185.828	0.0	65.77199999999999									4044247040	4044247040	4112674816	179296630997	3317341706	3317341706														1.05173247789e-13	1e-09	1.0	NONE							21.49957731345465	1.319292243897468	-0.0413528583066114	22.73616384073889	3.44762377773e-06	6.34452023802e-07	2.92178469785e-06	4.7341888951e-06	PASS
VCKSS-COMPARATIVE-SCALING-RESULT-V4	first	134	scale_strong_d3_n491520_c16_r2	e1514185445cab36f930c90a44c5a4e23326e027	fbed59bf26bd6cf641bec0946ff6d32cdfe992786852947c530678dd4c86a026	strong_d3	strong	3	491520	163840	4096	16	4	16	4	16	16	2	8675309	1	scc-td2	Intel(R) Xeon(R) CPU E5-2660 v3 @ 2.60GHz	rust	PASS	0	0	0	9.863	15.62	90.94999999999999	2.75															0.028937627	0.271337462	0.257644282	0.279043095	0.10101758	0.0	7.915218623	8.853198669	1508749312	1508749312	1506881536	179296630997	20893412211	20893412211	8332778014	100714212	16	16	1e-10	1e-06	0.270039087	0.065269597	0.182265062	2.643811599	0.961054762	4771	4170	3.01185056969e-06	1e-05	13.0	CMG_FULL_V2							21.49956607015399	1.319290615590106	-0.0413453835440963	22.7361659186559	3.65217209003e-06	6.23809432117e-07	2.84507036049e-06	4.71977218754e-06	PASS
VCKSS-COMPARATIVE-SCALING-RESULT-V4	first	134	scale_strong_d3_n491520_c16_r2	e1514185445cab36f930c90a44c5a4e23326e027	fbed59bf26bd6cf641bec0946ff6d32cdfe992786852947c530678dd4c86a026	strong_d3	strong	3	491520	163840	4096	16	4	16	4	16	16	2	8675309	2	scc-td2	Intel(R) Xeon(R) CPU E5-2660 v3 @ 2.60GHz	matlab	PASS	0	0	0	43.944561	487.24	1331.2399999999998	5.725335	257.865363	7.078525																					33502171136	33502171136	3579928576	179296630997																				True	20	20	4.4e-11	MAINTAINED_UPSTREAM_INTERNAL	MATLAB_TWISTER_SEED_PLUS_WORKER_INDEX	21.499623532538795	1.3192946830548131	-0.04135263782703047	22.73621293993955					PASS
VCKSS-COMPARATIVE-SCALING-RESULT-V4	first	135	scale_strong_d3_n491520_c16_r3	e1514185445cab36f930c90a44c5a4e23326e027	fbed59bf26bd6cf641bec0946ff6d32cdfe992786852947c530678dd4c86a026	strong_d3	strong	3	491520	163840	4096	16	4	4	4	16	16	3	20260819	2	scc-cb6	Intel(R) Xeon(R) CPU E5-2650 v2 @ 2.60GHz	mata	PASS	0	0	0	347.02	350.79	1229.6200000000001	1.48			24.552	21.76	7.488	10.142	313.986	0.523	140.268	161.192	3.806	217.447	0.0	53.87599999999998									4025221120	4025221120	4109008896	178724326605	3317341709	3317341709														9.1269974684e-14	1e-09	1.0	NONE							21.49957804321782	1.319291202014572	-0.0413509972008269	22.73616725083074	3.51533577004e-06	7.15058047095e-07	2.81670292422e-06	4.85642970555e-06	PASS
VCKSS-COMPARATIVE-SCALING-RESULT-V4	first	135	scale_strong_d3_n491520_c16_r3	e1514185445cab36f930c90a44c5a4e23326e027	fbed59bf26bd6cf641bec0946ff6d32cdfe992786852947c530678dd4c86a026	strong_d3	strong	3	491520	163840	4096	16	4	16	4	16	16	3	20260819	3	scc-cb6	Intel(R) Xeon(R) CPU E5-2650 v2 @ 2.60GHz	rust	PASS	0	0	0	5.798	9.85	54.589999999999996	1.261															0.025831747	0.229343845	0.232895832	0.221833796	0.082781303	0.0	4.139267322	4.931953845	1297154048	1297154048	1302650880	178724326605	20893412211	20893412211	8332778014	100714212	16	16	1e-10	1e-06	0.166240363	0.032492479	0.127996054	1.345478531	0.51263915	4770	4169	3.00758060792e-06	1e-05	13.0	CMG_FULL_V2							21.49957793611312	1.319291303545159	-0.0413513062082064	22.73616662724187	3.98240339121e-06	6.14950866607e-07	2.95306351571e-06	5.00320182737e-06	PASS
VCKSS-COMPARATIVE-SCALING-RESULT-V4	first	135	scale_strong_d3_n491520_c16_r3	e1514185445cab36f930c90a44c5a4e23326e027	fbed59bf26bd6cf641bec0946ff6d32cdfe992786852947c530678dd4c86a026	strong_d3	strong	3	491520	163840	4096	16	4	16	4	16	16	3	20260819	1	scc-cb6	Intel(R) Xeon(R) CPU E5-2650 v2 @ 2.60GHz	matlab	PASS	0	0	0	56.877741	461.49	1070.97	4.128856	261.537259	6.112001																					32960696320	32960696320	3269218304	178724326605																				True	20	20	4.4e-11	MAINTAINED_UPSTREAM_INTERNAL	MATLAB_TWISTER_SEED_PLUS_WORKER_INDEX	21.499622224904368	1.319295673226924	-0.041351378095560526	22.73621514194017					PASS
VCKSS-COMPARATIVE-SCALING-RESULT-V4	repair-full	136	scale_strong_d3_n1966080_c1_r1	ca162022833c3d6e6906c11cf4860baf0d52fd86	02d6eb6ffc96e0eb7eea1252605663e3e206c6ce177f3cf7f0e860c2b25f40f9	strong_d3	strong	3	1966080	655360	16384	1	1	1	1	1	1	1	104729	1	scc-ei3	Intel(R) Xeon(R) Gold 6226R CPU @ 2.90GHz	mata	PASS	0	0	0	3478.122	3486.28	3475.85	3.15			75.888	64.322	28.998	81.719	3370.155	16.143	1234.312	2029.916	16.477	578.8950000000001	426.341	2554.08									13903290368	13903290368	13901246464	20877836026	9065943869	9065943869														9.79195041607e-11	1e-09	12.0	NONE							21.50085875786289	1.312636667081194	-0.0026284154192859	22.80823859410551	1.92949745804e-06	2.79260571502e-07	1.5689272395e-06	2.57670787777e-06	PASS
VCKSS-COMPARATIVE-SCALING-RESULT-V4	repair-full	136	scale_strong_d3_n1966080_c1_r1	ca162022833c3d6e6906c11cf4860baf0d52fd86	02d6eb6ffc96e0eb7eea1252605663e3e206c6ce177f3cf7f0e860c2b25f40f9	strong_d3	strong	3	1966080	655360	16384	1	1	1	1	1	1	1	104729	2	scc-ei3	Intel(R) Xeon(R) Gold 6226R CPU @ 2.90GHz	rust	PASS	0	0	0	210.235	218.23	217.37	2.851															0.087282545	0.901902921	0.871668262	0.763275739	0.296670586	0.0	204.798496761	207.719296814	3544559616	3544559616	3542700032	20877836026	39231460620	39231460620	31670106636	528640384	1	1	1e-10	1e-06	0.661314417	0.454469175	4.587535386	147.259980514	21.560677365	3156	2555	3.01754604574e-06	1e-05	9.0	CMG_FULL_V2							21.50086093132539	1.312636841143901	-0.0026280172348076	22.80824173799967	1.88100195358e-06	2.8300807006e-07	1.50896480017e-06	2.55817243054e-06	PASS
VCKSS-COMPARATIVE-SCALING-RESULT-V4	repair-full	136	scale_strong_d3_n1966080_c1_r1	ca162022833c3d6e6906c11cf4860baf0d52fd86	02d6eb6ffc96e0eb7eea1252605663e3e206c6ce177f3cf7f0e860c2b25f40f9	strong_d3	strong	3	1966080	655360	16384	1	1	1	1	1	1	1	104729	3	scc-ei3	Intel(R) Xeon(R) Gold 6226R CPU @ 2.90GHz	matlab	PASS	0	0	0	697.781931	879.74	755.74	6.594954	43.627797	3.570214																					5310709760	5310709760	3227230208	20877836026																				True	21	21	2.9e-11	MAINTAINED_UPSTREAM_INTERNAL	MATLAB_TWISTER_SEED_PLUS_WORKER_INDEX	21.50087648706397	1.3126418783701783	-0.0026334741547973826	22.808251417124556					PASS
VCKSS-COMPARATIVE-SCALING-RESULT-V4	repair-full	137	scale_strong_d3_n1966080_c1_r2	ca162022833c3d6e6906c11cf4860baf0d52fd86	02d6eb6ffc96e0eb7eea1252605663e3e206c6ce177f3cf7f0e860c2b25f40f9	strong_d3	strong	3	1966080	655360	16384	1	1	1	1	1	1	2	8675309	3	scc-ph2	Intel(R) Xeon(R) CPU E5-2650 v2 @ 2.60GHz	mata	PASS	0	0	0	4294.752	4307.0	4291.08	3.718			100.77	87.732	31.651	107.869	4159.38	18.875	1527.773	2496.989	22.914	845.5149999999999	514.588	3015.659									13639876608	13639876608	13637914624	20665235145	9065943852	9065943852														9.67347151425e-11	1e-09	12.0	NONE							21.50086089572281	1.312636630255001	-0.0026275046300219	22.80824251671777	1.75141469769e-06	2.46102478852e-07	1.44933309959e-06	2.43284651211e-06	PASS
VCKSS-COMPARATIVE-SCALING-RESULT-V4	repair-full	137	scale_strong_d3_n1966080_c1_r2	ca162022833c3d6e6906c11cf4860baf0d52fd86	02d6eb6ffc96e0eb7eea1252605663e3e206c6ce177f3cf7f0e860c2b25f40f9	strong_d3	strong	3	1966080	655360	16384	1	1	1	1	1	1	2	8675309	1	scc-ph2	Intel(R) Xeon(R) CPU E5-2650 v2 @ 2.60GHz	rust	PASS	0	0	0	233.061	246.73	244.82	4.414															0.103321915	1.01618337	0.973869409	0.917614754	0.35321598	0.0	225.879979533	229.244184961	3536797696	3536797696	3534921728	20665235145	39231460620	39231460620	31670106636	528640384	1	1	1e-10	1e-06	0.759135032	0.564869492	4.229445723	155.615031655	24.959557815	3145	2544	3.01719421643e-06	1e-05	9.0	CMG_FULL_V2							21.50085974051749	1.312636760260476	-0.0026292892946216	22.80823792218872	1.82286800632e-06	2.87834793538e-07	1.4803568629e-06	2.49312314907e-06	PASS
VCKSS-COMPARATIVE-SCALING-RESULT-V4	repair-full	137	scale_strong_d3_n1966080_c1_r2	ca162022833c3d6e6906c11cf4860baf0d52fd86	02d6eb6ffc96e0eb7eea1252605663e3e206c6ce177f3cf7f0e860c2b25f40f9	strong_d3	strong	3	1966080	655360	16384	1	1	1	1	1	1	2	8675309	2	scc-ph2	Intel(R) Xeon(R) CPU E5-2650 v2 @ 2.60GHz	matlab	PASS	0	0	0	894.20056	1441.37	969.57	15.869071	212.925528	6.640649																					5428183040	5428183040	3305332736	20665235145																				True	21	21	2.9e-11	MAINTAINED_UPSTREAM_INTERNAL	MATLAB_TWISTER_SEED_PLUS_WORKER_INDEX	21.50087683704635	1.3126419509220832	-0.0026327834774378736	22.808253221013555					PASS
VCKSS-COMPARATIVE-SCALING-RESULT-V4	repair-full	138	scale_strong_d3_n1966080_c1_r3	ca162022833c3d6e6906c11cf4860baf0d52fd86	02d6eb6ffc96e0eb7eea1252605663e3e206c6ce177f3cf7f0e860c2b25f40f9	strong_d3	strong	3	1966080	655360	16384	1	1	1	1	1	1	3	20260819	2	scc-kc1	Intel(R) Xeon(R) Gold 6426Y	mata	PASS	0	0	0	2070.574	2076.09	2071.55	1.787			38.609	31.989	13.83	42.058	2016.432	10.687	752.86	1206.727	11.464	322.348	247.251	1544.855									14017748992	14017748992	14015967232	20599736894	9065943897	9065943897														9.9859575451e-11	1e-09	12.0	NONE							21.50086312504057	1.312636736353722	-0.0026302686764772	22.80823932404134	1.96464670921e-06	2.91168071366e-07	1.46841049386e-06	2.61034633076e-06	PASS
VCKSS-COMPARATIVE-SCALING-RESULT-V4	repair-full	138	scale_strong_d3_n1966080_c1_r3	ca162022833c3d6e6906c11cf4860baf0d52fd86	02d6eb6ffc96e0eb7eea1252605663e3e206c6ce177f3cf7f0e860c2b25f40f9	strong_d3	strong	3	1966080	655360	16384	1	1	1	1	1	1	3	20260819	3	scc-kc1	Intel(R) Xeon(R) Gold 6426Y	rust	PASS	0	0	0	158.829	164.4	163.8	1.75															0.055083028	0.670028808	0.641247859	0.479454701	0.19294356	0.0	155.164007784	157.20276574	3550674944	3550674944	3548631040	20599736894	39231460620	39231460620	31670106636	528640384	1	1	1e-10	1e-06	0.422276036	0.307848671	2.253124725	120.367733597	12.581534096	3128	2527	3.01029237721e-06	1e-05	9.0	CMG_FULL_V2							21.50086173365916	1.312637124732534	-0.0026288403470954	22.80824117769751	1.7973925836e-06	2.75133935854e-07	1.52933645113e-06	2.48402353351e-06	PASS
VCKSS-COMPARATIVE-SCALING-RESULT-V4	repair-full	138	scale_strong_d3_n1966080_c1_r3	ca162022833c3d6e6906c11cf4860baf0d52fd86	02d6eb6ffc96e0eb7eea1252605663e3e206c6ce177f3cf7f0e860c2b25f40f9	strong_d3	strong	3	1966080	655360	16384	1	1	1	1	1	1	3	20260819	1	scc-kc1	Intel(R) Xeon(R) Gold 6426Y	matlab	PASS	0	0	0	505.404089	569.31	534.3499999999999	4.503467	22.83592	2.679																					5218828288	5218828288	3206893568	20599736894																				True	21	21	2.9e-11	MAINTAINED_UPSTREAM_INTERNAL	MATLAB_TWISTER_SEED_PLUS_WORKER_INDEX	21.500877109564698	1.3126416230350644	-0.002632934346547871	22.808252863906667					PASS
VCKSS-COMPARATIVE-SCALING-RESULT-V4	first	139	scale_strong_d3_n1966080_c2_r1	e1514185445cab36f930c90a44c5a4e23326e027	fbed59bf26bd6cf641bec0946ff6d32cdfe992786852947c530678dd4c86a026	strong_d3	strong	3	1966080	655360	16384	2	2	2	2	2	2	1	104729	1	scc-mh5	Intel(R) Xeon(R) CPU E5-2650 v2 @ 2.60GHz	mata	PASS	0	0	0	3453.548	3467.31	6059.88	4.592			98.319	87.604	31.109	108.193	3321.251	16.85	1241.891	1946.647	17.599	826.1569999999997	346.5890000000001	2239.355									14764769280	14764769280	14806794240	32236950782	9065943780	9065943780														9.7919501738e-11	1e-09	12.0	NONE							21.50085875786289	1.312636667081194	-0.0026284154192859	22.80823859410551	1.92949745804e-06	2.79260571502e-07	1.5689272395e-06	2.57670787777e-06	PASS
VCKSS-COMPARATIVE-SCALING-RESULT-V4	first	139	scale_strong_d3_n1966080_c2_r1	e1514185445cab36f930c90a44c5a4e23326e027	fbed59bf26bd6cf641bec0946ff6d32cdfe992786852947c530678dd4c86a026	strong_d3	strong	3	1966080	655360	16384	2	2	2	2	2	2	1	104729	2	scc-mh5	Intel(R) Xeon(R) CPU E5-2650 v2 @ 2.60GHz	rust	PASS	0	0	0	131.961	145.62	266.40000000000003	4.71															0.100903544	1.007168678	0.995479719	0.912951387	0.343707705	0.0	125.844680858	129.204891891	4669050880	4669050880	4666916864	32236950782	42072682150	42072682150	31968063137	776937468	2	2	1e-10	1e-06	0.757878479	0.879592762	2.28103932	85.202602538	13.722622549	3156	2555	3.01754604574e-06	1e-05	9.0	CMG_FULL_V2							21.50086093132539	1.312636841143901	-0.0026280172348076	22.80824173799967	1.88100195358e-06	2.8300807006e-07	1.50896480017e-06	2.55817243054e-06	PASS
VCKSS-COMPARATIVE-SCALING-RESULT-V4	first	139	scale_strong_d3_n1966080_c2_r1	e1514185445cab36f930c90a44c5a4e23326e027	fbed59bf26bd6cf641bec0946ff6d32cdfe992786852947c530678dd4c86a026	strong_d3	strong	3	1966080	655360	16384	2	2	2	2	2	2	1	104729	3	scc-mh5	Intel(R) Xeon(R) CPU E5-2650 v2 @ 2.60GHz	matlab	PASS	0	0	0	549.180255	640.83	1062.42	6.243678	36.721408	4.577591																					8123604992	8123604992	3630231552	32236950782																				True	21	21	2.9e-11	MAINTAINED_UPSTREAM_INTERNAL	MATLAB_TWISTER_SEED_PLUS_WORKER_INDEX	21.500877972776333	1.3126420024751626	-0.002633856524822538	22.80825226220185					PASS
VCKSS-COMPARATIVE-SCALING-RESULT-V4	first	140	scale_strong_d3_n1966080_c2_r2	e1514185445cab36f930c90a44c5a4e23326e027	fbed59bf26bd6cf641bec0946ff6d32cdfe992786852947c530678dd4c86a026	strong_d3	strong	3	1966080	655360	16384	2	2	2	2	2	2	2	8675309	3	scc-mh3	Intel(R) Xeon(R) CPU E5-2650 v2 @ 2.60GHz	mata	PASS	0	0	0	3448.338	3461.83	6052.51	4.591			97.92699999999999	87.023	31.185	107.989	3316.125	17.106	1241.768	1941.61	17.574	823.124	347.132	2236.556									14782902272	14782902272	14780772352	32440961729	9065943812	9065943812														9.67347147393e-11	1e-09	12.0	NONE							21.50086089572281	1.312636630255001	-0.0026275046300219	22.80824251671777	1.75141469769e-06	2.46102478852e-07	1.44933309959e-06	2.43284651211e-06	PASS
VCKSS-COMPARATIVE-SCALING-RESULT-V4	first	140	scale_strong_d3_n1966080_c2_r2	e1514185445cab36f930c90a44c5a4e23326e027	fbed59bf26bd6cf641bec0946ff6d32cdfe992786852947c530678dd4c86a026	strong_d3	strong	3	1966080	655360	16384	2	2	2	2	2	2	2	8675309	1	scc-mh3	Intel(R) Xeon(R) CPU E5-2650 v2 @ 2.60GHz	rust	PASS	0	0	0	131.138	144.73	263.79	4.816															0.098427253	1.004004461	0.9736833	0.926591751	0.33999436	0.0	125.062015385	128.40471651	4801126400	4801126400	4799160320	32440961729	42072682150	42072682150	31968063137	776937468	2	2	1e-10	1e-06	0.749125596	0.879992963	2.242855196	84.840630342	13.546903574	3145	2544	3.01719421643e-06	1e-05	9.0	CMG_FULL_V2							21.50085974051749	1.312636760260476	-0.0026292892946216	22.80823792218872	1.82286800632e-06	2.87834793538e-07	1.4803568629e-06	2.49312314907e-06	PASS
VCKSS-COMPARATIVE-SCALING-RESULT-V4	first	140	scale_strong_d3_n1966080_c2_r2	e1514185445cab36f930c90a44c5a4e23326e027	fbed59bf26bd6cf641bec0946ff6d32cdfe992786852947c530678dd4c86a026	strong_d3	strong	3	1966080	655360	16384	2	2	2	2	2	2	2	8675309	2	scc-mh3	Intel(R) Xeon(R) CPU E5-2650 v2 @ 2.60GHz	matlab	PASS	0	0	0	547.816649	1429.59	1093.43	13.729805	219.511228	6.271049																					8277118976	8277118976	3790360576	32440961729																				True	21	21	2.9e-11	MAINTAINED_UPSTREAM_INTERNAL	MATLAB_TWISTER_SEED_PLUS_WORKER_INDEX	21.50087855605825	1.3126417986733057	-0.002633553506264776	22.808253247719026					PASS
VCKSS-COMPARATIVE-SCALING-RESULT-V4	first	141	scale_strong_d3_n1966080_c2_r3	e1514185445cab36f930c90a44c5a4e23326e027	fbed59bf26bd6cf641bec0946ff6d32cdfe992786852947c530678dd4c86a026	strong_d3	strong	3	1966080	655360	16384	2	2	2	2	2	2	3	20260819	2	scc-mb7	Intel(R) Xeon(R) CPU E5-2650 v2 @ 2.60GHz	mata	PASS	0	0	0	3459.551	3475.15	6082.5	6.695			98.31400000000001	87.005	31.064	106.754	3326.95	17.127	1252.806	1942.586	17.463	825.2270000000002	347.863	2246.386									14590083072	14590083072	14588141568	32423781860	9065943840	9065943840														9.98595771152e-11	1e-09	12.0	NONE							21.50086312504057	1.312636736353722	-0.0026302686764772	22.80823932404134	1.96464670921e-06	2.91168071366e-07	1.46841049386e-06	2.61034633076e-06	PASS
VCKSS-COMPARATIVE-SCALING-RESULT-V4	first	141	scale_strong_d3_n1966080_c2_r3	e1514185445cab36f930c90a44c5a4e23326e027	fbed59bf26bd6cf641bec0946ff6d32cdfe992786852947c530678dd4c86a026	strong_d3	strong	3	1966080	655360	16384	2	2	2	2	2	2	3	20260819	3	scc-mb7	Intel(R) Xeon(R) CPU E5-2650 v2 @ 2.60GHz	rust	PASS	0	0	0	130.447	143.78	263.63	4.535															0.099175391	1.011062201	1.001089479	0.91842622	0.343259607	0.0	124.248505881	127.621518779	4503449600	4503449600	4501585920	32423781860	42072682150	42072682150	31968063137	776937468	2	2	1e-10	1e-06	0.762009352	0.885861048	2.258317806	83.89030306	13.565192372	3128	2527	3.01029237721e-06	1e-05	9.0	CMG_FULL_V2							21.50086173365916	1.312637124732534	-0.0026288403470954	22.80824117769751	1.7973925836e-06	2.75133935854e-07	1.52933645113e-06	2.48402353351e-06	PASS
VCKSS-COMPARATIVE-SCALING-RESULT-V4	first	141	scale_strong_d3_n1966080_c2_r3	e1514185445cab36f930c90a44c5a4e23326e027	fbed59bf26bd6cf641bec0946ff6d32cdfe992786852947c530678dd4c86a026	strong_d3	strong	3	1966080	655360	16384	2	2	2	2	2	2	3	20260819	1	scc-mb7	Intel(R) Xeon(R) CPU E5-2650 v2 @ 2.60GHz	matlab	PASS	0	0	0	548.969572	1000.24	1080.49	10.888121	156.709407	5.114354																					8298348544	8298348544	3794694144	32423781860																				True	21	21	2.9e-11	MAINTAINED_UPSTREAM_INTERNAL	MATLAB_TWISTER_SEED_PLUS_WORKER_INDEX	21.500872478482123	1.3126415665298403	-0.0026333582586779087	22.80824732849461					PASS
VCKSS-COMPARATIVE-SCALING-RESULT-V4	first	142	scale_strong_d3_n1966080_c4_r1	e1514185445cab36f930c90a44c5a4e23326e027	fbed59bf26bd6cf641bec0946ff6d32cdfe992786852947c530678dd4c86a026	strong_d3	strong	3	1966080	655360	16384	4	4	4	4	4	4	1	104729	1	scc-mh4	Intel(R) Xeon(R) CPU E5-2650 v2 @ 2.60GHz	mata	PASS	0	0	0	3054.354	3067.49	9635.33	4.012			96.592	86.844	30.7	108.811	2924.197	16.688	1109.174	1681.839	15.215	825.2239999999999	270.988	1859.182									15018430464	15018430464	15122259968	52875342382	9065943781	9065943781														9.79195030991e-11	1e-09	12.0	NONE							21.50085875786289	1.312636667081194	-0.0026284154192859	22.80823859410551	1.92949745804e-06	2.79260571502e-07	1.5689272395e-06	2.57670787777e-06	PASS
VCKSS-COMPARATIVE-SCALING-RESULT-V4	first	142	scale_strong_d3_n1966080_c4_r1	e1514185445cab36f930c90a44c5a4e23326e027	fbed59bf26bd6cf641bec0946ff6d32cdfe992786852947c530678dd4c86a026	strong_d3	strong	3	1966080	655360	16384	4	4	4	4	4	4	1	104729	2	scc-mh4	Intel(R) Xeon(R) CPU E5-2650 v2 @ 2.60GHz	rust	PASS	0	0	0	76.499	89.38	289.46	3.898															0.098554512	1.007094529	0.985852337	0.915226799	0.349366385	0.0	70.719623065	74.075717627	4817768448	4817768448	4815736832	52875342382	47742542297	47742542297	31987850273	793426748	4	4	1e-10	1e-06	0.748792743	0.708751899	1.241847177	46.205560763	7.4743526	3156	2555	3.01754604574e-06	1e-05	9.0	CMG_FULL_V2							21.50086093132539	1.312636841143901	-0.0026280172348076	22.80824173799967	1.88100195358e-06	2.8300807006e-07	1.50896480017e-06	2.55817243054e-06	PASS
VCKSS-COMPARATIVE-SCALING-RESULT-V4	first	142	scale_strong_d3_n1966080_c4_r1	e1514185445cab36f930c90a44c5a4e23326e027	fbed59bf26bd6cf641bec0946ff6d32cdfe992786852947c530678dd4c86a026	strong_d3	strong	3	1966080	655360	16384	4	4	4	4	4	4	1	104729	3	scc-mh4	Intel(R) Xeon(R) CPU E5-2650 v2 @ 2.60GHz	matlab	PASS	0	0	0	380.542768	677.59	1296.32	6.087869	94.292607	5.091822																					12945821696	12945821696	3905634304	52875342382																				True	21	21	2.9e-11	MAINTAINED_UPSTREAM_INTERNAL	MATLAB_TWISTER_SEED_PLUS_WORKER_INDEX	21.50087756011511	1.312641905469186	-0.0026326990419453435	22.808254067500407					PASS
VCKSS-COMPARATIVE-SCALING-RESULT-V4	first	143	scale_strong_d3_n1966080_c4_r2	e1514185445cab36f930c90a44c5a4e23326e027	fbed59bf26bd6cf641bec0946ff6d32cdfe992786852947c530678dd4c86a026	strong_d3	strong	3	1966080	655360	16384	4	4	4	4	4	4	2	8675309	3	scc-ph6	Intel(R) Xeon(R) CPU E5-2650 v2 @ 2.60GHz	mata	PASS	0	0	0	3119.72	3132.05	9877.119999999999	3.709			97.33	87.558	30.83	107.764	2988.706	16.808	1130.339	1726.089	15.316	835.347	277.458	1911.291									14737637376	14737637376	14735888384	53763326870	9065943779	9065943779														9.67347147741e-11	1e-09	12.0	NONE							21.50086089572281	1.312636630255001	-0.0026275046300219	22.80824251671777	1.75141469769e-06	2.46102478852e-07	1.44933309959e-06	2.43284651211e-06	PASS
VCKSS-COMPARATIVE-SCALING-RESULT-V4	first	143	scale_strong_d3_n1966080_c4_r2	e1514185445cab36f930c90a44c5a4e23326e027	fbed59bf26bd6cf641bec0946ff6d32cdfe992786852947c530678dd4c86a026	strong_d3	strong	3	1966080	655360	16384	4	4	4	4	4	4	2	8675309	1	scc-ph6	Intel(R) Xeon(R) CPU E5-2650 v2 @ 2.60GHz	rust	PASS	0	0	0	76.805	89.96000000000001	290.65	3.888															0.098969915	1.004992641	0.98527606	0.922425286	0.347878227	0.0	71.020966732	74.380508861	4938674176	4938674176	4936818688	53763326870	47742542297	47742542297	31987850273	793426748	4	4	1e-10	1e-06	0.758031162	0.709826822	1.267896711	46.311616632	7.592388982	3145	2544	3.01719421643e-06	1e-05	9.0	CMG_FULL_V2							21.50085974051749	1.312636760260476	-0.0026292892946216	22.80823792218872	1.82286800632e-06	2.87834793538e-07	1.4803568629e-06	2.49312314907e-06	PASS
VCKSS-COMPARATIVE-SCALING-RESULT-V4	first	143	scale_strong_d3_n1966080_c4_r2	e1514185445cab36f930c90a44c5a4e23326e027	fbed59bf26bd6cf641bec0946ff6d32cdfe992786852947c530678dd4c86a026	strong_d3	strong	3	1966080	655360	16384	4	4	4	4	4	4	2	8675309	2	scc-ph6	Intel(R) Xeon(R) CPU E5-2650 v2 @ 2.60GHz	matlab	PASS	0	0	0	384.786573	711.64	1330.16	6.089551	85.23049	5.011747																					12826677248	12826677248	3943710720	53763326870																				True	21	21	2.9e-11	MAINTAINED_UPSTREAM_INTERNAL	MATLAB_TWISTER_SEED_PLUS_WORKER_INDEX	21.50087718969602	1.3126417738747285	-0.002632776305798146	22.80825341095915					PASS
VCKSS-COMPARATIVE-SCALING-RESULT-V4	first	144	scale_strong_d3_n1966080_c4_r3	e1514185445cab36f930c90a44c5a4e23326e027	fbed59bf26bd6cf641bec0946ff6d32cdfe992786852947c530678dd4c86a026	strong_d3	strong	3	1966080	655360	16384	4	4	4	4	4	4	3	20260819	2	scc-tf1	Intel(R) Xeon(R) CPU E5-2660 v3 @ 2.60GHz	mata	PASS	0	0	0	2942.983	2958.67	9396.9	5.538			83.373	72.789	27.486	94.156	2829.152	15.865	1089.462	1621.99	14.692	812.4010000000001	264.5459999999999	1782.274									14591115264	14591115264	14589050880	52625160537	9065943789	9065943789														9.98595785486e-11	1e-09	12.0	NONE							21.50086312504057	1.312636736353722	-0.0026302686764772	22.80823932404134	1.96464670921e-06	2.91168071366e-07	1.46841049386e-06	2.61034633076e-06	PASS
VCKSS-COMPARATIVE-SCALING-RESULT-V4	first	144	scale_strong_d3_n1966080_c4_r3	e1514185445cab36f930c90a44c5a4e23326e027	fbed59bf26bd6cf641bec0946ff6d32cdfe992786852947c530678dd4c86a026	strong_d3	strong	3	1966080	655360	16384	4	4	4	4	4	4	3	20260819	3	scc-tf1	Intel(R) Xeon(R) CPU E5-2660 v3 @ 2.60GHz	rust	PASS	0	0	0	95.676	110.08	356.11999999999995	5.319															0.096318724	1.024903449	1.170703865	0.948224422	0.359593054	0.0	89.302340525	92.902084039	4643409920	4643409920	4641374208	52625160537	47742542297	47742542297	31987850273	793426748	4	4	1e-10	1e-06	0.766814038	1.137545215	1.635960406	59.633262081	9.219432481	3128	2527	3.01029237721e-06	1e-05	9.0	CMG_FULL_V2							21.50086173365916	1.312637124732534	-0.0026288403470954	22.80824117769751	1.7973925836e-06	2.75133935854e-07	1.52933645113e-06	2.48402353351e-06	PASS
VCKSS-COMPARATIVE-SCALING-RESULT-V4	first	144	scale_strong_d3_n1966080_c4_r3	e1514185445cab36f930c90a44c5a4e23326e027	fbed59bf26bd6cf641bec0946ff6d32cdfe992786852947c530678dd4c86a026	strong_d3	strong	3	1966080	655360	16384	4	4	4	4	4	4	3	20260819	1	scc-tf1	Intel(R) Xeon(R) CPU E5-2660 v3 @ 2.60GHz	matlab	PASS	0	0	0	294.414634	657.23	1200.05	8.06946	237.540192	7.317062																					12691636224	12691636224	3703291904	52625160537																				True	21	21	2.9e-11	MAINTAINED_UPSTREAM_INTERNAL	MATLAB_TWISTER_SEED_PLUS_WORKER_INDEX	21.500873600235337	1.3126417562990886	-0.00263195780047044	22.808251440933486					PASS
VCKSS-COMPARATIVE-SCALING-RESULT-V4	first	145	scale_strong_d3_n1966080_c8_r1	e1514185445cab36f930c90a44c5a4e23326e027	fbed59bf26bd6cf641bec0946ff6d32cdfe992786852947c530678dd4c86a026	strong_d3	strong	3	1966080	655360	16384	8	4	4	4	8	8	1	104729	1	scc-tf3	Intel(R) Xeon(R) CPU E5-2660 v3 @ 2.60GHz	mata	PASS	0	0	0	2975.277	2990.02	9445.28	5.586			90.001	78.392	28.942	95.874	2853.282	16.326	1088.299	1644.871	15.084	827.5210000000001	265.223	1789.247									14549536768	14549536768	14547415040	94719061263	9065943781	9065943781														9.79195030991e-11	1e-09	12.0	NONE							21.50085875786289	1.312636667081194	-0.0026284154192859	22.80823859410551	1.92949745804e-06	2.79260571502e-07	1.5689272395e-06	2.57670787777e-06	PASS
VCKSS-COMPARATIVE-SCALING-RESULT-V4	first	145	scale_strong_d3_n1966080_c8_r1	e1514185445cab36f930c90a44c5a4e23326e027	fbed59bf26bd6cf641bec0946ff6d32cdfe992786852947c530678dd4c86a026	strong_d3	strong	3	1966080	655360	16384	8	4	8	4	8	8	1	104729	2	scc-tf3	Intel(R) Xeon(R) CPU E5-2660 v3 @ 2.60GHz	rust	PASS	0	0	0	59.126	74.53999999999999	392.93	6.523															0.099476854	1.079138998	1.107813859	0.983711835	0.368410488	0.0	52.794618632	56.433170666	4270481408	4270481408	4269551616	94719061263	59082262592	59082262592	32027424545	826405308	8	8	1e-10	1e-06	0.923137273	1.151068607	0.978103292	32.910369751	5.211868815	3156	2555	3.01754604574e-06	1e-05	9.0	CMG_FULL_V2							21.50086093132539	1.312636841143901	-0.0026280172348076	22.80824173799967	1.88100195358e-06	2.8300807006e-07	1.50896480017e-06	2.55817243054e-06	PASS
VCKSS-COMPARATIVE-SCALING-RESULT-V4	first	145	scale_strong_d3_n1966080_c8_r1	e1514185445cab36f930c90a44c5a4e23326e027	fbed59bf26bd6cf641bec0946ff6d32cdfe992786852947c530678dd4c86a026	strong_d3	strong	3	1966080	655360	16384	8	4	8	4	8	8	1	104729	3	scc-tf3	Intel(R) Xeon(R) CPU E5-2660 v3 @ 2.60GHz	matlab	PASS	0	0	0	214.471866	611.43	1550.05	8.095944	249.96733	6.835766																					22440988672	22440988672	4396937216	94719061263																				True	21	21	2.9e-11	MAINTAINED_UPSTREAM_INTERNAL	MATLAB_TWISTER_SEED_PLUS_WORKER_INDEX	21.500876146034805	1.3126418453079214	-0.002632593144837243	22.808252805053055					PASS
VCKSS-COMPARATIVE-SCALING-RESULT-V4	first	146	scale_strong_d3_n1966080_c8_r2	e1514185445cab36f930c90a44c5a4e23326e027	fbed59bf26bd6cf641bec0946ff6d32cdfe992786852947c530678dd4c86a026	strong_d3	strong	3	1966080	655360	16384	8	4	4	4	8	8	2	8675309	3	scc-mc8	Intel(R) Xeon(R) CPU E5-2650 v2 @ 2.60GHz	mata	PASS	0	0	0	3067.555	3080.27	9689.38	4.081			96.723	86.962	30.8	107.745	2936.884	16.469	1107.818	1697.17	15.18	823.2	272.556	1873.781									14407274496	14407274496	14405308416	95145336767	9065943815	9065943815														9.67347147741e-11	1e-09	12.0	NONE							21.50086089572281	1.312636630255001	-0.0026275046300219	22.80824251671777	1.75141469769e-06	2.46102478852e-07	1.44933309959e-06	2.43284651211e-06	PASS
VCKSS-COMPARATIVE-SCALING-RESULT-V4	first	146	scale_strong_d3_n1966080_c8_r2	e1514185445cab36f930c90a44c5a4e23326e027	fbed59bf26bd6cf641bec0946ff6d32cdfe992786852947c530678dd4c86a026	strong_d3	strong	3	1966080	655360	16384	8	4	8	4	8	8	2	8675309	1	scc-mc8	Intel(R) Xeon(R) CPU E5-2650 v2 @ 2.60GHz	rust	PASS	0	0	0	45.55	57.8	298.33000000000004	3.003															0.098245513	1.004400309	0.970009664	0.904227237	0.3510496	0.0	39.868969427	43.19690175	4695420928	4695420928	4693442560	95145336767	59082262592	59082262592	32027424545	826405308	8	8	1e-10	1e-06	0.760361711	0.612451902	0.782301799	24.082265328	3.935014601	3145	2544	3.01719421643e-06	1e-05	9.0	CMG_FULL_V2							21.50085974051749	1.312636760260476	-0.0026292892946216	22.80823792218872	1.82286800632e-06	2.87834793538e-07	1.4803568629e-06	2.49312314907e-06	PASS
VCKSS-COMPARATIVE-SCALING-RESULT-V4	first	146	scale_strong_d3_n1966080_c8_r2	e1514185445cab36f930c90a44c5a4e23326e027	fbed59bf26bd6cf641bec0946ff6d32cdfe992786852947c530678dd4c86a026	strong_d3	strong	3	1966080	655360	16384	8	4	8	4	8	8	2	8675309	2	scc-mc8	Intel(R) Xeon(R) CPU E5-2650 v2 @ 2.60GHz	matlab	PASS	0	0	0	307.058472	603.34	1840.69	6.088081	85.853811	6.202138																					22491058176	22491058176	4603441152	95145336767																				True	21	21	2.9e-11	MAINTAINED_UPSTREAM_INTERNAL	MATLAB_TWISTER_SEED_PLUS_WORKER_INDEX	21.50087521274988	1.3126417077993162	-0.0026330668122010476	22.80825078692479					PASS
VCKSS-COMPARATIVE-SCALING-RESULT-V4	first	147	scale_strong_d3_n1966080_c8_r3	e1514185445cab36f930c90a44c5a4e23326e027	fbed59bf26bd6cf641bec0946ff6d32cdfe992786852947c530678dd4c86a026	strong_d3	strong	3	1966080	655360	16384	8	4	4	4	8	8	3	20260819	2	scc-te4	Intel(R) Xeon(R) CPU E5-2660 v3 @ 2.60GHz	mata	PASS	0	0	0	2920.568	2935.38	9325.470000000001	5.337			91.70100000000001	80.117	31.3	105.097	2793.92	16.529	1051.278	1611.2	14.443	776.944	266.472	1773.86									15074426880	15074426880	15096393728	94715840037	9065943801	9065943801														9.98595785486e-11	1e-09	12.0	NONE							21.50086312504057	1.312636736353722	-0.0026302686764772	22.80823932404134	1.96464670921e-06	2.91168071366e-07	1.46841049386e-06	2.61034633076e-06	PASS
VCKSS-COMPARATIVE-SCALING-RESULT-V4	first	147	scale_strong_d3_n1966080_c8_r3	e1514185445cab36f930c90a44c5a4e23326e027	fbed59bf26bd6cf641bec0946ff6d32cdfe992786852947c530678dd4c86a026	strong_d3	strong	3	1966080	655360	16384	8	4	8	4	8	8	3	20260819	3	scc-te4	Intel(R) Xeon(R) CPU E5-2660 v3 @ 2.60GHz	rust	PASS	0	0	0	56.886	72.34	377.12	6.4															0.097836591	1.038036187	1.09263865	0.987441075	0.361115407	0.0	50.671162861	54.248230771	4610543616	4610543616	4609236992	94715840037	59082262592	59082262592	32027424545	826405308	8	8	1e-10	1e-06	1.058006027	0.869837762	0.939151236	31.42559392	4.790724781	3128	2527	3.01029237721e-06	1e-05	9.0	CMG_FULL_V2							21.50086173365916	1.312637124732534	-0.0026288403470954	22.80824117769751	1.7973925836e-06	2.75133935854e-07	1.52933645113e-06	2.48402353351e-06	PASS
VCKSS-COMPARATIVE-SCALING-RESULT-V4	first	147	scale_strong_d3_n1966080_c8_r3	e1514185445cab36f930c90a44c5a4e23326e027	fbed59bf26bd6cf641bec0946ff6d32cdfe992786852947c530678dd4c86a026	strong_d3	strong	3	1966080	655360	16384	8	4	8	4	8	8	3	20260819	1	scc-te4	Intel(R) Xeon(R) CPU E5-2660 v3 @ 2.60GHz	matlab	PASS	0	0	0	239.65663	630.02	1552.59	6.377414	163.272577	6.88298																					22307508224	22307508224	4303081472	94715840037																				True	21	21	2.9e-11	MAINTAINED_UPSTREAM_INTERNAL	MATLAB_TWISTER_SEED_PLUS_WORKER_INDEX	21.500873469399014	1.3126416895740713	-0.002631929373963896	22.80825130022516					PASS
VCKSS-COMPARATIVE-SCALING-RESULT-V4	first	148	scale_strong_d3_n1966080_c16_r1	e1514185445cab36f930c90a44c5a4e23326e027	fbed59bf26bd6cf641bec0946ff6d32cdfe992786852947c530678dd4c86a026	strong_d3	strong	3	1966080	655360	16384	16	4	4	4	16	16	1	104729	1	scc-mc7	Intel(R) Xeon(R) CPU E5-2650 v2 @ 2.60GHz	mata	PASS	0	0	0	3057.655	3069.99	9645.08	3.834			96.69500000000001	86.959	30.75	108.154	2927.364	16.472	1101.092	1694.002	15.149	824.773	270.187	1864.44									14814801920	14814801920	14812999680	185507153708	9065943796	9065943796														9.79195030991e-11	1e-09	12.0	NONE							21.50085875786289	1.312636667081194	-0.0026284154192859	22.80823859410551	1.92949745804e-06	2.79260571502e-07	1.5689272395e-06	2.57670787777e-06	PASS
VCKSS-COMPARATIVE-SCALING-RESULT-V4	first	148	scale_strong_d3_n1966080_c16_r1	e1514185445cab36f930c90a44c5a4e23326e027	fbed59bf26bd6cf641bec0946ff6d32cdfe992786852947c530678dd4c86a026	strong_d3	strong	3	1966080	655360	16384	16	4	16	4	16	16	1	104729	2	scc-mc7	Intel(R) Xeon(R) CPU E5-2650 v2 @ 2.60GHz	rust	PASS	0	0	0	31.343	43.88	311.45	3.753															0.098715744	1.009076049	0.974826277	0.924356511	0.348014428	0.0	25.633840861	28.98882987	4535500800	4535500800	4535762944	185507153708	81761703180	81761703180	32106573089	892362428	16	16	1e-10	1e-06	0.753904673	0.622627321	0.544013556	13.426030625	2.331590567	3156	2555	3.01754604574e-06	1e-05	9.0	CMG_FULL_V2							21.50086093132539	1.312636841143901	-0.0026280172348076	22.80824173799967	1.88100195358e-06	2.8300807006e-07	1.50896480017e-06	2.55817243054e-06	PASS
VCKSS-COMPARATIVE-SCALING-RESULT-V4	first	148	scale_strong_d3_n1966080_c16_r1	e1514185445cab36f930c90a44c5a4e23326e027	fbed59bf26bd6cf641bec0946ff6d32cdfe992786852947c530678dd4c86a026	strong_d3	strong	3	1966080	655360	16384	16	4	16	4	16	16	1	104729	3	scc-mc7	Intel(R) Xeon(R) CPU E5-2650 v2 @ 2.60GHz	matlab	PASS	0	0	0	227.463926	524.55	2258.77	6.616469	205.523803	5.750853																					40625930240	40625930240	5263003648	185507153708																				True	21	21	2.9e-11	MAINTAINED_UPSTREAM_INTERNAL	MATLAB_TWISTER_SEED_PLUS_WORKER_INDEX	21.500878030474013	1.3126419592144927	-0.002633243621729233	22.808253502445048					PASS
VCKSS-COMPARATIVE-SCALING-RESULT-V4	first	149	scale_strong_d3_n1966080_c16_r2	e1514185445cab36f930c90a44c5a4e23326e027	fbed59bf26bd6cf641bec0946ff6d32cdfe992786852947c530678dd4c86a026	strong_d3	strong	3	1966080	655360	16384	16	4	4	4	16	16	2	8675309	3	scc-me8	Intel(R) Xeon(R) CPU E5-2650 v2 @ 2.60GHz	mata	PASS	0	0	0	3091.656	3105.95	9781.74	3.825			96.76700000000001	86.908	30.768	108.799	2961.165	16.603	1118.677	1709.437	15.25	823.139	274.574	1896.881									14713159680	14713159680	14711218176	184634201605	9065943831	9065943831														9.67347147741e-11	1e-09	12.0	NONE							21.50086089572281	1.312636630255001	-0.0026275046300219	22.80824251671777	1.75141469769e-06	2.46102478852e-07	1.44933309959e-06	2.43284651211e-06	PASS
VCKSS-COMPARATIVE-SCALING-RESULT-V4	first	149	scale_strong_d3_n1966080_c16_r2	e1514185445cab36f930c90a44c5a4e23326e027	fbed59bf26bd6cf641bec0946ff6d32cdfe992786852947c530678dd4c86a026	strong_d3	strong	3	1966080	655360	16384	16	4	16	4	16	16	2	8675309	1	scc-me8	Intel(R) Xeon(R) CPU E5-2650 v2 @ 2.60GHz	rust	PASS	0	0	0	31.853	47.62	313.01	6.352															0.099855492	1.021694048	0.998547202	0.928157173	0.350883342	0.0	25.688831583	29.08796884	5017989120	5017989120	5018243072	184634201605	81761703180	81761703180	32106573089	892362428	16	16	1e-10	1e-06	0.768929602	0.64101721	0.564180002	13.200425835	2.362538124	3145	2544	3.01719421643e-06	1e-05	9.0	CMG_FULL_V2							21.50085974051749	1.312636760260476	-0.0026292892946216	22.80823792218872	1.82286800632e-06	2.87834793538e-07	1.4803568629e-06	2.49312314907e-06	PASS
VCKSS-COMPARATIVE-SCALING-RESULT-V4	first	149	scale_strong_d3_n1966080_c16_r2	e1514185445cab36f930c90a44c5a4e23326e027	fbed59bf26bd6cf641bec0946ff6d32cdfe992786852947c530678dd4c86a026	strong_d3	strong	3	1966080	655360	16384	16	4	16	4	16	16	2	8675309	2	scc-me8	Intel(R) Xeon(R) CPU E5-2650 v2 @ 2.60GHz	matlab	PASS	0	0	0	233.806013	1051.39	2355.43	11.390577	371.761933	7.45916																					40248201216	40248201216	5446066176	184634201605																				True	21	21	2.9e-11	MAINTAINED_UPSTREAM_INTERNAL	MATLAB_TWISTER_SEED_PLUS_WORKER_INDEX	21.50087443002531	1.3126418334523131	-0.0026327357928945493	22.808250791891833					PASS
VCKSS-COMPARATIVE-SCALING-RESULT-V4	first	150	scale_strong_d3_n1966080_c16_r3	e1514185445cab36f930c90a44c5a4e23326e027	fbed59bf26bd6cf641bec0946ff6d32cdfe992786852947c530678dd4c86a026	strong_d3	strong	3	1966080	655360	16384	16	4	4	4	16	16	3	20260819	2	scc-cb4	Intel(R) Xeon(R) CPU E5-2670 0 @ 2.60GHz	mata	PASS	0	0	0	3167.63	3182.28	9933.58	5.23			101.824	91.564	32.342	114.763	3029.964	17.034	1151.847	1738.167	15.333	875.531	265.2300000000001	1900.11									14310879232	14310879232	14308921344	187416266671	9065943845	9065943845														9.98595785486e-11	1e-09	12.0	NONE							21.50086312504057	1.312636736353722	-0.0026302686764772	22.80823932404134	1.96464670921e-06	2.91168071366e-07	1.46841049386e-06	2.61034633076e-06	PASS
VCKSS-COMPARATIVE-SCALING-RESULT-V4	first	150	scale_strong_d3_n1966080_c16_r3	e1514185445cab36f930c90a44c5a4e23326e027	fbed59bf26bd6cf641bec0946ff6d32cdfe992786852947c530678dd4c86a026	strong_d3	strong	3	1966080	655360	16384	16	4	16	4	16	16	3	20260819	3	scc-cb4	Intel(R) Xeon(R) CPU E5-2670 0 @ 2.60GHz	rust	PASS	0	0	0	35.704	49.4	365.64	4.764															0.100726957	1.082621196	1.038195319	0.991378042	0.375966925	0.0	29.58153997	33.170428409	5002518528	5002518528	5002608640	187416266671	81761703180	81761703180	32106573089	892362428	16	16	1e-10	1e-06	0.816010941	0.67739937	0.678735054	15.132452964	2.941023748	3128	2527	3.01029237721e-06	1e-05	9.0	CMG_FULL_V2							21.50086173365916	1.312637124732534	-0.0026288403470954	22.80824117769751	1.7973925836e-06	2.75133935854e-07	1.52933645113e-06	2.48402353351e-06	PASS
VCKSS-COMPARATIVE-SCALING-RESULT-V4	first	150	scale_strong_d3_n1966080_c16_r3	e1514185445cab36f930c90a44c5a4e23326e027	fbed59bf26bd6cf641bec0946ff6d32cdfe992786852947c530678dd4c86a026	strong_d3	strong	3	1966080	655360	16384	16	4	16	4	16	16	3	20260819	1	scc-cb4	Intel(R) Xeon(R) CPU E5-2670 0 @ 2.60GHz	matlab	PASS	0	0	0	252.952214	1219.41	2705.1499999999996	9.853857	287.999172	6.20332																					40217399296	40217399296	5262823424	187416266671																				True	21	21	2.9e-11	MAINTAINED_UPSTREAM_INTERNAL	MATLAB_TWISTER_SEED_PLUS_WORKER_INDEX	21.500874753518207	1.3126418137987323	-0.002632781223956306	22.808251004869025					PASS
VCKSS-COMPARATIVE-SCALING-RESULT-V4	repair-full	151	scale_strong_d6_n7680_c1_r1	ca162022833c3d6e6906c11cf4860baf0d52fd86	02d6eb6ffc96e0eb7eea1252605663e3e206c6ce177f3cf7f0e860c2b25f40f9	strong_d6	strong	6	7680	1280	32	1	1	1	1	1	1	1	104729	1	scc-kc2	Intel(R) Xeon(R) Gold 6426Y	mata	PASS	0	0	0	3.064	3.55	3.42	0.395			0.332	0.108	0.044	0.009	2.446	0.003	0.991	1.429	0.053	1.317	0.551	0.7549999999999999									222236672	222236672	223965184	18804440564	267518887	267518887														2.86578087169e-11	1e-09	8.0	NONE							21.3385653568632	0.0832562388356769	0.0340347888089067	21.4898911733167	7.73923416381e-06	2.74271400308e-06	1.00555297578e-05	1.8888774434e-05	PASS
VCKSS-COMPARATIVE-SCALING-RESULT-V4	repair-full	151	scale_strong_d6_n7680_c1_r1	ca162022833c3d6e6906c11cf4860baf0d52fd86	02d6eb6ffc96e0eb7eea1252605663e3e206c6ce177f3cf7f0e860c2b25f40f9	strong_d6	strong	6	7680	1280	32	1	1	1	1	1	1	1	104729	2	scc-kc2	Intel(R) Xeon(R) Gold 6426Y	rust	PASS	0	0	0	0.649	1.18	1.12	0.437															0.000270451	0.001972571	0.001508567	0.001999275	0.000750452	0.0	0.45391696	0.460418276	189591552	189591552	188035072	18804440564	699126374	699126374	676607241	3635848	1	1	1e-10	1e-06	0.001309491	0.00030614	0.007792528	0.325014304	0.044875093	4774	4155	9.58619809225e-06	1e-05	14.0	CMG_FULL_V2							21.3385758682583	0.0832516454164169	0.0340526466507342	21.48993280697619	7.98614859235e-06	2.8343371265e-06	9.55527623933e-06	1.862590334e-05	PASS
VCKSS-COMPARATIVE-SCALING-RESULT-V4	repair-full	151	scale_strong_d6_n7680_c1_r1	ca162022833c3d6e6906c11cf4860baf0d52fd86	02d6eb6ffc96e0eb7eea1252605663e3e206c6ce177f3cf7f0e860c2b25f40f9	strong_d6	strong	6	7680	1280	32	1	1	1	1	1	1	1	104729	3	scc-kc2	Intel(R) Xeon(R) Gold 6426Y	matlab	PASS	0	0	0	1.95015	55.01	33.23	2.987086	20.328995	2.774436																					3294687232	3332112384	1827381248	18804440564																				True	8	8	1.4e-11	MAINTAINED_UPSTREAM_INTERNAL	MATLAB_TWISTER_SEED_PLUS_WORKER_INDEX	21.341329308576032	0.0832634589474911	0.03405219068808007	21.492697148899683					PASS
VCKSS-COMPARATIVE-SCALING-RESULT-V4	repair-full	152	scale_strong_d6_n7680_c1_r2	ca162022833c3d6e6906c11cf4860baf0d52fd86	02d6eb6ffc96e0eb7eea1252605663e3e206c6ce177f3cf7f0e860c2b25f40f9	strong_d6	strong	6	7680	1280	32	1	1	1	1	1	1	2	8675309	3	scc-ke1	Intel(R) Xeon(R) Gold 6426Y	mata	PASS	0	0	0	2.877	3.38	3.2300000000000004	0.395			0.344	0.111	0.044	0.009	2.243	0.004	0.989	1.228	0.046	1.214	0.489	0.686									222302208	222302208	225284096	18845242754	267518857	267518857														3.22517800965e-11	1e-09	8.0	NONE							21.33854379903362	0.0832634629213745	0.0340497909406382	21.48990684383627	7.6882455842e-06	2.27348851474e-06	1.06397200305e-05	1.92205919775e-05	PASS
VCKSS-COMPARATIVE-SCALING-RESULT-V4	repair-full	152	scale_strong_d6_n7680_c1_r2	ca162022833c3d6e6906c11cf4860baf0d52fd86	02d6eb6ffc96e0eb7eea1252605663e3e206c6ce177f3cf7f0e860c2b25f40f9	strong_d6	strong	6	7680	1280	32	1	1	1	1	1	1	2	8675309	1	scc-ke1	Intel(R) Xeon(R) Gold 6426Y	rust	PASS	0	0	0	0.696	1.19	1.12	0.398															0.000326595	0.002163088	0.001820682	0.002357462	0.000916213	0.0	0.501710319	0.509294359	186281984	186281984	184320000	18845242754	699126374	699126374	676607241	3635848	1	1	1e-10	1e-06	0.001544697	0.000343351	0.008399509	0.360162389	0.049309091	4768	4152	9.22204840538e-06	1e-05	14.0	CMG_FULL_V2							21.33856367783738	0.0832579015759782	0.0340464662232445	21.48991451185985	7.63804506678e-06	2.67921088842e-06	1.03110442274e-05	1.93283966766e-05	PASS
VCKSS-COMPARATIVE-SCALING-RESULT-V4	repair-full	152	scale_strong_d6_n7680_c1_r2	ca162022833c3d6e6906c11cf4860baf0d52fd86	02d6eb6ffc96e0eb7eea1252605663e3e206c6ce177f3cf7f0e860c2b25f40f9	strong_d6	strong	6	7680	1280	32	1	1	1	1	1	1	2	8675309	2	scc-ke1	Intel(R) Xeon(R) Gold 6426Y	matlab	PASS	0	0	0	1.959164	67.51	33.71	3.017585	23.638933	2.774273																					3302629376	3333087232	1825476608	18845242754																				True	8	8	1.4e-11	MAINTAINED_UPSTREAM_INTERNAL	MATLAB_TWISTER_SEED_PLUS_WORKER_INDEX	21.34133147249809	0.08326461619783883	0.03405215870483518	21.492700406105598					PASS
VCKSS-COMPARATIVE-SCALING-RESULT-V4	repair-full	153	scale_strong_d6_n7680_c1_r3	ca162022833c3d6e6906c11cf4860baf0d52fd86	02d6eb6ffc96e0eb7eea1252605663e3e206c6ce177f3cf7f0e860c2b25f40f9	strong_d6	strong	6	7680	1280	32	1	1	1	1	1	1	3	20260819	2	scc-sb7	Intel(R) Xeon(R) CPU E5-2650 v2 @ 2.60GHz	mata	PASS	0	0	0	6.247	7.1	6.96	0.696			0.7829999999999999	0.3179999999999999	0.106	0.02	4.901	0.008	2.252	2.597	0.085	3.095	0.8399999999999999	1.198									223875072	223875072	225701888	18976239256	267518894	267518894														2.88695843208e-11	1e-09	8.0	NONE							21.33855654581787	0.083260539681602	0.0340467088952979	21.48991050329007	7.91102297996e-06	2.77259495816e-06	9.9809047384e-06	1.80024544041e-05	PASS
VCKSS-COMPARATIVE-SCALING-RESULT-V4	repair-full	153	scale_strong_d6_n7680_c1_r3	ca162022833c3d6e6906c11cf4860baf0d52fd86	02d6eb6ffc96e0eb7eea1252605663e3e206c6ce177f3cf7f0e860c2b25f40f9	strong_d6	strong	6	7680	1280	32	1	1	1	1	1	1	3	20260819	3	scc-sb7	Intel(R) Xeon(R) CPU E5-2650 v2 @ 2.60GHz	rust	PASS	0	0	0	1.081	1.91	1.8499999999999999	0.679															0.000442577	0.002571279	0.002128443	0.003101866	0.001203975	0.0	0.710444959	0.719893099	186716160	186716160	184877056	18976239256	699126374	699126374	676607241	3635848	1	1	1e-10	1e-06	0.001929096	0.000446061	0.014540673	0.4752074	0.084429895	4744	4129	9.92322782265e-06	1e-05	14.0	CMG_FULL_V2							21.33855534540007	0.083258927715247	0.0340327280502983	21.48987972921591	7.6738430203e-06	2.82167096377e-06	1.06608442931e-05	1.98905260832e-05	PASS
VCKSS-COMPARATIVE-SCALING-RESULT-V4	repair-full	153	scale_strong_d6_n7680_c1_r3	ca162022833c3d6e6906c11cf4860baf0d52fd86	02d6eb6ffc96e0eb7eea1252605663e3e206c6ce177f3cf7f0e860c2b25f40f9	strong_d6	strong	6	7680	1280	32	1	1	1	1	1	1	3	20260819	1	scc-sb7	Intel(R) Xeon(R) CPU E5-2650 v2 @ 2.60GHz	matlab	PASS	0	0	0	4.722883	385.59	80.88	5.874419	127.96536	3.503375																					3319332864	3989082112	1841545216	18976239256																				True	8	8	1.4e-11	MAINTAINED_UPSTREAM_INTERNAL	MATLAB_TWISTER_SEED_PLUS_WORKER_INDEX	21.341323693142535	0.08326463086896148	0.034063800105465336	21.492715924222427					PASS
VCKSS-COMPARATIVE-SCALING-RESULT-V4	first	154	scale_strong_d6_n7680_c2_r1	e1514185445cab36f930c90a44c5a4e23326e027	fbed59bf26bd6cf641bec0946ff6d32cdfe992786852947c530678dd4c86a026	strong_d6	strong	6	7680	1280	32	2	2	2	2	2	2	1	104729	1	scc-md4	Intel(R) Xeon(R) CPU E5-2650 v2 @ 2.60GHz	mata	PASS	0	0	0	5.916	6.56	12.44	0.487			0.799	0.332	0.109	0.021	4.532	0.008	2.083	2.396	0.066	3.148	0.5900000000000001	0.8969999999999998									226488320	226488320	228179968	29713657496	267518775	267518775														2.86578087169e-11	1e-09	8.0	NONE							21.3385653568632	0.0832562388356769	0.0340347888089067	21.4898911733167	7.73923416381e-06	2.74271400308e-06	1.00555297578e-05	1.8888774434e-05	PASS
VCKSS-COMPARATIVE-SCALING-RESULT-V4	first	154	scale_strong_d6_n7680_c2_r1	e1514185445cab36f930c90a44c5a4e23326e027	fbed59bf26bd6cf641bec0946ff6d32cdfe992786852947c530678dd4c86a026	strong_d6	strong	6	7680	1280	32	2	2	2	2	2	2	1	104729	2	scc-md4	Intel(R) Xeon(R) CPU E5-2650 v2 @ 2.60GHz	rust	PASS	0	0	0	0.835	1.45	2.3800000000000003	0.471															0.000512676	0.002838941	0.002284139	0.003381917	0.001305401	0.0	0.460028952	0.470352026	190554112	190554112	188575744	29713657496	709394227	709394227	676961649	3931188	2	2	1e-10	1e-06	0.002008166	0.000753411	0.009838322	0.302609332	0.04759892	4774	4155	9.58619809225e-06	1e-05	14.0	CMG_FULL_V2							21.3385758682583	0.0832516454164169	0.0340526466507342	21.48993280697619	7.98614859235e-06	2.8343371265e-06	9.55527623933e-06	1.862590334e-05	PASS
VCKSS-COMPARATIVE-SCALING-RESULT-V4	first	154	scale_strong_d6_n7680_c2_r1	e1514185445cab36f930c90a44c5a4e23326e027	fbed59bf26bd6cf641bec0946ff6d32cdfe992786852947c530678dd4c86a026	strong_d6	strong	6	7680	1280	32	2	2	2	2	2	2	1	104729	3	scc-md4	Intel(R) Xeon(R) CPU E5-2650 v2 @ 2.60GHz	matlab	PASS	0	0	0	4.324766	189.99	111.14999999999999	2.772479	41.975637	4.500305																					5249957888	5298024448	1973940224	29713657496																				True	8	8	1.4e-11	MAINTAINED_UPSTREAM_INTERNAL	MATLAB_TWISTER_SEED_PLUS_WORKER_INDEX	21.341321831282183	0.08326377628061286	0.0340598857943722	21.49270537915154					PASS
VCKSS-COMPARATIVE-SCALING-RESULT-V4	first	155	scale_strong_d6_n7680_c2_r2	e1514185445cab36f930c90a44c5a4e23326e027	fbed59bf26bd6cf641bec0946ff6d32cdfe992786852947c530678dd4c86a026	strong_d6	strong	6	7680	1280	32	2	2	2	2	2	2	2	8675309	3	scc-md7	Intel(R) Xeon(R) CPU E5-2650 v2 @ 2.60GHz	mata	PASS	0	0	0	6.159	6.9	12.649999999999999	0.508			0.98	0.421	0.109	0.021	4.587	0.056	2.095	2.389	0.071	3.152	0.5660000000000001	0.9239999999999998									230379520	230379520	232345600	29981019210	267518771	267518771														3.22517800965e-11	1e-09	8.0	NONE							21.33854379903362	0.0832634629213745	0.0340497909406382	21.48990684383627	7.6882455842e-06	2.27348851474e-06	1.06397200305e-05	1.92205919775e-05	PASS
VCKSS-COMPARATIVE-SCALING-RESULT-V4	first	155	scale_strong_d6_n7680_c2_r2	e1514185445cab36f930c90a44c5a4e23326e027	fbed59bf26bd6cf641bec0946ff6d32cdfe992786852947c530678dd4c86a026	strong_d6	strong	6	7680	1280	32	2	2	2	2	2	2	2	8675309	1	scc-md7	Intel(R) Xeon(R) CPU E5-2650 v2 @ 2.60GHz	rust	PASS	0	0	0	1.183	3.97	2.63	2.453															0.000475836	0.002783893	0.002283815	0.003363343	0.001251441	0.0	0.457839574	0.467997902	194932736	194932736	192798720	29981019210	709394227	709394227	676961649	3931188	2	2	1e-10	1e-06	0.002089334	0.000745643	0.009545619	0.301053108	0.047276406	4768	4152	9.22204840538e-06	1e-05	14.0	CMG_FULL_V2							21.33856367783738	0.0832579015759782	0.0340464662232445	21.48991451185985	7.63804506678e-06	2.67921088842e-06	1.03110442274e-05	1.93283966766e-05	PASS
VCKSS-COMPARATIVE-SCALING-RESULT-V4	first	155	scale_strong_d6_n7680_c2_r2	e1514185445cab36f930c90a44c5a4e23326e027	fbed59bf26bd6cf641bec0946ff6d32cdfe992786852947c530678dd4c86a026	strong_d6	strong	6	7680	1280	32	2	2	2	2	2	2	2	8675309	2	scc-md7	Intel(R) Xeon(R) CPU E5-2650 v2 @ 2.60GHz	matlab	PASS	0	0	0	4.99256	530.18	128.82999999999998	3.33855	301.244659	5.395116																					5209731072	5280882688	1994047488	29981019210																				True	8	8	1.4e-11	MAINTAINED_UPSTREAM_INTERNAL	MATLAB_TWISTER_SEED_PLUS_WORKER_INDEX	21.34133367810646	0.0832645921025607	0.03405271385661534	21.492703697922252					PASS
VCKSS-COMPARATIVE-SCALING-RESULT-V4	first	156	scale_strong_d6_n7680_c2_r3	e1514185445cab36f930c90a44c5a4e23326e027	fbed59bf26bd6cf641bec0946ff6d32cdfe992786852947c530678dd4c86a026	strong_d6	strong	6	7680	1280	32	2	2	2	2	2	2	3	20260819	2	scc-yp1	Intel(R) Xeon(R) Gold 6132 CPU @ 2.60GHz	mata	PASS	0	0	0	4.923	5.68	10.39	0.426			0.6400000000000001	0.238	0.081	0.015	3.751	0.007	1.682	2.023	0.059	2.273	0.6910000000000001	0.9959999999999999									207257600	207257600	205385728	29464549393	267518820	267518820														2.88695843208e-11	1e-09	8.0	NONE							21.33855654581787	0.083260539681602	0.0340467088952979	21.48991050329007	7.91102297996e-06	2.77259495816e-06	9.9809047384e-06	1.80024544041e-05	PASS
VCKSS-COMPARATIVE-SCALING-RESULT-V4	first	156	scale_strong_d6_n7680_c2_r3	e1514185445cab36f930c90a44c5a4e23326e027	fbed59bf26bd6cf641bec0946ff6d32cdfe992786852947c530678dd4c86a026	strong_d6	strong	6	7680	1280	32	2	2	2	2	2	2	3	20260819	3	scc-yp1	Intel(R) Xeon(R) Gold 6132 CPU @ 2.60GHz	rust	PASS	0	0	0	0.757	1.33	2.07	0.425															0.000459286	0.002436459	0.00185169	0.002836732	0.001151314	0.0	0.415779142	0.424514623	195088384	195088384	193040384	29464549393	709394227	709394227	676961649	3931188	2	2	1e-10	1e-06	0.001748861	0.000665348	0.012382897	0.274676727	0.045414629	4744	4129	9.92322782265e-06	1e-05	14.0	CMG_FULL_V2							21.33855534540007	0.083258927715247	0.0340327280502983	21.48987972921591	7.6738430203e-06	2.82167096377e-06	1.06608442931e-05	1.98905260832e-05	PASS
VCKSS-COMPARATIVE-SCALING-RESULT-V4	first	156	scale_strong_d6_n7680_c2_r3	e1514185445cab36f930c90a44c5a4e23326e027	fbed59bf26bd6cf641bec0946ff6d32cdfe992786852947c530678dd4c86a026	strong_d6	strong	6	7680	1280	32	2	2	2	2	2	2	3	20260819	1	scc-yp1	Intel(R) Xeon(R) Gold 6132 CPU @ 2.60GHz	matlab	PASS	0	0	0	3.479804	483.42	151.19	3.46524	300.678931	5.146302																					5070807040	5340078080	2089832448	29464549393																				True	8	8	1.4e-11	MAINTAINED_UPSTREAM_INTERNAL	MATLAB_TWISTER_SEED_PLUS_WORKER_INDEX	21.341323572331515	0.08326408634389923	0.03406128246584638	21.492710223607105					PASS
VCKSS-COMPARATIVE-SCALING-RESULT-V4	first	157	scale_strong_d6_n7680_c4_r1	e1514185445cab36f930c90a44c5a4e23326e027	fbed59bf26bd6cf641bec0946ff6d32cdfe992786852947c530678dd4c86a026	strong_d6	strong	6	7680	1280	32	4	4	4	4	4	4	1	104729	1	scc-sb8	Intel(R) Xeon(R) CPU E5-2650 v2 @ 2.60GHz	mata	PASS	0	0	0	6.262	9.06	24.5	2.226			0.848	0.356	0.113	0.022	4.455	0.028	2.058	2.32	0.058	3.294	0.4390000000000001	0.7310000000000002									237113344	237113344	238813184	49629420848	267518801	267518801														2.86578087169e-11	1e-09	8.0	NONE							21.3385653568632	0.0832562388356769	0.0340347888089067	21.4898911733167	7.73923416381e-06	2.74271400308e-06	1.00555297578e-05	1.8888774434e-05	PASS
VCKSS-COMPARATIVE-SCALING-RESULT-V4	first	157	scale_strong_d6_n7680_c4_r1	e1514185445cab36f930c90a44c5a4e23326e027	fbed59bf26bd6cf641bec0946ff6d32cdfe992786852947c530678dd4c86a026	strong_d6	strong	6	7680	1280	32	4	4	4	4	4	4	1	104729	2	scc-sb8	Intel(R) Xeon(R) CPU E5-2650 v2 @ 2.60GHz	rust	PASS	0	0	0	0.708	1.29	3.4	0.409															0.000480925	0.002855999	0.002387211	0.003617381	0.001315914	0.0	0.331383215	0.342040645	198402048	198402048	197296128	49629420848	729905356	729905356	677190916	4122244	4	4	1e-10	1e-06	0.002109849	0.00069922	0.008495021	0.209932087	0.033594987	4774	4155	9.58619809225e-06	1e-05	14.0	CMG_FULL_V2							21.3385758682583	0.0832516454164169	0.0340526466507342	21.48993280697619	7.98614859235e-06	2.8343371265e-06	9.55527623933e-06	1.862590334e-05	PASS
VCKSS-COMPARATIVE-SCALING-RESULT-V4	first	157	scale_strong_d6_n7680_c4_r1	e1514185445cab36f930c90a44c5a4e23326e027	fbed59bf26bd6cf641bec0946ff6d32cdfe992786852947c530678dd4c86a026	strong_d6	strong	6	7680	1280	32	4	4	4	4	4	4	1	104729	3	scc-sb8	Intel(R) Xeon(R) CPU E5-2650 v2 @ 2.60GHz	matlab	PASS	0	0	0	5.604823	400.29	204.52	7.377145	178.448448	5.236669																					8299581440	8383873024	1877348352	49629420848																				True	8	8	1.4e-11	MAINTAINED_UPSTREAM_INTERNAL	MATLAB_TWISTER_SEED_PLUS_WORKER_INDEX	21.34131994285383	0.08326287643935215	0.034058196582908956	21.492699212458998					PASS
VCKSS-COMPARATIVE-SCALING-RESULT-V4	first	158	scale_strong_d6_n7680_c4_r2	e1514185445cab36f930c90a44c5a4e23326e027	fbed59bf26bd6cf641bec0946ff6d32cdfe992786852947c530678dd4c86a026	strong_d6	strong	6	7680	1280	32	4	4	4	4	4	4	2	8675309	3	scc-ke3	Intel(R) Xeon(R) Gold 6426Y	mata	PASS	0	0	0	3.376	3.97	13.86	0.378			0.727	0.203	0.053	0.011	2.289	0.139	0.964	1.158	0.033	1.302	0.334	0.6400000000000001									232706048	232706048	231079936	49974091973	267518769	267518769														3.22517800965e-11	1e-09	8.0	NONE							21.33854379903362	0.0832634629213745	0.0340497909406382	21.48990684383627	7.6882455842e-06	2.27348851474e-06	1.06397200305e-05	1.92205919775e-05	PASS
VCKSS-COMPARATIVE-SCALING-RESULT-V4	first	158	scale_strong_d6_n7680_c4_r2	e1514185445cab36f930c90a44c5a4e23326e027	fbed59bf26bd6cf641bec0946ff6d32cdfe992786852947c530678dd4c86a026	strong_d6	strong	6	7680	1280	32	4	4	4	4	4	4	2	8675309	1	scc-ke3	Intel(R) Xeon(R) Gold 6426Y	rust	PASS	0	0	0	0.79	2.18	2.9000000000000004	1.101															0.000251116	0.001720805	0.001292294	0.001744099	0.000681794	0.0	0.238404786	0.244094894	193916928	193916928	192040960	49974091973	729905356	729905356	677190916	4122244	4	4	1e-10	1e-06	0.001135532	0.007194742	0.004427429	0.160990249	0.025361502	4768	4152	9.22204840538e-06	1e-05	14.0	CMG_FULL_V2							21.33856367783738	0.0832579015759782	0.0340464662232445	21.48991451185985	7.63804506678e-06	2.67921088842e-06	1.03110442274e-05	1.93283966766e-05	PASS
VCKSS-COMPARATIVE-SCALING-RESULT-V4	first	158	scale_strong_d6_n7680_c4_r2	e1514185445cab36f930c90a44c5a4e23326e027	fbed59bf26bd6cf641bec0946ff6d32cdfe992786852947c530678dd4c86a026	strong_d6	strong	6	7680	1280	32	4	4	4	4	4	4	2	8675309	2	scc-ke3	Intel(R) Xeon(R) Gold 6426Y	matlab	PASS	0	0	0	2.960584	564.18	124.99	6.513841	125.806419	5.235266																					8506769408	8589352960	1905119232	49974091973																				True	8	8	1.4e-11	MAINTAINED_UPSTREAM_INTERNAL	MATLAB_TWISTER_SEED_PLUS_WORKER_INDEX	21.34132915274218	0.08326595914919604	0.03404603555321788	21.49268718299781					PASS
VCKSS-COMPARATIVE-SCALING-RESULT-V4	first	159	scale_strong_d6_n7680_c4_r3	e1514185445cab36f930c90a44c5a4e23326e027	fbed59bf26bd6cf641bec0946ff6d32cdfe992786852947c530678dd4c86a026	strong_d6	strong	6	7680	1280	32	4	4	4	4	4	4	3	20260819	2	scc-h32	INTEL(R) XEON(R) GOLD 6526Y	mata	PASS	0	0	0	2.718	3.47	11.700000000000001	0.36			0.401	0.114	0.045	0.009	2.015	0.004	0.886	1.101	0.031	1.232	0.323	0.4899999999999999									240893952	240893952	242802688	49310519526	267518780	267518780														2.88695843208e-11	1e-09	8.0	NONE							21.33855654581787	0.083260539681602	0.0340467088952979	21.48991050329007	7.91102297996e-06	2.77259495816e-06	9.9809047384e-06	1.80024544041e-05	PASS
VCKSS-COMPARATIVE-SCALING-RESULT-V4	first	159	scale_strong_d6_n7680_c4_r3	e1514185445cab36f930c90a44c5a4e23326e027	fbed59bf26bd6cf641bec0946ff6d32cdfe992786852947c530678dd4c86a026	strong_d6	strong	6	7680	1280	32	4	4	4	4	4	4	3	20260819	3	scc-h32	INTEL(R) XEON(R) GOLD 6526Y	rust	PASS	0	0	0	0.457	0.83	2.32	0.293															0.000275242	0.001841099	0.001426763	0.001827581	0.000714332	0.0	0.234839473	0.24092449	207257600	207257600	206069760	49310519526	729905356	729905356	677190916	4122244	4	4	1e-10	1e-06	0.001208686	0.000434983	0.00675544	0.158232708	0.023309793	4744	4129	9.92322782265e-06	1e-05	14.0	CMG_FULL_V2							21.33855534540007	0.083258927715247	0.0340327280502983	21.48987972921591	7.6738430203e-06	2.82167096377e-06	1.06608442931e-05	1.98905260832e-05	PASS
VCKSS-COMPARATIVE-SCALING-RESULT-V4	first	159	scale_strong_d6_n7680_c4_r3	e1514185445cab36f930c90a44c5a4e23326e027	fbed59bf26bd6cf641bec0946ff6d32cdfe992786852947c530678dd4c86a026	strong_d6	strong	6	7680	1280	32	4	4	4	4	4	4	3	20260819	1	scc-h32	INTEL(R) XEON(R) GOLD 6526Y	matlab	PASS	0	0	0	1.565566	387.09	104.45	3.170614	249.376373	4.880519																					8020905984	8631525376	2014797824	49310519526																				True	8	8	1.4e-11	MAINTAINED_UPSTREAM_INTERNAL	MATLAB_TWISTER_SEED_PLUS_WORKER_INDEX	21.341321192331613	0.08326381866176909	0.0340551455341791	21.49269530206174					PASS
VCKSS-COMPARATIVE-SCALING-RESULT-V4	first	160	scale_strong_d6_n7680_c8_r1	e1514185445cab36f930c90a44c5a4e23326e027	fbed59bf26bd6cf641bec0946ff6d32cdfe992786852947c530678dd4c86a026	strong_d6	strong	6	7680	1280	32	8	4	4	4	8	8	1	104729	1	scc-c03	Intel(R) Xeon(R) CPU E7-4809 v3 @ 2.00GHz	mata	PASS	0	0	0	7.817	9.43	31.3	1.149			1.023	0.406	0.135	0.026	5.906	0.033	2.733	3.077	0.088	4.159000000000001	0.6830000000000002	1.097									235294720	235294720	236994560	89606976439	267518801	267518801														2.86578087169e-11	1e-09	8.0	NONE							21.3385653568632	0.0832562388356769	0.0340347888089067	21.4898911733167	7.73923416381e-06	2.74271400308e-06	1.00555297578e-05	1.8888774434e-05	PASS
VCKSS-COMPARATIVE-SCALING-RESULT-V4	first	160	scale_strong_d6_n7680_c8_r1	e1514185445cab36f930c90a44c5a4e23326e027	fbed59bf26bd6cf641bec0946ff6d32cdfe992786852947c530678dd4c86a026	strong_d6	strong	6	7680	1280	32	8	4	8	4	8	8	1	104729	2	scc-c03	Intel(R) Xeon(R) CPU E7-4809 v3 @ 2.00GHz	rust	PASS	0	0	0	0.859	1.55	5.18	0.512															0.0006833	0.00403367	0.003491306	0.004966191	0.001923885	0.0	0.312481457	0.327579809	206422016	206422016	205217792	89606976439	770927616	770927616	677649451	4504356	8	8	1e-10	1e-06	0.003067228	0.001341642	0.008884622	0.181188788	0.030451812	4774	4155	9.58619809225e-06	1e-05	14.0	CMG_FULL_V2							21.3385758682583	0.0832516454164169	0.0340526466507342	21.48993280697619	7.98614859235e-06	2.8343371265e-06	9.55527623933e-06	1.862590334e-05	PASS
VCKSS-COMPARATIVE-SCALING-RESULT-V4	first	160	scale_strong_d6_n7680_c8_r1	e1514185445cab36f930c90a44c5a4e23326e027	fbed59bf26bd6cf641bec0946ff6d32cdfe992786852947c530678dd4c86a026	strong_d6	strong	6	7680	1280	32	8	4	8	4	8	8	1	104729	3	scc-c03	Intel(R) Xeon(R) CPU E7-4809 v3 @ 2.00GHz	matlab	PASS	0	0	0	5.647181	512.63	533.28	7.234781	164.885845	6.954143																					15088881664	15232126976	1971515392	89606976439																				True	8	8	1.4e-11	MAINTAINED_UPSTREAM_INTERNAL	MATLAB_TWISTER_SEED_PLUS_WORKER_INDEX	21.341316861123094	0.08326349083941866	0.03405594774709429	21.4926922474567					PASS
VCKSS-COMPARATIVE-SCALING-RESULT-V4	first	161	scale_strong_d6_n7680_c8_r2	e1514185445cab36f930c90a44c5a4e23326e027	fbed59bf26bd6cf641bec0946ff6d32cdfe992786852947c530678dd4c86a026	strong_d6	strong	6	7680	1280	32	8	4	4	4	8	8	2	8675309	3	scc-yp1	Intel(R) Xeon(R) Gold 6132 CPU @ 2.60GHz	mata	PASS	0	0	0	4.723	5.39	19.46	0.406			0.652	0.251	0.083	0.016	3.501	0.006	1.598	1.859	0.052	2.344	0.4829999999999999	0.7340000000000001									239988736	239988736	241659904	89866821960	267518781	267518781														3.22517800965e-11	1e-09	8.0	NONE							21.33854379903362	0.0832634629213745	0.0340497909406382	21.48990684383627	7.6882455842e-06	2.27348851474e-06	1.06397200305e-05	1.92205919775e-05	PASS
VCKSS-COMPARATIVE-SCALING-RESULT-V4	first	161	scale_strong_d6_n7680_c8_r2	e1514185445cab36f930c90a44c5a4e23326e027	fbed59bf26bd6cf641bec0946ff6d32cdfe992786852947c530678dd4c86a026	strong_d6	strong	6	7680	1280	32	8	4	8	4	8	8	2	8675309	1	scc-yp1	Intel(R) Xeon(R) Gold 6132 CPU @ 2.60GHz	rust	PASS	0	0	0	0.528	1.1	3.6900000000000004	0.442															0.000458486	0.002600107	0.001943312	0.002989599	0.001223331	0.0	0.213387525	0.22260236	200466432	200466432	202076160	89866821960	770927616	770927616	677649451	4504356	8	8	1e-10	1e-06	0.003313117	0.001474286	0.006689778	0.125871417	0.020076053	4768	4152	9.22204840538e-06	1e-05	14.0	CMG_FULL_V2							21.33856367783738	0.0832579015759782	0.0340464662232445	21.48991451185985	7.63804506678e-06	2.67921088842e-06	1.03110442274e-05	1.93283966766e-05	PASS
VCKSS-COMPARATIVE-SCALING-RESULT-V4	first	161	scale_strong_d6_n7680_c8_r2	e1514185445cab36f930c90a44c5a4e23326e027	fbed59bf26bd6cf641bec0946ff6d32cdfe992786852947c530678dd4c86a026	strong_d6	strong	6	7680	1280	32	8	4	8	4	8	8	2	8675309	2	scc-yp1	Intel(R) Xeon(R) Gold 6132 CPU @ 2.60GHz	matlab	PASS	0	0	0	2.14923	265.57	360.19	3.219652	123.7389	5.270086																					15126970368	15261507584	2143744000	89866821960																				True	8	8	1.4e-11	MAINTAINED_UPSTREAM_INTERNAL	MATLAB_TWISTER_SEED_PLUS_WORKER_INDEX	21.34132070923404	0.08326533808718077	0.03404815455413653	21.492682356429494					PASS
VCKSS-COMPARATIVE-SCALING-RESULT-V4	first	162	scale_strong_d6_n7680_c8_r3	e1514185445cab36f930c90a44c5a4e23326e027	fbed59bf26bd6cf641bec0946ff6d32cdfe992786852947c530678dd4c86a026	strong_d6	strong	6	7680	1280	32	8	4	4	4	8	8	3	20260819	2	scc-md7	Intel(R) Xeon(R) CPU E5-2650 v2 @ 2.60GHz	mata	PASS	0	0	0	5.835	6.78	23.54	0.505			0.8280000000000001	0.35	0.113	0.022	4.403	0.007	2.044	2.303	0.057	3.276	0.431	0.6970000000000001									232927232	232927232	234897408	90141699867	267518847	267518847														2.88695843208e-11	1e-09	8.0	NONE							21.33855654581787	0.083260539681602	0.0340467088952979	21.48991050329007	7.91102297996e-06	2.77259495816e-06	9.9809047384e-06	1.80024544041e-05	PASS
VCKSS-COMPARATIVE-SCALING-RESULT-V4	first	162	scale_strong_d6_n7680_c8_r3	e1514185445cab36f930c90a44c5a4e23326e027	fbed59bf26bd6cf641bec0946ff6d32cdfe992786852947c530678dd4c86a026	strong_d6	strong	6	7680	1280	32	8	4	8	4	8	8	3	20260819	3	scc-md7	Intel(R) Xeon(R) CPU E5-2650 v2 @ 2.60GHz	rust	PASS	0	0	0	0.607	1.12	3.79	0.388															0.000510208	0.002906097	0.002395257	0.0034953	0.001337699	0.0	0.226176598	0.236821159	197705728	197705728	199249920	90141699867	770927616	770927616	677649451	4504356	8	8	1e-10	1e-06	0.002147429	0.000969979	0.005861466	0.134561404	0.020491212	4744	4129	9.92322782265e-06	1e-05	14.0	CMG_FULL_V2							21.33855534540007	0.083258927715247	0.0340327280502983	21.48987972921591	7.6738430203e-06	2.82167096377e-06	1.06608442931e-05	1.98905260832e-05	PASS
VCKSS-COMPARATIVE-SCALING-RESULT-V4	first	162	scale_strong_d6_n7680_c8_r3	e1514185445cab36f930c90a44c5a4e23326e027	fbed59bf26bd6cf641bec0946ff6d32cdfe992786852947c530678dd4c86a026	strong_d6	strong	6	7680	1280	32	8	4	8	4	8	8	3	20260819	1	scc-md7	Intel(R) Xeon(R) CPU E5-2650 v2 @ 2.60GHz	matlab	PASS	0	0	0	3.244531	280.82	362.94	3.457954	136.013134	5.117567																					14904156160	15037947904	1941471232	90141699867																				True	8	8	1.4e-11	MAINTAINED_UPSTREAM_INTERNAL	MATLAB_TWISTER_SEED_PLUS_WORKER_INDEX	21.34132630393097	0.08326400826007775	0.034058816142081956	21.49270794447521					PASS
VCKSS-COMPARATIVE-SCALING-RESULT-V4	first	163	scale_strong_d6_n7680_c16_r1	e1514185445cab36f930c90a44c5a4e23326e027	fbed59bf26bd6cf641bec0946ff6d32cdfe992786852947c530678dd4c86a026	strong_d6	strong	6	7680	1280	32	16	4	4	4	16	16	1	104729	1	scc-sb8	Intel(R) Xeon(R) CPU E5-2650 v2 @ 2.60GHz	mata	PASS	0	0	0	5.825	6.43	23.49	0.446			0.827	0.352	0.113	0.021	4.404	0.007	2.043	2.305	0.058	3.283	0.4180000000000001	0.6890000000000001									233177088	233177088	234749952	177367116940	267518818	267518818														2.86578087169e-11	1e-09	8.0	NONE							21.3385653568632	0.0832562388356769	0.0340347888089067	21.4898911733167	7.73923416381e-06	2.74271400308e-06	1.00555297578e-05	1.8888774434e-05	PASS
VCKSS-COMPARATIVE-SCALING-RESULT-V4	first	163	scale_strong_d6_n7680_c16_r1	e1514185445cab36f930c90a44c5a4e23326e027	fbed59bf26bd6cf641bec0946ff6d32cdfe992786852947c530678dd4c86a026	strong_d6	strong	6	7680	1280	32	16	4	16	4	16	16	1	104729	2	scc-sb8	Intel(R) Xeon(R) CPU E5-2650 v2 @ 2.60GHz	rust	PASS	0	0	0	0.519	1.02	4.07	0.382															0.000443098	0.002654221	0.002157153	0.00318103	0.001209124	0.0	0.149853215	0.159497841	215056384	215056384	214188032	177367116940	852972134	852972134	678566520	5268580	16	16	1e-10	1e-06	0.00201763	0.001380854	0.005101868	0.076856755	0.013704505	4774	4155	9.58619809225e-06	1e-05	14.0	CMG_FULL_V2							21.3385758682583	0.0832516454164169	0.0340526466507342	21.48993280697619	7.98614859235e-06	2.8343371265e-06	9.55527623933e-06	1.862590334e-05	PASS
VCKSS-COMPARATIVE-SCALING-RESULT-V4	first	163	scale_strong_d6_n7680_c16_r1	e1514185445cab36f930c90a44c5a4e23326e027	fbed59bf26bd6cf641bec0946ff6d32cdfe992786852947c530678dd4c86a026	strong_d6	strong	6	7680	1280	32	16	4	16	4	16	16	1	104729	3	scc-sb8	Intel(R) Xeon(R) CPU E5-2650 v2 @ 2.60GHz	matlab	PASS	0	0	0	3.512037	530.39	734.64	4.856759	336.173141	7.068058																					27833200640	28148482048	2088345600	177367116940																				True	8	8	1.4e-11	MAINTAINED_UPSTREAM_INTERNAL	MATLAB_TWISTER_SEED_PLUS_WORKER_INDEX	21.341324526926403	0.08326361787270273	0.03404535634610003	21.492678857491306					PASS
VCKSS-COMPARATIVE-SCALING-RESULT-V4	first	164	scale_strong_d6_n7680_c16_r2	e1514185445cab36f930c90a44c5a4e23326e027	fbed59bf26bd6cf641bec0946ff6d32cdfe992786852947c530678dd4c86a026	strong_d6	strong	6	7680	1280	32	16	4	4	4	16	16	2	8675309	3	scc-h32	INTEL(R) XEON(R) GOLD 6526Y	mata	PASS	0	0	0	2.62	3.09	11.12	0.271			0.354	0.114	0.046	0.01	1.972	0.004	0.885	1.058	0.029	1.238	0.296	0.452									233189376	233189376	234856448	177934052623	267518789	267518789														3.22517800965e-11	1e-09	8.0	NONE							21.33854379903362	0.0832634629213745	0.0340497909406382	21.48990684383627	7.6882455842e-06	2.27348851474e-06	1.06397200305e-05	1.92205919775e-05	PASS
VCKSS-COMPARATIVE-SCALING-RESULT-V4	first	164	scale_strong_d6_n7680_c16_r2	e1514185445cab36f930c90a44c5a4e23326e027	fbed59bf26bd6cf641bec0946ff6d32cdfe992786852947c530678dd4c86a026	strong_d6	strong	6	7680	1280	32	16	4	16	4	16	16	2	8675309	1	scc-h32	INTEL(R) XEON(R) GOLD 6526Y	rust	PASS	0	0	0	0.27	0.64	2.85	0.3															0.000260532	0.001804116	0.001385872	0.001848006	0.000746316	0.0	0.086111899	0.092156741	208482304	208482304	208011264	177934052623	852972134	852972134	678566520	5268580	16	16	1e-10	1e-06	0.001203768	0.0011356	0.002672794	0.044769282	0.007456658	4768	4152	9.22204840538e-06	1e-05	14.0	CMG_FULL_V2							21.33856367783738	0.0832579015759782	0.0340464662232445	21.48991451185985	7.63804506678e-06	2.67921088842e-06	1.03110442274e-05	1.93283966766e-05	PASS
VCKSS-COMPARATIVE-SCALING-RESULT-V4	first	164	scale_strong_d6_n7680_c16_r2	e1514185445cab36f930c90a44c5a4e23326e027	fbed59bf26bd6cf641bec0946ff6d32cdfe992786852947c530678dd4c86a026	strong_d6	strong	6	7680	1280	32	16	4	16	4	16	16	2	8675309	2	scc-h32	INTEL(R) XEON(R) GOLD 6526Y	matlab	PASS	0	0	0	1.22169	57.22	308.46999999999997	1.515631	24.480624	4.231353																					28574691328	28832063488	2073341952	177934052623																				True	8	8	1.4e-11	MAINTAINED_UPSTREAM_INTERNAL	MATLAB_TWISTER_SEED_PLUS_WORKER_INDEX	21.341321660691666	0.08326347560285859	0.034048673526708643	21.49268248334794					PASS
VCKSS-COMPARATIVE-SCALING-RESULT-V4	first	165	scale_strong_d6_n7680_c16_r3	e1514185445cab36f930c90a44c5a4e23326e027	fbed59bf26bd6cf641bec0946ff6d32cdfe992786852947c530678dd4c86a026	strong_d6	strong	6	7680	1280	32	16	4	4	4	16	16	3	20260819	2	scc-ke3	Intel(R) Xeon(R) Gold 6426Y	mata	PASS	0	0	0	2.74	3.59	11.86	0.366			0.36	0.114	0.047	0.009	2.04	0.004	0.911	1.1	0.031	1.243	0.339	0.513									229974016	229974016	231620608	177220014310	267518796	267518796														2.88695843208e-11	1e-09	8.0	NONE							21.33855654581787	0.083260539681602	0.0340467088952979	21.48991050329007	7.91102297996e-06	2.77259495816e-06	9.9809047384e-06	1.80024544041e-05	PASS
VCKSS-COMPARATIVE-SCALING-RESULT-V4	first	165	scale_strong_d6_n7680_c16_r3	e1514185445cab36f930c90a44c5a4e23326e027	fbed59bf26bd6cf641bec0946ff6d32cdfe992786852947c530678dd4c86a026	strong_d6	strong	6	7680	1280	32	16	4	16	4	16	16	3	20260819	3	scc-ke3	Intel(R) Xeon(R) Gold 6426Y	rust	PASS	0	0	0	0.29	0.73	3.0900000000000003	0.327															0.000280703	0.001996549	0.00148567	0.002006609	0.000844101	0.0	0.100721415	0.107335047	211644416	211644416	214024192	177220014310	852972134	852972134	678566520	5268580	16	16	1e-10	1e-06	0.001558421	0.001523531	0.003161778	0.052748974	0.008608113	4744	4129	9.92322782265e-06	1e-05	14.0	CMG_FULL_V2							21.33855534540007	0.083258927715247	0.0340327280502983	21.48987972921591	7.6738430203e-06	2.82167096377e-06	1.06608442931e-05	1.98905260832e-05	PASS
VCKSS-COMPARATIVE-SCALING-RESULT-V4	first	165	scale_strong_d6_n7680_c16_r3	e1514185445cab36f930c90a44c5a4e23326e027	fbed59bf26bd6cf641bec0946ff6d32cdfe992786852947c530678dd4c86a026	strong_d6	strong	6	7680	1280	32	16	4	16	4	16	16	3	20260819	1	scc-ke3	Intel(R) Xeon(R) Gold 6426Y	matlab	PASS	0	0	0	2.083966	263.02	407.05	2.432051	124.572389	4.61006																					28269338624	28528816128	2036867072	177220014310																				True	8	8	1.4e-11	MAINTAINED_UPSTREAM_INTERNAL	MATLAB_TWISTER_SEED_PLUS_WORKER_INDEX	21.34131864559	0.08326361935398882	0.03405407196274159	21.49269040886947					PASS
VCKSS-COMPARATIVE-SCALING-RESULT-V4	repair-full	166	scale_strong_d6_n30720_c1_r1	ca162022833c3d6e6906c11cf4860baf0d52fd86	02d6eb6ffc96e0eb7eea1252605663e3e206c6ce177f3cf7f0e860c2b25f40f9	strong_d6	strong	6	30720	5120	128	1	1	1	1	1	1	1	104729	1	scc-sb4	Intel(R) Xeon(R) CPU E5-2650 v2 @ 2.60GHz	mata	PASS	0	0	0	25.023	26.1	25.93	0.82			1.877	1.272	0.436	0.085	22.224	0.048	9.78	12.211	0.351	12.344	6.050000000000001	7.463									414388224	414388224	428277760	18642305549	345949350	345949350														9.91448841887e-11	1e-09	13.0	NONE							21.3651035453312	1.331362900838346	0.453134793070852	23.60273603231125	7.13974610666e-06	1.49463978366e-06	5.85915732894e-06	1.14502059096e-05	PASS
VCKSS-COMPARATIVE-SCALING-RESULT-V4	repair-full	166	scale_strong_d6_n30720_c1_r1	ca162022833c3d6e6906c11cf4860baf0d52fd86	02d6eb6ffc96e0eb7eea1252605663e3e206c6ce177f3cf7f0e860c2b25f40f9	strong_d6	strong	6	30720	5120	128	1	1	1	1	1	1	1	104729	2	scc-sb4	Intel(R) Xeon(R) CPU E5-2650 v2 @ 2.60GHz	rust	PASS	0	0	0	3.653	4.73	4.64	0.81															0.00178602	0.011168051	0.008764226	0.012397025	0.004506148	0.0	3.203126699	3.241748169	275259392	275259392	273219584	18642305549	984559833	984559833	894574281	14619208	1	1	1e-10	1e-06	0.008102683	0.001936596	0.061194276	2.281111484	0.291085047	5425	4820	4.47853825461e-06	1e-05	16.0	CMG_FULL_V2							21.36511043780305	1.331363330579799	0.4531411573282761	23.6027560830394	6.47668069605e-06	1.48409882718e-06	6.0188323186e-06	1.24983811203e-05	PASS
VCKSS-COMPARATIVE-SCALING-RESULT-V4	repair-full	166	scale_strong_d6_n30720_c1_r1	ca162022833c3d6e6906c11cf4860baf0d52fd86	02d6eb6ffc96e0eb7eea1252605663e3e206c6ce177f3cf7f0e860c2b25f40f9	strong_d6	strong	6	30720	5120	128	1	1	1	1	1	1	1	104729	3	scc-sb4	Intel(R) Xeon(R) CPU E5-2650 v2 @ 2.60GHz	matlab	PASS	0	0	0	8.968332	193.06	79.1	2.885953	45.919199	4.562036																					3216973824	3237175296	1730351104	18642305549																				True	10	10	3.1e-11	MAINTAINED_UPSTREAM_INTERNAL	MATLAB_TWISTER_SEED_PLUS_WORKER_INDEX	21.365788698116297	1.3314016315948676	0.45315781494745044	23.603505959606068					PASS
VCKSS-COMPARATIVE-SCALING-RESULT-V4	repair-full	167	scale_strong_d6_n30720_c1_r2	ca162022833c3d6e6906c11cf4860baf0d52fd86	02d6eb6ffc96e0eb7eea1252605663e3e206c6ce177f3cf7f0e860c2b25f40f9	strong_d6	strong	6	30720	5120	128	1	1	1	1	1	1	2	8675309	3	scc-b17	Intel(R) Xeon(R) 6737P	mata	PASS	0	0	0	12.674	13.27	12.87	0.445			0.897	0.458	0.182	0.036	11.333	0.124	4.424	6.7	0.195	4.558000000000001	4.332	5.295									427741184	427741184	441466880	18910741005	345949325	345949325														9.9430024778e-11	1e-09	13.0	NONE							21.36509624175762	1.331360110102533	0.4531421402231962	23.60274063230655	6.67303157963e-06	1.29778148252e-06	6.62184446007e-06	1.2506527118e-05	PASS
VCKSS-COMPARATIVE-SCALING-RESULT-V4	repair-full	167	scale_strong_d6_n30720_c1_r2	ca162022833c3d6e6906c11cf4860baf0d52fd86	02d6eb6ffc96e0eb7eea1252605663e3e206c6ce177f3cf7f0e860c2b25f40f9	strong_d6	strong	6	30720	5120	128	1	1	1	1	1	1	2	8675309	1	scc-b17	Intel(R) Xeon(R) 6737P	rust	PASS	0	0	0	2.118	2.9	2.65	0.524															0.00097121	0.007351931	0.005362809	0.007019105	0.002676069	0.0	1.897751902	1.921133026	279662592	279662592	277770240	18910741005	984559833	984559833	894574281	14619208	1	1	1e-10	1e-06	0.004790321	0.001003601	0.030869209	1.4219893	0.1470383	5419	4817	4.40615391978e-06	1e-05	16.0	CMG_FULL_V2							21.36511726233847	1.331366885950509	0.4531328073944818	23.60274976307793	7.21826331193e-06	1.60825260941e-06	6.05696098428e-06	1.1546682783e-05	PASS
VCKSS-COMPARATIVE-SCALING-RESULT-V4	repair-full	167	scale_strong_d6_n30720_c1_r2	ca162022833c3d6e6906c11cf4860baf0d52fd86	02d6eb6ffc96e0eb7eea1252605663e3e206c6ce177f3cf7f0e860c2b25f40f9	strong_d6	strong	6	30720	5120	128	1	1	1	1	1	1	2	8675309	2	scc-b17	Intel(R) Xeon(R) 6737P	matlab	PASS	0	0	0	5.060568	480.73	42.730000000000004	5.501873	158.539562	4.967669																					3351539712	3366821888	1864065024	18910741005																				True	10	10	3.1e-11	MAINTAINED_UPSTREAM_INTERNAL	MATLAB_TWISTER_SEED_PLUS_WORKER_INDEX	21.36579101632215	1.3314040168907533	0.4531545329794361	23.603504099171776					PASS
VCKSS-COMPARATIVE-SCALING-RESULT-V4	repair-full	168	scale_strong_d6_n30720_c1_r3	ca162022833c3d6e6906c11cf4860baf0d52fd86	02d6eb6ffc96e0eb7eea1252605663e3e206c6ce177f3cf7f0e860c2b25f40f9	strong_d6	strong	6	30720	5120	128	1	1	1	1	1	1	3	20260819	2	scc-b19	Intel(R) Xeon(R) 6737P	mata	PASS	0	0	0	10.943	11.5	11.389999999999999	0.415			0.7170000000000001	0.428	0.176	0.036	9.815	0.031	4.174	5.527	0.189	4.497999999999999	3.174	3.939									428531712	428531712	437264384	18777597019	345949361	345949361														9.96146285835e-11	1e-09	13.0	NONE							21.3650972230093	1.331365723293991	0.4531459112565884	23.60275476881647	6.90795246701e-06	1.56655465107e-06	6.15633128039e-06	1.2593777969e-05	PASS
VCKSS-COMPARATIVE-SCALING-RESULT-V4	repair-full	168	scale_strong_d6_n30720_c1_r3	ca162022833c3d6e6906c11cf4860baf0d52fd86	02d6eb6ffc96e0eb7eea1252605663e3e206c6ce177f3cf7f0e860c2b25f40f9	strong_d6	strong	6	30720	5120	128	1	1	1	1	1	1	3	20260819	3	scc-b19	Intel(R) Xeon(R) 6737P	rust	PASS	0	0	0	2.094	2.62	2.58	0.406															0.000955358	0.007355013	0.005314497	0.006968936	0.002701189	0.0	1.887114819	1.910409812	273399808	273399808	271548416	18777597019	984559833	984559833	894574281	14619208	1	1	1e-10	1e-06	0.004795945	0.000993794	0.029511297	1.420028458	0.145458925	5421	4818	4.4166369095e-06	1e-05	16.0	CMG_FULL_V2							21.36509460250438	1.331362076563968	0.4531312951805407	23.60271926942943	6.48992873593e-06	1.54610464024e-06	5.63401419401e-06	1.20159118429e-05	PASS
VCKSS-COMPARATIVE-SCALING-RESULT-V4	repair-full	168	scale_strong_d6_n30720_c1_r3	ca162022833c3d6e6906c11cf4860baf0d52fd86	02d6eb6ffc96e0eb7eea1252605663e3e206c6ce177f3cf7f0e860c2b25f40f9	strong_d6	strong	6	30720	5120	128	1	1	1	1	1	1	3	20260819	1	scc-b19	Intel(R) Xeon(R) 6737P	matlab	PASS	0	0	0	3.333111	72.5	32.26	2.760677	35.864988	2.731698																					3344318464	3358576640	1848688640	18777597019																				True	10	10	3.1e-11	MAINTAINED_UPSTREAM_INTERNAL	MATLAB_TWISTER_SEED_PLUS_WORKER_INDEX	21.365802104669704	1.3314017671485687	0.4531550724098991	23.603514016638073					PASS
VCKSS-COMPARATIVE-SCALING-RESULT-V4	first	169	scale_strong_d6_n30720_c2_r1	e1514185445cab36f930c90a44c5a4e23326e027	fbed59bf26bd6cf641bec0946ff6d32cdfe992786852947c530678dd4c86a026	strong_d6	strong	6	30720	5120	128	2	2	2	2	2	2	1	104729	1	scc-yp1	Intel(R) Xeon(R) Gold 6132 CPU @ 2.60GHz	mata	PASS	0	0	0	18.012	18.88	36.910000000000004	0.573			1.488	0.946	0.321	0.062	15.697	0.048	6.877	8.63	0.23	8.951	3.909000000000001	4.957000000000001									441098240	441098240	454750208	29418378494	345949277	345949277														9.91448841887e-11	1e-09	13.0	NONE							21.3651035453312	1.331362900838346	0.453134793070852	23.60273603231125	7.13974610666e-06	1.49463978366e-06	5.85915732894e-06	1.14502059096e-05	PASS
VCKSS-COMPARATIVE-SCALING-RESULT-V4	first	169	scale_strong_d6_n30720_c2_r1	e1514185445cab36f930c90a44c5a4e23326e027	fbed59bf26bd6cf641bec0946ff6d32cdfe992786852947c530678dd4c86a026	strong_d6	strong	6	30720	5120	128	2	2	2	2	2	2	1	104729	2	scc-yp1	Intel(R) Xeon(R) Gold 6132 CPU @ 2.60GHz	rust	PASS	0	0	0	2.127	2.91	4.9799999999999995	0.5529999999999999															0.001781327	0.010778627	0.008262096	0.011420959	0.004496936	0.0	1.710189225	1.74692917	295215104	295215104	293249024	29418378494	1025631244	1025631244	895990987	15799796	2	2	1e-10	1e-06	0.006842113	0.002197887	0.04743503	1.195803109	0.171774877	5425	4820	4.47853825461e-06	1e-05	16.0	CMG_FULL_V2							21.36511043780305	1.331363330579799	0.4531411573282761	23.6027560830394	6.47668069605e-06	1.48409882718e-06	6.0188323186e-06	1.24983811203e-05	PASS
VCKSS-COMPARATIVE-SCALING-RESULT-V4	first	169	scale_strong_d6_n30720_c2_r1	e1514185445cab36f930c90a44c5a4e23326e027	fbed59bf26bd6cf641bec0946ff6d32cdfe992786852947c530678dd4c86a026	strong_d6	strong	6	30720	5120	128	2	2	2	2	2	2	1	104729	3	scc-yp1	Intel(R) Xeon(R) Gold 6132 CPU @ 2.60GHz	matlab	PASS	0	0	0	5.110431	349.46	133.99	2.4319	132.547632	6.111592																					5218787328	5499146240	2127216640	29418378494																				True	10	10	3.1e-11	MAINTAINED_UPSTREAM_INTERNAL	MATLAB_TWISTER_SEED_PLUS_WORKER_INDEX	21.36579154811978	1.3314030679429394	0.45315720788325853	23.603509031829237					PASS
VCKSS-COMPARATIVE-SCALING-RESULT-V4	first	170	scale_strong_d6_n30720_c2_r2	e1514185445cab36f930c90a44c5a4e23326e027	fbed59bf26bd6cf641bec0946ff6d32cdfe992786852947c530678dd4c86a026	strong_d6	strong	6	30720	5120	128	2	2	2	2	2	2	2	8675309	3	scc-to3	Intel(R) Xeon(R) CPU E5-2660 v3 @ 2.60GHz	mata	PASS	0	0	0	22.152	23.72	46.08	1.121			2.031	1.312	0.433	0.084	19.145	0.18	8.609	10.162	0.2530000000000001	12.032	4.037999999999999	5.241999999999999									436117504	436117504	449716224	29887603672	345949308	345949308														9.9430024778e-11	1e-09	13.0	NONE							21.36509624175762	1.331360110102533	0.4531421402231962	23.60274063230655	6.67303157963e-06	1.29778148252e-06	6.62184446007e-06	1.2506527118e-05	PASS
VCKSS-COMPARATIVE-SCALING-RESULT-V4	first	170	scale_strong_d6_n30720_c2_r2	e1514185445cab36f930c90a44c5a4e23326e027	fbed59bf26bd6cf641bec0946ff6d32cdfe992786852947c530678dd4c86a026	strong_d6	strong	6	30720	5120	128	2	2	2	2	2	2	2	8675309	1	scc-to3	Intel(R) Xeon(R) CPU E5-2660 v3 @ 2.60GHz	rust	PASS	0	0	0	2.642	4.26	7.01	1.044															0.002076978	0.013275869	0.010957666	0.015157599	0.005775129	0.0	2.11456456	2.161807801	301592576	301592576	299569152	29887603672	1025631244	1025631244	895990987	15799796	2	2	1e-10	1e-06	0.017019777	0.007832625	0.04302832	1.481403485	0.181283168	5419	4817	4.40615391978e-06	1e-05	16.0	CMG_FULL_V2							21.36511726233847	1.331366885950509	0.4531328073944818	23.60274976307793	7.21826331193e-06	1.60825260941e-06	6.05696098428e-06	1.1546682783e-05	PASS
VCKSS-COMPARATIVE-SCALING-RESULT-V4	first	170	scale_strong_d6_n30720_c2_r2	e1514185445cab36f930c90a44c5a4e23326e027	fbed59bf26bd6cf641bec0946ff6d32cdfe992786852947c530678dd4c86a026	strong_d6	strong	6	30720	5120	128	2	2	2	2	2	2	2	8675309	2	scc-to3	Intel(R) Xeon(R) CPU E5-2660 v3 @ 2.60GHz	matlab	PASS	0	0	0	9.371174	718.0	205.65	12.082071	129.829611	7.457697																					5451730944	7129731072	2139410432	29887603672																				True	10	10	3.1e-11	MAINTAINED_UPSTREAM_INTERNAL	MATLAB_TWISTER_SEED_PLUS_WORKER_INDEX	21.365786234015644	1.3314039573042242	0.45315669395467667	23.603503579229223					PASS
VCKSS-COMPARATIVE-SCALING-RESULT-V4	first	171	scale_strong_d6_n30720_c2_r3	e1514185445cab36f930c90a44c5a4e23326e027	fbed59bf26bd6cf641bec0946ff6d32cdfe992786852947c530678dd4c86a026	strong_d6	strong	6	30720	5120	128	2	2	2	2	2	2	3	20260819	2	scc-h32	INTEL(R) XEON(R) GOLD 6526Y	mata	PASS	0	0	0	10.975	11.88	22.84	0.617			0.827	0.476	0.188	0.038	9.686	0.041	4.126	5.429	0.151	5.078	2.708	3.404									434311168	434311168	448012288	29321741730	345949283	345949283														9.96146285835e-11	1e-09	13.0	NONE							21.3650972230093	1.331365723293991	0.4531459112565884	23.60275476881647	6.90795246701e-06	1.56655465107e-06	6.15633128039e-06	1.2593777969e-05	PASS
VCKSS-COMPARATIVE-SCALING-RESULT-V4	first	171	scale_strong_d6_n30720_c2_r3	e1514185445cab36f930c90a44c5a4e23326e027	fbed59bf26bd6cf641bec0946ff6d32cdfe992786852947c530678dd4c86a026	strong_d6	strong	6	30720	5120	128	2	2	2	2	2	2	3	20260819	3	scc-h32	INTEL(R) XEON(R) GOLD 6526Y	rust	PASS	0	0	0	1.313	1.86	3.33	0.381															0.001049692	0.00798904	0.005671016	0.007267356	0.002979511	0.0	1.071882858	1.096839473	290127872	290127872	288489472	29321741730	1025631244	1025631244	895990987	15799796	2	2	1e-10	1e-06	0.005032411	0.001534733	0.019517992	0.785413425	0.082125482	5421	4818	4.4166369095e-06	1e-05	16.0	CMG_FULL_V2							21.36509460250438	1.331362076563968	0.4531312951805407	23.60271926942943	6.48992873593e-06	1.54610464024e-06	5.63401419401e-06	1.20159118429e-05	PASS
VCKSS-COMPARATIVE-SCALING-RESULT-V4	first	171	scale_strong_d6_n30720_c2_r3	e1514185445cab36f930c90a44c5a4e23326e027	fbed59bf26bd6cf641bec0946ff6d32cdfe992786852947c530678dd4c86a026	strong_d6	strong	6	30720	5120	128	2	2	2	2	2	2	3	20260819	1	scc-h32	INTEL(R) XEON(R) GOLD 6526Y	matlab	PASS	0	0	0	3.250824	326.67	59.5	2.580115	131.224906	5.949604																					5212110848	5422034944	2193580032	29321741730																				True	10	10	3.1e-11	MAINTAINED_UPSTREAM_INTERNAL	MATLAB_TWISTER_SEED_PLUS_WORKER_INDEX	21.36579125177671	1.3314021963793528	0.4531552800749579	23.60350400830598					PASS
VCKSS-COMPARATIVE-SCALING-RESULT-V4	first	172	scale_strong_d6_n30720_c4_r1	e1514185445cab36f930c90a44c5a4e23326e027	fbed59bf26bd6cf641bec0946ff6d32cdfe992786852947c530678dd4c86a026	strong_d6	strong	6	30720	5120	128	4	4	4	4	4	4	1	104729	1	scc-ke3	Intel(R) Xeon(R) Gold 6426Y	mata	PASS	0	0	0	10.382	11.01	43.11	0.391			0.817	0.483	0.192	0.04	9.085	0.027	3.9	5.061	0.13	5.076	2.296	2.899									433221632	433221632	446914560	49125835932	345949289	345949289														9.91448841887e-11	1e-09	13.0	NONE							21.3651035453312	1.331362900838346	0.453134793070852	23.60273603231125	7.13974610666e-06	1.49463978366e-06	5.85915732894e-06	1.14502059096e-05	PASS
VCKSS-COMPARATIVE-SCALING-RESULT-V4	first	172	scale_strong_d6_n30720_c4_r1	e1514185445cab36f930c90a44c5a4e23326e027	fbed59bf26bd6cf641bec0946ff6d32cdfe992786852947c530678dd4c86a026	strong_d6	strong	6	30720	5120	128	4	4	4	4	4	4	1	104729	2	scc-ke3	Intel(R) Xeon(R) Gold 6426Y	rust	PASS	0	0	0	0.909	1.42	4.44	0.36															0.001115408	0.008056981	0.005852372	0.007522719	0.003105787	0.0	0.671227086	0.696880353	294035456	294035456	292478976	49125835932	1107675763	1107675763	896906232	16562500	4	4	1e-10	1e-06	0.005153806	0.001708578	0.014718989	0.478374517	0.052197708	5425	4820	4.47853825461e-06	1e-05	16.0	CMG_FULL_V2							21.36511043780305	1.331363330579799	0.4531411573282761	23.6027560830394	6.47668069605e-06	1.48409882718e-06	6.0188323186e-06	1.24983811203e-05	PASS
VCKSS-COMPARATIVE-SCALING-RESULT-V4	first	172	scale_strong_d6_n30720_c4_r1	e1514185445cab36f930c90a44c5a4e23326e027	fbed59bf26bd6cf641bec0946ff6d32cdfe992786852947c530678dd4c86a026	strong_d6	strong	6	30720	5120	128	4	4	4	4	4	4	1	104729	3	scc-ke3	Intel(R) Xeon(R) Gold 6426Y	matlab	PASS	0	0	0	2.837083	320.22	120.77000000000001	2.554637	131.289313	12.823751																					8151494656	8573648896	2069073920	49125835932																				True	10	10	3.1e-11	MAINTAINED_UPSTREAM_INTERNAL	MATLAB_TWISTER_SEED_PLUS_WORKER_INDEX	21.3657882220004	1.3314024226352712	0.4531547839015101	23.603500212438693					PASS
VCKSS-COMPARATIVE-SCALING-RESULT-V4	first	173	scale_strong_d6_n30720_c4_r2	e1514185445cab36f930c90a44c5a4e23326e027	fbed59bf26bd6cf641bec0946ff6d32cdfe992786852947c530678dd4c86a026	strong_d6	strong	6	30720	5120	128	4	4	4	4	4	4	2	8675309	3	scc-sb8	Intel(R) Xeon(R) CPU E5-2650 v2 @ 2.60GHz	mata	PASS	0	0	0	21.732	22.8	87.72	0.574			2.019	1.413	0.466	0.093	18.74	0.042	8.436	10.063	0.231	13.008	3.072	4.048									465494016	465494016	468905984	49859201598	345949275	345949275														9.9430024778e-11	1e-09	13.0	NONE							21.36509624175762	1.331360110102533	0.4531421402231962	23.60274063230655	6.67303157963e-06	1.29778148252e-06	6.62184446007e-06	1.2506527118e-05	PASS
VCKSS-COMPARATIVE-SCALING-RESULT-V4	first	173	scale_strong_d6_n30720_c4_r2	e1514185445cab36f930c90a44c5a4e23326e027	fbed59bf26bd6cf641bec0946ff6d32cdfe992786852947c530678dd4c86a026	strong_d6	strong	6	30720	5120	128	4	4	4	4	4	4	2	8675309	1	scc-sb8	Intel(R) Xeon(R) CPU E5-2650 v2 @ 2.60GHz	rust	PASS	0	0	0	1.486	2.29	7.17	0.542															0.002008069	0.01257835	0.009748749	0.013987618	0.005247953	0.0	1.045520004	1.089090743	298192896	298192896	296144896	49859201598	1107675763	1107675763	896906232	16562500	4	4	1e-10	1e-06	0.008939197	0.003073677	0.022092448	0.691772802	0.092750674	5419	4817	4.40615391978e-06	1e-05	16.0	CMG_FULL_V2							21.36511726233847	1.331366885950509	0.4531328073944818	23.60274976307793	7.21826331193e-06	1.60825260941e-06	6.05696098428e-06	1.1546682783e-05	PASS
VCKSS-COMPARATIVE-SCALING-RESULT-V4	first	173	scale_strong_d6_n30720_c4_r2	e1514185445cab36f930c90a44c5a4e23326e027	fbed59bf26bd6cf641bec0946ff6d32cdfe992786852947c530678dd4c86a026	strong_d6	strong	6	30720	5120	128	4	4	4	4	4	4	2	8675309	2	scc-sb8	Intel(R) Xeon(R) CPU E5-2650 v2 @ 2.60GHz	matlab	PASS	0	0	0	6.139632	322.86	208.73999999999998	4.237111	201.56515	4.94544																					8534708224	8597319680	1987784704	49859201598																				True	10	10	3.1e-11	MAINTAINED_UPSTREAM_INTERNAL	MATLAB_TWISTER_SEED_PLUS_WORKER_INDEX	21.365783194275355	1.3314041672112418	0.45315749501527375	23.603502351517147					PASS
VCKSS-COMPARATIVE-SCALING-RESULT-V4	first	174	scale_strong_d6_n30720_c4_r3	e1514185445cab36f930c90a44c5a4e23326e027	fbed59bf26bd6cf641bec0946ff6d32cdfe992786852947c530678dd4c86a026	strong_d6	strong	6	30720	5120	128	4	4	4	4	4	4	3	20260819	2	scc-gm2	Intel(R) Xeon(R) Gold 6242 CPU @ 2.80GHz	mata	PASS	0	0	0	15.546	16.24	61.309999999999995	0.453			1.405	0.892	0.304	0.058	13.441	0.053	6.068	7.186	0.182	8.522	2.641	3.462									441270272	441270272	455053312	49694919099	345949343	345949343														9.96146285835e-11	1e-09	13.0	NONE							21.3650972230093	1.331365723293991	0.4531459112565884	23.60275476881647	6.90795246701e-06	1.56655465107e-06	6.15633128039e-06	1.2593777969e-05	PASS
VCKSS-COMPARATIVE-SCALING-RESULT-V4	first	174	scale_strong_d6_n30720_c4_r3	e1514185445cab36f930c90a44c5a4e23326e027	fbed59bf26bd6cf641bec0946ff6d32cdfe992786852947c530678dd4c86a026	strong_d6	strong	6	30720	5120	128	4	4	4	4	4	4	3	20260819	3	scc-gm2	Intel(R) Xeon(R) Gold 6242 CPU @ 2.80GHz	rust	PASS	0	0	0	1.414	2.07	5.51	0.46															0.001548264	0.01011625	0.007477702	0.010538349	0.003994456	0.0	1.075884226	1.109559247	296030208	296030208	294187008	49694919099	1107675763	1107675763	896906232	16562500	4	4	1e-10	1e-06	0.006544259	0.011919313	0.033877253	0.715937946	0.09352018	5421	4818	4.4166369095e-06	1e-05	16.0	CMG_FULL_V2							21.36509460250438	1.331362076563968	0.4531312951805407	23.60271926942943	6.48992873593e-06	1.54610464024e-06	5.63401419401e-06	1.20159118429e-05	PASS
VCKSS-COMPARATIVE-SCALING-RESULT-V4	first	174	scale_strong_d6_n30720_c4_r3	e1514185445cab36f930c90a44c5a4e23326e027	fbed59bf26bd6cf641bec0946ff6d32cdfe992786852947c530678dd4c86a026	strong_d6	strong	6	30720	5120	128	4	4	4	4	4	4	3	20260819	1	scc-gm2	Intel(R) Xeon(R) Gold 6242 CPU @ 2.80GHz	matlab	PASS	0	0	0	4.252363	357.05	180.38	2.179601	116.283812	4.633823																					8951984128	9012985856	2268905472	49694919099																				True	10	10	3.1e-11	MAINTAINED_UPSTREAM_INTERNAL	MATLAB_TWISTER_SEED_PLUS_WORKER_INDEX	21.36579153059717	1.3314009880003874	0.45315784992382785	23.603508218445214					PASS
VCKSS-COMPARATIVE-SCALING-RESULT-V4	first	175	scale_strong_d6_n30720_c8_r1	e1514185445cab36f930c90a44c5a4e23326e027	fbed59bf26bd6cf641bec0946ff6d32cdfe992786852947c530678dd4c86a026	strong_d6	strong	6	30720	5120	128	8	4	4	4	8	8	1	104729	1	scc-ke3	Intel(R) Xeon(R) Gold 6426Y	mata	PASS	0	0	0	10.133	11.04	42.339999999999996	0.401			0.8180000000000001	0.469	0.191	0.038	8.847	0.027	3.862	4.865	0.126	5.011	2.133	2.738									443310080	443310080	456794112	88349624763	345949289	345949289														9.91448841887e-11	1e-09	13.0	NONE							21.3651035453312	1.331362900838346	0.453134793070852	23.60273603231125	7.13974610666e-06	1.49463978366e-06	5.85915732894e-06	1.14502059096e-05	PASS
VCKSS-COMPARATIVE-SCALING-RESULT-V4	first	175	scale_strong_d6_n30720_c8_r1	e1514185445cab36f930c90a44c5a4e23326e027	fbed59bf26bd6cf641bec0946ff6d32cdfe992786852947c530678dd4c86a026	strong_d6	strong	6	30720	5120	128	8	4	8	4	8	8	1	104729	2	scc-ke3	Intel(R) Xeon(R) Gold 6426Y	rust	PASS	0	0	0	0.708	1.22	5.15	0.373															0.001187057	0.008695492	0.006455879	0.007545861	0.003069418	0.0	0.450155501	0.477109208	309125120	309125120	307163136	88349624763	1271764800	1271764800	898736721	18087908	8	8	1e-10	1e-06	0.005345219	0.002135525	0.010890578	0.300195596	0.035505192	5425	4820	4.47853825461e-06	1e-05	16.0	CMG_FULL_V2							21.36511043780305	1.331363330579799	0.4531411573282761	23.6027560830394	6.47668069605e-06	1.48409882718e-06	6.0188323186e-06	1.24983811203e-05	PASS
VCKSS-COMPARATIVE-SCALING-RESULT-V4	first	175	scale_strong_d6_n30720_c8_r1	e1514185445cab36f930c90a44c5a4e23326e027	fbed59bf26bd6cf641bec0946ff6d32cdfe992786852947c530678dd4c86a026	strong_d6	strong	6	30720	5120	128	8	4	8	4	8	8	1	104729	3	scc-ke3	Intel(R) Xeon(R) Gold 6426Y	matlab	PASS	0	0	0	2.36452	226.02	214.19	1.770671	124.108402	4.638757																					15245598720	15355654144	2066788352	88349624763																				True	10	10	3.1e-11	MAINTAINED_UPSTREAM_INTERNAL	MATLAB_TWISTER_SEED_PLUS_WORKER_INDEX	21.36578915305775	1.3314027825130468	0.45316116690637975	23.603514269383556					PASS
VCKSS-COMPARATIVE-SCALING-RESULT-V4	first	176	scale_strong_d6_n30720_c8_r2	e1514185445cab36f930c90a44c5a4e23326e027	fbed59bf26bd6cf641bec0946ff6d32cdfe992786852947c530678dd4c86a026	strong_d6	strong	6	30720	5120	128	8	4	4	4	8	8	2	8675309	3	scc-h32	INTEL(R) XEON(R) GOLD 6526Y	mata	PASS	0	0	0	9.841	10.6	40.5	0.47			0.772	0.454	0.186	0.037	8.613	0.062	3.731	4.731	0.128	4.964	2.007	2.6									439140352	439140352	452497408	88499948618	345949259	345949259														9.9430024778e-11	1e-09	13.0	NONE							21.36509624175762	1.331360110102533	0.4531421402231962	23.60274063230655	6.67303157963e-06	1.29778148252e-06	6.62184446007e-06	1.2506527118e-05	PASS
VCKSS-COMPARATIVE-SCALING-RESULT-V4	first	176	scale_strong_d6_n30720_c8_r2	e1514185445cab36f930c90a44c5a4e23326e027	fbed59bf26bd6cf641bec0946ff6d32cdfe992786852947c530678dd4c86a026	strong_d6	strong	6	30720	5120	128	8	4	8	4	8	8	2	8675309	1	scc-h32	INTEL(R) XEON(R) GOLD 6526Y	rust	PASS	0	0	0	0.625	1.06	4.7	0.3090000000000001															0.001086706	0.007898559	0.005682484	0.007391585	0.002919689	0.0	0.393828149	0.418807172	320794624	320794624	319479808	88499948618	1271764800	1271764800	898736721	18087908	8	8	1e-10	1e-06	0.005016404	0.001930311	0.009352894	0.260379503	0.028483238	5419	4817	4.40615391978e-06	1e-05	16.0	CMG_FULL_V2							21.36511726233847	1.331366885950509	0.4531328073944818	23.60274976307793	7.21826331193e-06	1.60825260941e-06	6.05696098428e-06	1.1546682783e-05	PASS
VCKSS-COMPARATIVE-SCALING-RESULT-V4	first	176	scale_strong_d6_n30720_c8_r2	e1514185445cab36f930c90a44c5a4e23326e027	fbed59bf26bd6cf641bec0946ff6d32cdfe992786852947c530678dd4c86a026	strong_d6	strong	6	30720	5120	128	8	4	8	4	8	8	2	8675309	2	scc-h32	INTEL(R) XEON(R) GOLD 6526Y	matlab	PASS	0	0	0	2.249276	231.74	180.8	2.090288	116.557504	4.184172																					15306203136	15365038080	2082918400	88499948618																				True	10	10	3.1e-11	MAINTAINED_UPSTREAM_INTERNAL	MATLAB_TWISTER_SEED_PLUS_WORKER_INDEX	21.365790160837076	1.3314041825574359	0.4531564214662439	23.603507186326997					PASS
VCKSS-COMPARATIVE-SCALING-RESULT-V4	first	177	scale_strong_d6_n30720_c8_r3	e1514185445cab36f930c90a44c5a4e23326e027	fbed59bf26bd6cf641bec0946ff6d32cdfe992786852947c530678dd4c86a026	strong_d6	strong	6	30720	5120	128	8	4	4	4	8	8	3	20260819	2	scc-ke1	Intel(R) Xeon(R) Gold 6426Y	mata	PASS	0	0	0	10.819	11.44	44.58	0.397			0.8560000000000001	0.519	0.215	0.041	9.45	0.035	4.028	5.286	0.138	5.452999999999999	2.19	2.835									448925696	448925696	462610432	88990648632	345949296	345949296														9.96146285835e-11	1e-09	13.0	NONE							21.3650972230093	1.331365723293991	0.4531459112565884	23.60275476881647	6.90795246701e-06	1.56655465107e-06	6.15633128039e-06	1.2593777969e-05	PASS
VCKSS-COMPARATIVE-SCALING-RESULT-V4	first	177	scale_strong_d6_n30720_c8_r3	e1514185445cab36f930c90a44c5a4e23326e027	fbed59bf26bd6cf641bec0946ff6d32cdfe992786852947c530678dd4c86a026	strong_d6	strong	6	30720	5120	128	8	4	8	4	8	8	3	20260819	3	scc-ke1	Intel(R) Xeon(R) Gold 6426Y	rust	PASS	0	0	0	0.687	1.22	5.5	0.387															0.001217688	0.008676764	0.006262402	0.008124603	0.003201221	0.0	0.437832038	0.465314716	313491456	313491456	311558144	88990648632	1271764800	1271764800	898736721	18087908	8	8	1e-10	1e-06	0.005430061	0.001950665	0.010551665	0.290328583	0.032576789	5421	4818	4.4166369095e-06	1e-05	16.0	CMG_FULL_V2							21.36509460250438	1.331362076563968	0.4531312951805407	23.60271926942943	6.48992873593e-06	1.54610464024e-06	5.63401419401e-06	1.20159118429e-05	PASS
VCKSS-COMPARATIVE-SCALING-RESULT-V4	first	177	scale_strong_d6_n30720_c8_r3	e1514185445cab36f930c90a44c5a4e23326e027	fbed59bf26bd6cf641bec0946ff6d32cdfe992786852947c530678dd4c86a026	strong_d6	strong	6	30720	5120	128	8	4	8	4	8	8	3	20260819	1	scc-ke1	Intel(R) Xeon(R) Gold 6426Y	matlab	PASS	0	0	0	2.659493	236.09	208.58	2.200923	116.360405	4.743177																					15193255936	15422009344	2075500544	88990648632																				True	10	10	3.1e-11	MAINTAINED_UPSTREAM_INTERNAL	MATLAB_TWISTER_SEED_PLUS_WORKER_INDEX	21.365795059708205	1.3314015877071728	0.45315123511391225	23.603499117643203					PASS
VCKSS-COMPARATIVE-SCALING-RESULT-V4	first	178	scale_strong_d6_n30720_c16_r1	e1514185445cab36f930c90a44c5a4e23326e027	fbed59bf26bd6cf641bec0946ff6d32cdfe992786852947c530678dd4c86a026	strong_d6	strong	6	30720	5120	128	16	4	4	4	16	16	1	104729	1	scc-md3	Intel(R) Xeon(R) CPU E5-2650 v2 @ 2.60GHz	mata	PASS	0	0	0	22.129	24.78	88.36999999999999	2.267			2.011	1.416	0.467	0.092	18.794	0.066	8.504	10.027	0.229	13.051	3.062	4.058									446496768	446496768	459829248	176959095047	345949282	345949282														9.91448841887e-11	1e-09	13.0	NONE							21.3651035453312	1.331362900838346	0.453134793070852	23.60273603231125	7.13974610666e-06	1.49463978366e-06	5.85915732894e-06	1.14502059096e-05	PASS
VCKSS-COMPARATIVE-SCALING-RESULT-V4	first	178	scale_strong_d6_n30720_c16_r1	e1514185445cab36f930c90a44c5a4e23326e027	fbed59bf26bd6cf641bec0946ff6d32cdfe992786852947c530678dd4c86a026	strong_d6	strong	6	30720	5120	128	16	4	16	4	16	16	1	104729	2	scc-md3	Intel(R) Xeon(R) CPU E5-2650 v2 @ 2.60GHz	rust	PASS	0	0	0	0.895	1.79	7.86	0.429															0.001850395	0.011570192	0.009336866	0.013093508	0.004897851	0.0	0.44204393	0.482792742	328974336	328974336	328593408	176959095047	1599942873	1599942873	902397700	21138724	16	16	1e-10	1e-06	0.008437353	0.004162384	0.015337654	0.247383579	0.033262457	5425	4820	4.47853825461e-06	1e-05	16.0	CMG_FULL_V2							21.36511043780305	1.331363330579799	0.4531411573282761	23.6027560830394	6.47668069605e-06	1.48409882718e-06	6.0188323186e-06	1.24983811203e-05	PASS
VCKSS-COMPARATIVE-SCALING-RESULT-V4	first	178	scale_strong_d6_n30720_c16_r1	e1514185445cab36f930c90a44c5a4e23326e027	fbed59bf26bd6cf641bec0946ff6d32cdfe992786852947c530678dd4c86a026	strong_d6	strong	6	30720	5120	128	16	4	16	4	16	16	1	104729	3	scc-md3	Intel(R) Xeon(R) CPU E5-2650 v2 @ 2.60GHz	matlab	PASS	0	0	0	6.371413	369.66	749.73	7.608078	223.449481	5.825822																					28543807488	28747612160	2186547200	176959095047																				True	10	10	3.1e-11	MAINTAINED_UPSTREAM_INTERNAL	MATLAB_TWISTER_SEED_PLUS_WORKER_INDEX	21.365794920524586	1.3314031986006944	0.4531534975047397	23.60350511413476					PASS
VCKSS-COMPARATIVE-SCALING-RESULT-V4	first	179	scale_strong_d6_n30720_c16_r2	e1514185445cab36f930c90a44c5a4e23326e027	fbed59bf26bd6cf641bec0946ff6d32cdfe992786852947c530678dd4c86a026	strong_d6	strong	6	30720	5120	128	16	4	4	4	16	16	2	8675309	3	scc-sb8	Intel(R) Xeon(R) CPU E5-2650 v2 @ 2.60GHz	mata	PASS	0	0	0	21.678	23.26	87.5	0.645			2.021	1.418	0.465	0.093	18.688	0.042	8.435	10.011	0.234	12.999	3.062000000000001	4.005									459599872	459599872	473305088	177503482151	345949292	345949292														9.9430024778e-11	1e-09	13.0	NONE							21.36509624175762	1.331360110102533	0.4531421402231962	23.60274063230655	6.67303157963e-06	1.29778148252e-06	6.62184446007e-06	1.2506527118e-05	PASS
VCKSS-COMPARATIVE-SCALING-RESULT-V4	first	179	scale_strong_d6_n30720_c16_r2	e1514185445cab36f930c90a44c5a4e23326e027	fbed59bf26bd6cf641bec0946ff6d32cdfe992786852947c530678dd4c86a026	strong_d6	strong	6	30720	5120	128	16	4	16	4	16	16	2	8675309	1	scc-sb8	Intel(R) Xeon(R) CPU E5-2650 v2 @ 2.60GHz	rust	PASS	0	0	0	0.896	1.65	7.970000000000001	0.521															0.001830366	0.011378824	0.009680557	0.01283084	0.004711308	0.0	0.434044892	0.474476787	331640832	331640832	329424896	177503482151	1599942873	1599942873	902397700	21138724	16	16	1e-10	1e-06	0.008409296	0.003514598	0.013768127	0.242601148	0.034109305	5419	4817	4.40615391978e-06	1e-05	16.0	CMG_FULL_V2							21.36511726233847	1.331366885950509	0.4531328073944818	23.60274976307793	7.21826331193e-06	1.60825260941e-06	6.05696098428e-06	1.1546682783e-05	PASS
VCKSS-COMPARATIVE-SCALING-RESULT-V4	first	179	scale_strong_d6_n30720_c16_r2	e1514185445cab36f930c90a44c5a4e23326e027	fbed59bf26bd6cf641bec0946ff6d32cdfe992786852947c530678dd4c86a026	strong_d6	strong	6	30720	5120	128	16	4	16	4	16	16	2	8675309	2	scc-sb8	Intel(R) Xeon(R) CPU E5-2650 v2 @ 2.60GHz	matlab	PASS	0	0	0	5.626163	485.4	730.78	4.692408	202.699853	5.602251																					28772777984	29013598208	2199621632	177503482151																				True	10	10	3.1e-11	MAINTAINED_UPSTREAM_INTERNAL	MATLAB_TWISTER_SEED_PLUS_WORKER_INDEX	21.365796901776278	1.331403874450726	0.453154681790621	23.603510139808247					PASS
VCKSS-COMPARATIVE-SCALING-RESULT-V4	first	180	scale_strong_d6_n30720_c16_r3	e1514185445cab36f930c90a44c5a4e23326e027	fbed59bf26bd6cf641bec0946ff6d32cdfe992786852947c530678dd4c86a026	strong_d6	strong	6	30720	5120	128	16	4	4	4	16	16	3	20260819	2	scc-h32	INTEL(R) XEON(R) GOLD 6526Y	mata	PASS	0	0	0	9.796	10.34	40.39	0.373			0.781	0.455	0.184	0.037	8.563	0.054	3.815	4.604	0.124	5.032	1.871	2.469									443633664	443633664	452182016	177054658069	345949313	345949313														9.96146285835e-11	1e-09	13.0	NONE							21.3650972230093	1.331365723293991	0.4531459112565884	23.60275476881647	6.90795246701e-06	1.56655465107e-06	6.15633128039e-06	1.2593777969e-05	PASS
VCKSS-COMPARATIVE-SCALING-RESULT-V4	first	180	scale_strong_d6_n30720_c16_r3	e1514185445cab36f930c90a44c5a4e23326e027	fbed59bf26bd6cf641bec0946ff6d32cdfe992786852947c530678dd4c86a026	strong_d6	strong	6	30720	5120	128	16	4	16	4	16	16	3	20260819	3	scc-h32	INTEL(R) XEON(R) GOLD 6526Y	rust	PASS	0	0	0	0.494	0.94	5.0	0.315															0.001070346	0.00801635	0.005792015	0.007432076	0.002919197	0.0	0.267819216	0.2930492	331075584	331075584	330571776	177054658069	1599942873	1599942873	902397700	21138724	16	16	1e-10	1e-06	0.005005021	0.002107375	0.007511014	0.164614859	0.019235065	5421	4818	4.4166369095e-06	1e-05	16.0	CMG_FULL_V2							21.36509460250438	1.331362076563968	0.4531312951805407	23.60271926942943	6.48992873593e-06	1.54610464024e-06	5.63401419401e-06	1.20159118429e-05	PASS
VCKSS-COMPARATIVE-SCALING-RESULT-V4	first	180	scale_strong_d6_n30720_c16_r3	e1514185445cab36f930c90a44c5a4e23326e027	fbed59bf26bd6cf641bec0946ff6d32cdfe992786852947c530678dd4c86a026	strong_d6	strong	6	30720	5120	128	16	4	16	4	16	16	3	20260819	1	scc-h32	INTEL(R) XEON(R) GOLD 6526Y	matlab	PASS	0	0	0	1.678745	79.02	314.15	2.488833	25.693307	4.264743																					28850237440	28951822336	2151739392	177054658069																				True	10	10	3.1e-11	MAINTAINED_UPSTREAM_INTERNAL	MATLAB_TWISTER_SEED_PLUS_WORKER_INDEX	21.36580151065095	1.3314012313465553	0.4531500527992974	23.6035028475961					PASS
VCKSS-COMPARATIVE-SCALING-RESULT-V4	repair-full	181	scale_strong_d6_n122880_c1_r1	ca162022833c3d6e6906c11cf4860baf0d52fd86	02d6eb6ffc96e0eb7eea1252605663e3e206c6ce177f3cf7f0e860c2b25f40f9	strong_d6	strong	6	122880	20480	512	1	1	1	1	1	1	1	104729	1	scc-b19	Intel(R) Xeon(R) 6737P	mata	PASS	0	0	0	97.874	98.71000000000001	98.39	0.548			2.343	1.762	0.726	0.708	94.509	0.395	34.043	59.162	0.741	17.919	13.19	70.47									1205452800	1205452800	1203847168	18831284110	1748832091	1748832091														6.66069838653e-11	1e-09	11.0	NONE							21.45323955815765	1.329945515522064	-0.0430394166931122	22.69710624029349	3.34194005577e-06	1.1729707414e-06	2.8063871925e-06	5.60486757945e-06	PASS
VCKSS-COMPARATIVE-SCALING-RESULT-V4	repair-full	181	scale_strong_d6_n122880_c1_r1	ca162022833c3d6e6906c11cf4860baf0d52fd86	02d6eb6ffc96e0eb7eea1252605663e3e206c6ce177f3cf7f0e860c2b25f40f9	strong_d6	strong	6	122880	20480	512	1	1	1	1	1	1	1	104729	2	scc-b19	Intel(R) Xeon(R) 6737P	rust	PASS	0	0	0	8.951	9.8	9.72	0.547															0.003518941	0.032089708	0.023288036	0.028700364	0.011014145	0.0	8.593429904	8.692041098	538193920	538193920	536068096	18831284110	2126293670	2126293670	1767876720	59747880	1	1	1e-10	1e-06	0.021359717	0.013988969	0.105883753	6.823981794	0.553624732	5418	4817	4.75382347367e-06	1e-05	17.0	CMG_FULL_V2							21.45324135064743	1.329946694359502	-0.0430474681678792	22.69709310867118	2.94183654908e-06	1.07364652592e-06	3.08341266812e-06	6.03702199081e-06	PASS
VCKSS-COMPARATIVE-SCALING-RESULT-V4	repair-full	181	scale_strong_d6_n122880_c1_r1	ca162022833c3d6e6906c11cf4860baf0d52fd86	02d6eb6ffc96e0eb7eea1252605663e3e206c6ce177f3cf7f0e860c2b25f40f9	strong_d6	strong	6	122880	20480	512	1	1	1	1	1	1	1	104729	3	scc-b19	Intel(R) Xeon(R) 6737P	matlab	PASS	0	0	0	10.740704	230.15	39.54	2.415522	86.288212	2.556512																					3490807808	3505680384	1937649664	18831284110																				True	12	12	5.2e-11	MAINTAINED_UPSTREAM_INTERNAL	MATLAB_TWISTER_SEED_PLUS_WORKER_INDEX	21.45340099948268	1.3299458929512542	-0.043032349870000854	22.697282192693933					PASS
VCKSS-COMPARATIVE-SCALING-RESULT-V4	repair-full	182	scale_strong_d6_n122880_c1_r2	ca162022833c3d6e6906c11cf4860baf0d52fd86	02d6eb6ffc96e0eb7eea1252605663e3e206c6ce177f3cf7f0e860c2b25f40f9	strong_d6	strong	6	122880	20480	512	1	1	1	1	1	1	2	8675309	3	scc-kc2	Intel(R) Xeon(R) Gold 6426Y	mata	PASS	0	0	0	97.635	98.86	98.1	0.698			2.572	1.824	0.8049999999999999	0.869	93.889	0.508	35.639	56.615	0.698	20.212	13.021	66.68799999999999									1227399168	1227399168	1225461760	18851685204	1748832109	1748832109														6.83129488638e-11	1e-09	11.0	NONE							21.45323541974481	1.329948222992428	-0.0430383533698562	22.69710693599752	3.06131844608e-06	1.16283741948e-06	3.10071238911e-06	6.32367255345e-06	PASS
VCKSS-COMPARATIVE-SCALING-RESULT-V4	repair-full	182	scale_strong_d6_n122880_c1_r2	ca162022833c3d6e6906c11cf4860baf0d52fd86	02d6eb6ffc96e0eb7eea1252605663e3e206c6ce177f3cf7f0e860c2b25f40f9	strong_d6	strong	6	122880	20480	512	1	1	1	1	1	1	2	8675309	1	scc-kc2	Intel(R) Xeon(R) Gold 6426Y	rust	PASS	0	0	0	9.688	10.62	10.540000000000001	0.612															0.003678611	0.032073526	0.023499524	0.02858591	0.01099695	0.0	9.271750297	9.370584818	527974400	527974400	525987840	18851685204	2126293670	2126293670	1767876720	59747880	1	1	1e-10	1e-06	0.021453043	0.014232612	0.121269504	7.321726229	0.62688935	5418	4817	4.65020685561e-06	1e-05	17.0	CMG_FULL_V2							21.45324419556646	1.329945724148002	-0.0430387187711927	22.69711248217207	3.41566730448e-06	1.17352846776e-06	2.86554235934e-06	5.95789507851e-06	PASS
VCKSS-COMPARATIVE-SCALING-RESULT-V4	repair-full	182	scale_strong_d6_n122880_c1_r2	ca162022833c3d6e6906c11cf4860baf0d52fd86	02d6eb6ffc96e0eb7eea1252605663e3e206c6ce177f3cf7f0e860c2b25f40f9	strong_d6	strong	6	122880	20480	512	1	1	1	1	1	1	2	8675309	2	scc-kc2	Intel(R) Xeon(R) Gold 6426Y	matlab	PASS	0	0	0	11.601694	168.28	42.959999999999994	3.176852	20.512759	2.771961																					3455348736	3463553024	1907433472	18851685204																				True	12	12	5.2e-11	MAINTAINED_UPSTREAM_INTERNAL	MATLAB_TWISTER_SEED_PLUS_WORKER_INDEX	21.453399679476203	1.3299455997486693	-0.04303102067753376	22.697283237869804					PASS
VCKSS-COMPARATIVE-SCALING-RESULT-V4	repair-full	183	scale_strong_d6_n122880_c1_r3	ca162022833c3d6e6906c11cf4860baf0d52fd86	02d6eb6ffc96e0eb7eea1252605663e3e206c6ce177f3cf7f0e860c2b25f40f9	strong_d6	strong	6	122880	20480	512	1	1	1	1	1	1	3	20260819	2	scc-sb6	Intel(R) Xeon(R) CPU E5-2650 v2 @ 2.60GHz	mata	PASS	0	0	0	194.052	195.99	194.91000000000003	1.173			6.38	5.144	1.781	1.674	185.299	0.745	69.891	112.582	1.395	51.813	24.579	121.405									1242066944	1242066944	1240113152	18888192426	1748832120	1748832120														7.236718952e-11	1e-09	11.0	NONE							21.45324135433106	1.329947891403617	-0.0430403361638584	22.69710857340696	3.37692882234e-06	1.13415744534e-06	3.40806646538e-06	6.700465587e-06	PASS
VCKSS-COMPARATIVE-SCALING-RESULT-V4	repair-full	183	scale_strong_d6_n122880_c1_r3	ca162022833c3d6e6906c11cf4860baf0d52fd86	02d6eb6ffc96e0eb7eea1252605663e3e206c6ce177f3cf7f0e860c2b25f40f9	strong_d6	strong	6	122880	20480	512	1	1	1	1	1	1	3	20260819	3	scc-sb6	Intel(R) Xeon(R) CPU E5-2650 v2 @ 2.60GHz	rust	PASS	0	0	0	15.35	17.2	17.060000000000002	1.106															0.007004353	0.047951015	0.037497263	0.051782317	0.018990813	0.0	14.566039518	14.729265279	527917056	527917056	526004224	18888192426	2126293670	2126293670	1767876720	59747880	1	1	1e-10	1e-06	0.037606719	0.028622857	0.23894813	10.916641904	1.140232694	5418	4817	4.74047154025e-06	1e-05	17.0	CMG_FULL_V2							21.45323747272055	1.329946584722838	-0.0430392128467242	22.69710563174993	3.23198579025e-06	1.07565811607e-06	2.94297804171e-06	5.75227811777e-06	PASS
VCKSS-COMPARATIVE-SCALING-RESULT-V4	repair-full	183	scale_strong_d6_n122880_c1_r3	ca162022833c3d6e6906c11cf4860baf0d52fd86	02d6eb6ffc96e0eb7eea1252605663e3e206c6ce177f3cf7f0e860c2b25f40f9	strong_d6	strong	6	122880	20480	512	1	1	1	1	1	1	3	20260819	1	scc-sb6	Intel(R) Xeon(R) CPU E5-2650 v2 @ 2.60GHz	matlab	PASS	0	0	0	27.840505	180.33	99.27	6.188988	53.899216	3.742378																					3446571008	3446571008	1903116288	18888192426																				True	12	12	5.2e-11	MAINTAINED_UPSTREAM_INTERNAL	MATLAB_TWISTER_SEED_PLUS_WORKER_INDEX	21.453399376370356	1.3299445412895685	-0.04303144797279498	22.697281021714332					PASS
VCKSS-COMPARATIVE-SCALING-RESULT-V4	first	184	scale_strong_d6_n122880_c2_r1	e1514185445cab36f930c90a44c5a4e23326e027	fbed59bf26bd6cf641bec0946ff6d32cdfe992786852947c530678dd4c86a026	strong_d6	strong	6	122880	20480	512	2	2	2	2	2	2	1	104729	1	scc-na2	Intel(R) Xeon(R) CPU E5-2650 v2 @ 2.60GHz	mata	PASS	0	0	0	167.644	169.42000000000002	333.92	0.962			6.577	5.349	1.84	1.877	158.61	0.79	60.691	94.82	1.088	53.215	17.535	95.029									1194569728	1194569728	1193709568	29765197104	1748831994	1748831994														6.66069838653e-11	1e-09	11.0	NONE							21.45323955815765	1.329945515522064	-0.0430394166931122	22.69710624029349	3.34194005577e-06	1.1729707414e-06	2.8063871925e-06	5.60486757945e-06	PASS
VCKSS-COMPARATIVE-SCALING-RESULT-V4	first	184	scale_strong_d6_n122880_c2_r1	e1514185445cab36f930c90a44c5a4e23326e027	fbed59bf26bd6cf641bec0946ff6d32cdfe992786852947c530678dd4c86a026	strong_d6	strong	6	122880	20480	512	2	2	2	2	2	2	1	104729	2	scc-na2	Intel(R) Xeon(R) CPU E5-2650 v2 @ 2.60GHz	rust	PASS	0	0	0	8.879	10.62	19.98	0.942															0.007324113	0.051856497	0.039185272	0.055424888	0.019712461	0.0	8.113014817	8.286518048	476114944	476114944	474140672	29765197104	2290579315	2290579315	1773542568	64469420	2	2	1e-10	1e-06	0.040968223	0.039641931	0.140322469	5.989881694	0.591885831	5418	4817	4.75382347367e-06	1e-05	17.0	CMG_FULL_V2							21.45324135064743	1.329946694359502	-0.0430474681678792	22.69709310867118	2.94183654908e-06	1.07364652592e-06	3.08341266812e-06	6.03702199081e-06	PASS
VCKSS-COMPARATIVE-SCALING-RESULT-V4	first	184	scale_strong_d6_n122880_c2_r1	e1514185445cab36f930c90a44c5a4e23326e027	fbed59bf26bd6cf641bec0946ff6d32cdfe992786852947c530678dd4c86a026	strong_d6	strong	6	122880	20480	512	2	2	2	2	2	2	1	104729	3	scc-na2	Intel(R) Xeon(R) CPU E5-2650 v2 @ 2.60GHz	matlab	PASS	0	0	0	19.685367	349.76	142.78	3.055721	97.831853	4.497475																					5440688128	5455237120	2052882432	29765197104																				True	12	12	5.2e-11	MAINTAINED_UPSTREAM_INTERNAL	MATLAB_TWISTER_SEED_PLUS_WORKER_INDEX	21.45340363950195	1.3299453420730856	-0.043032879215228526	22.697283223144577					PASS
VCKSS-COMPARATIVE-SCALING-RESULT-V4	first	185	scale_strong_d6_n122880_c2_r2	e1514185445cab36f930c90a44c5a4e23326e027	fbed59bf26bd6cf641bec0946ff6d32cdfe992786852947c530678dd4c86a026	strong_d6	strong	6	122880	20480	512	2	2	2	2	2	2	2	8675309	3	scc-md3	Intel(R) Xeon(R) CPU E5-2650 v2 @ 2.60GHz	mata	PASS	0	0	0	166.179	167.92000000000002	331.06	0.956			6.489000000000001	5.314	1.835	1.79	157.226	0.819	60.272	93.92	1.088	52.828	17.078	94.3									1177735168	1177735168	1175805952	29372207596	1748832033	1748832033														6.83129488638e-11	1e-09	11.0	NONE							21.45323541974481	1.329948222992428	-0.0430383533698562	22.69710693599752	3.06131844608e-06	1.16283741948e-06	3.10071238911e-06	6.32367255345e-06	PASS
VCKSS-COMPARATIVE-SCALING-RESULT-V4	first	185	scale_strong_d6_n122880_c2_r2	e1514185445cab36f930c90a44c5a4e23326e027	fbed59bf26bd6cf641bec0946ff6d32cdfe992786852947c530678dd4c86a026	strong_d6	strong	6	122880	20480	512	2	2	2	2	2	2	2	8675309	1	scc-md3	Intel(R) Xeon(R) CPU E5-2650 v2 @ 2.60GHz	rust	PASS	0	0	0	8.712	10.35	19.64	0.918															0.007173011	0.049902978	0.039899703	0.055205086	0.020284645	0.0	7.952321126	8.124786549	467746816	467746816	465719296	29372207596	2290579315	2290579315	1773542568	64469420	2	2	1e-10	1e-06	0.039532434	0.039057049	0.139413879	5.839183175	0.585805077	5418	4817	4.65020685561e-06	1e-05	17.0	CMG_FULL_V2							21.45324419556646	1.329945724148002	-0.0430387187711927	22.69711248217207	3.41566730448e-06	1.17352846776e-06	2.86554235934e-06	5.95789507851e-06	PASS
VCKSS-COMPARATIVE-SCALING-RESULT-V4	first	185	scale_strong_d6_n122880_c2_r2	e1514185445cab36f930c90a44c5a4e23326e027	fbed59bf26bd6cf641bec0946ff6d32cdfe992786852947c530678dd4c86a026	strong_d6	strong	6	122880	20480	512	2	2	2	2	2	2	2	8675309	2	scc-md3	Intel(R) Xeon(R) CPU E5-2650 v2 @ 2.60GHz	matlab	PASS	0	0	0	20.497863	360.36	149.19	3.521163	217.083472	14.397245																					5220876288	5403037696	2074005504	29372207596																				True	12	12	5.2e-11	MAINTAINED_UPSTREAM_INTERNAL	MATLAB_TWISTER_SEED_PLUS_WORKER_INDEX	21.45339868470623	1.3299449805244505	-0.04302871837286203	22.69728622848496					PASS
VCKSS-COMPARATIVE-SCALING-RESULT-V4	first	186	scale_strong_d6_n122880_c2_r3	e1514185445cab36f930c90a44c5a4e23326e027	fbed59bf26bd6cf641bec0946ff6d32cdfe992786852947c530678dd4c86a026	strong_d6	strong	6	122880	20480	512	2	2	2	2	2	2	3	20260819	2	scc-ke1	Intel(R) Xeon(R) Gold 6426Y	mata	PASS	0	0	0	90.876	92.61	183.07999999999998	0.744			2.559	1.851	0.7659999999999999	0.769	87.192	0.475	32.733	53.002	0.6119999999999999	19.984	11.084	60.587									1158381568	1158381568	1158733824	29789893166	1748832021	1748832021														7.236718952e-11	1e-09	11.0	NONE							21.45324135433106	1.329947891403617	-0.0430403361638584	22.69710857340696	3.37692882234e-06	1.13415744534e-06	3.40806646538e-06	6.700465587e-06	PASS
VCKSS-COMPARATIVE-SCALING-RESULT-V4	first	186	scale_strong_d6_n122880_c2_r3	e1514185445cab36f930c90a44c5a4e23326e027	fbed59bf26bd6cf641bec0946ff6d32cdfe992786852947c530678dd4c86a026	strong_d6	strong	6	122880	20480	512	2	2	2	2	2	2	3	20260819	3	scc-ke1	Intel(R) Xeon(R) Gold 6426Y	rust	PASS	0	0	0	5.457	6.93	12.19	0.714															0.003851557	0.034703986	0.029572947	0.030360994	0.011646361	0.0	4.997418438	5.107554283	480157696	480157696	478326784	29789893166	2290579315	2290579315	1773542568	64469420	2	2	1e-10	1e-06	0.024533131	0.022073655	0.093920236	3.786421404	0.328581124	5418	4817	4.74047154025e-06	1e-05	17.0	CMG_FULL_V2							21.45323747272055	1.329946584722838	-0.0430392128467242	22.69710563174993	3.23198579025e-06	1.07565811607e-06	2.94297804171e-06	5.75227811777e-06	PASS
VCKSS-COMPARATIVE-SCALING-RESULT-V4	first	186	scale_strong_d6_n122880_c2_r3	e1514185445cab36f930c90a44c5a4e23326e027	fbed59bf26bd6cf641bec0946ff6d32cdfe992786852947c530678dd4c86a026	strong_d6	strong	6	122880	20480	512	2	2	2	2	2	2	3	20260819	1	scc-ke1	Intel(R) Xeon(R) Gold 6426Y	matlab	PASS	0	0	0	8.664423	114.44	70.11	2.103059	41.371583	4.184551																					5640183808	5651001344	2191003648	29789893166																				True	12	12	5.2e-11	MAINTAINED_UPSTREAM_INTERNAL	MATLAB_TWISTER_SEED_PLUS_WORKER_INDEX	21.453406489544484	1.3299446287055379	-0.04303243351261773	22.697286251224785					PASS
VCKSS-COMPARATIVE-SCALING-RESULT-V4	first	187	scale_strong_d6_n122880_c4_r1	e1514185445cab36f930c90a44c5a4e23326e027	fbed59bf26bd6cf641bec0946ff6d32cdfe992786852947c530678dd4c86a026	strong_d6	strong	6	122880	20480	512	4	4	4	4	4	4	1	104729	1	scc-md8	Intel(R) Xeon(R) CPU E5-2650 v2 @ 2.60GHz	mata	PASS	0	0	0	153.549	157.22	605.6700000000001	2.684			6.591	5.458	1.9	1.985	144.054	0.789	55.751	85.08	0.9390000000000001	55.04799999999999	13.666	79.58200000000001									1202049024	1202049024	1200152576	49942953460	1748831989	1748831989														6.66069838653e-11	1e-09	11.0	NONE							21.45323955815765	1.329945515522064	-0.0430394166931122	22.69710624029349	3.34194005577e-06	1.1729707414e-06	2.8063871925e-06	5.60486757945e-06	PASS
VCKSS-COMPARATIVE-SCALING-RESULT-V4	first	187	scale_strong_d6_n122880_c4_r1	e1514185445cab36f930c90a44c5a4e23326e027	fbed59bf26bd6cf641bec0946ff6d32cdfe992786852947c530678dd4c86a026	strong_d6	strong	6	122880	20480	512	4	4	4	4	4	4	1	104729	2	scc-md8	Intel(R) Xeon(R) CPU E5-2650 v2 @ 2.60GHz	rust	PASS	0	0	0	5.364	6.93	24.090000000000003	0.775															0.007465458	0.053241012	0.042766462	0.05823882	0.020180323	0.0	4.627922767	4.809814842	493207552	493207552	491134976	49942953460	2618757388	2618757388	1777201627	67518636	4	4	1e-10	1e-06	0.043286484	0.038591716	0.088540673	3.279644599	0.315787793	5418	4817	4.75382347367e-06	1e-05	17.0	CMG_FULL_V2							21.45324135064743	1.329946694359502	-0.0430474681678792	22.69709310867118	2.94183654908e-06	1.07364652592e-06	3.08341266812e-06	6.03702199081e-06	PASS
VCKSS-COMPARATIVE-SCALING-RESULT-V4	first	187	scale_strong_d6_n122880_c4_r1	e1514185445cab36f930c90a44c5a4e23326e027	fbed59bf26bd6cf641bec0946ff6d32cdfe992786852947c530678dd4c86a026	strong_d6	strong	6	122880	20480	512	4	4	4	4	4	4	1	104729	3	scc-md8	Intel(R) Xeon(R) CPU E5-2650 v2 @ 2.60GHz	matlab	PASS	0	0	0	17.563334	217.84	226.78	6.486615	82.141652	5.235211																					8826478592	8842936320	2033770496	49942953460																				True	12	12	5.2e-11	MAINTAINED_UPSTREAM_INTERNAL	MATLAB_TWISTER_SEED_PLUS_WORKER_INDEX	21.453398173198007	1.3299458134950628	-0.0430335608272891	22.69727686503849					PASS
VCKSS-COMPARATIVE-SCALING-RESULT-V4	first	188	scale_strong_d6_n122880_c4_r2	e1514185445cab36f930c90a44c5a4e23326e027	fbed59bf26bd6cf641bec0946ff6d32cdfe992786852947c530678dd4c86a026	strong_d6	strong	6	122880	20480	512	4	4	4	4	4	4	2	8675309	3	scc-ne4	Intel(R) Xeon(R) CPU E5-2650 v2 @ 2.60GHz	mata	PASS	0	0	0	153.312	154.79	605.8199999999999	0.746			6.659000000000001	5.467	1.892	1.872	144.136	0.842	55.792	85.185	0.9460000000000002	54.82400000000001	13.613	80.012									1208668160	1208668160	1206730752	49557480145	1748832042	1748832042														6.83129488638e-11	1e-09	11.0	NONE							21.45323541974481	1.329948222992428	-0.0430383533698562	22.69710693599752	3.06131844608e-06	1.16283741948e-06	3.10071238911e-06	6.32367255345e-06	PASS
VCKSS-COMPARATIVE-SCALING-RESULT-V4	first	188	scale_strong_d6_n122880_c4_r2	e1514185445cab36f930c90a44c5a4e23326e027	fbed59bf26bd6cf641bec0946ff6d32cdfe992786852947c530678dd4c86a026	strong_d6	strong	6	122880	20480	512	4	4	4	4	4	4	2	8675309	1	scc-ne4	Intel(R) Xeon(R) CPU E5-2650 v2 @ 2.60GHz	rust	PASS	0	0	0	5.548	9.46	24.64	2.975															0.007274975	0.053032764	0.042191238	0.059921945	0.020264215	0.0	4.525233049	4.707918186	486989824	486989824	485134336	49557480145	2618757388	2618757388	1777201627	67518636	4	4	1e-10	1e-06	0.041926729	0.038056352	0.087933306	3.189393552	0.315039439	5418	4817	4.65020685561e-06	1e-05	17.0	CMG_FULL_V2							21.45324419556646	1.329945724148002	-0.0430387187711927	22.69711248217207	3.41566730448e-06	1.17352846776e-06	2.86554235934e-06	5.95789507851e-06	PASS
VCKSS-COMPARATIVE-SCALING-RESULT-V4	first	188	scale_strong_d6_n122880_c4_r2	e1514185445cab36f930c90a44c5a4e23326e027	fbed59bf26bd6cf641bec0946ff6d32cdfe992786852947c530678dd4c86a026	strong_d6	strong	6	122880	20480	512	4	4	4	4	4	4	2	8675309	2	scc-ne4	Intel(R) Xeon(R) CPU E5-2650 v2 @ 2.60GHz	matlab	PASS	0	0	0	16.307118	213.37	218.93	3.230622	60.247928	4.781269																					8809783296	8826236928	2091577344	49557480145																				True	12	12	5.2e-11	MAINTAINED_UPSTREAM_INTERNAL	MATLAB_TWISTER_SEED_PLUS_WORKER_INDEX	21.45339854392215	1.3299459807990253	-0.043029941799132936	22.69728464112291					PASS
VCKSS-COMPARATIVE-SCALING-RESULT-V4	first	189	scale_strong_d6_n122880_c4_r3	e1514185445cab36f930c90a44c5a4e23326e027	fbed59bf26bd6cf641bec0946ff6d32cdfe992786852947c530678dd4c86a026	strong_d6	strong	6	122880	20480	512	4	4	4	4	4	4	3	20260819	2	scc-sb5	Intel(R) Xeon(R) CPU E5-2650 v2 @ 2.60GHz	mata	PASS	0	0	0	153.78	157.66	606.96	2.807			6.597	5.447	1.896	2.048	144.287	0.8	55.66	85.33	0.9380000000000002	54.806	13.447	80.007									1167405056	1167405056	1183981568	49785113412	1748832035	1748832035														7.236718952e-11	1e-09	11.0	NONE							21.45324135433106	1.329947891403617	-0.0430403361638584	22.69710857340696	3.37692882234e-06	1.13415744534e-06	3.40806646538e-06	6.700465587e-06	PASS
VCKSS-COMPARATIVE-SCALING-RESULT-V4	first	189	scale_strong_d6_n122880_c4_r3	e1514185445cab36f930c90a44c5a4e23326e027	fbed59bf26bd6cf641bec0946ff6d32cdfe992786852947c530678dd4c86a026	strong_d6	strong	6	122880	20480	512	4	4	4	4	4	4	3	20260819	3	scc-sb5	Intel(R) Xeon(R) CPU E5-2650 v2 @ 2.60GHz	rust	PASS	0	0	0	5.392	7.01	24.48	0.864															0.007303153	0.052826897	0.042308718	0.058641918	0.020146029	0.0	4.648499782	4.829726497	498946048	498946048	496992256	49785113412	2618757388	2618757388	1777201627	67518636	4	4	1e-10	1e-06	0.043257594	0.040226508	0.088498365	3.304907089	0.314948495	5418	4817	4.74047154025e-06	1e-05	17.0	CMG_FULL_V2							21.45323747272055	1.329946584722838	-0.0430392128467242	22.69710563174993	3.23198579025e-06	1.07565811607e-06	2.94297804171e-06	5.75227811777e-06	PASS
VCKSS-COMPARATIVE-SCALING-RESULT-V4	first	189	scale_strong_d6_n122880_c4_r3	e1514185445cab36f930c90a44c5a4e23326e027	fbed59bf26bd6cf641bec0946ff6d32cdfe992786852947c530678dd4c86a026	strong_d6	strong	6	122880	20480	512	4	4	4	4	4	4	3	20260819	1	scc-sb5	Intel(R) Xeon(R) CPU E5-2650 v2 @ 2.60GHz	matlab	PASS	0	0	0	17.444282	315.07	228.97	6.48781	82.14883	5.268614																					8843485184	8879820800	2035752960	49785113412																				True	12	12	5.2e-11	MAINTAINED_UPSTREAM_INTERNAL	MATLAB_TWISTER_SEED_PLUS_WORKER_INDEX	21.453408105642527	1.3299452354770485	-0.04303278015873636	22.697287780802103					PASS
VCKSS-COMPARATIVE-SCALING-RESULT-V4	first	190	scale_strong_d6_n122880_c8_r1	e1514185445cab36f930c90a44c5a4e23326e027	fbed59bf26bd6cf641bec0946ff6d32cdfe992786852947c530678dd4c86a026	strong_d6	strong	6	122880	20480	512	8	4	4	4	8	8	1	104729	1	scc-ke3	Intel(R) Xeon(R) Gold 6426Y	mata	PASS	0	0	0	85.861	86.89	259.41	0.634			2.905	2.113	1.013	0.81	81.566	0.497	30.747	49.289	0.586	19.902	10.431	55.47600000000001									1175269376	1175269376	1178664960	89884001829	1748832012	1748832012														6.66069838653e-11	1e-09	11.0	NONE							21.45323955815765	1.329945515522064	-0.0430394166931122	22.69710624029349	3.34194005577e-06	1.1729707414e-06	2.8063871925e-06	5.60486757945e-06	PASS
VCKSS-COMPARATIVE-SCALING-RESULT-V4	first	190	scale_strong_d6_n122880_c8_r1	e1514185445cab36f930c90a44c5a4e23326e027	fbed59bf26bd6cf641bec0946ff6d32cdfe992786852947c530678dd4c86a026	strong_d6	strong	6	122880	20480	512	8	4	8	4	8	8	1	104729	2	scc-ke3	Intel(R) Xeon(R) Gold 6426Y	rust	PASS	0	0	0	2.873	3.7	14.540000000000001	0.45															0.003894334	0.035505396	0.029140408	0.030210828	0.011857176	0.0	2.503864135	2.614472277	506081280	506081280	503943168	89884001829	3275113536	3275113536	1784519745	73617068	8	8	1e-10	1e-06	0.024058892	0.020645332	0.036922232	1.884317347	0.159112977	5418	4817	4.75382347367e-06	1e-05	17.0	CMG_FULL_V2							21.45324135064743	1.329946694359502	-0.0430474681678792	22.69709310867118	2.94183654908e-06	1.07364652592e-06	3.08341266812e-06	6.03702199081e-06	PASS
VCKSS-COMPARATIVE-SCALING-RESULT-V4	first	190	scale_strong_d6_n122880_c8_r1	e1514185445cab36f930c90a44c5a4e23326e027	fbed59bf26bd6cf641bec0946ff6d32cdfe992786852947c530678dd4c86a026	strong_d6	strong	6	122880	20480	512	8	4	8	4	8	8	1	104729	3	scc-ke3	Intel(R) Xeon(R) Gold 6426Y	matlab	PASS	0	0	0	4.757915	163.12	220.07	2.053616	91.73949	4.455477																					15894355968	15934926848	2241069056	89884001829																				True	12	12	5.2e-11	MAINTAINED_UPSTREAM_INTERNAL	MATLAB_TWISTER_SEED_PLUS_WORKER_INDEX	21.45339963190803	1.3299459128842643	-0.04303147471462092	22.697282595363053					PASS
VCKSS-COMPARATIVE-SCALING-RESULT-V4	first	191	scale_strong_d6_n122880_c8_r2	e1514185445cab36f930c90a44c5a4e23326e027	fbed59bf26bd6cf641bec0946ff6d32cdfe992786852947c530678dd4c86a026	strong_d6	strong	6	122880	20480	512	8	4	4	4	8	8	2	8675309	3	scc-mb6	Intel(R) Xeon(R) CPU E5-2650 v2 @ 2.60GHz	mata	PASS	0	0	0	153.074	154.81	605.07	0.813			6.573	5.46	1.901	1.857	143.974	0.784	55.873	85.02	0.9380000000000001	55.077	13.093	79.659									1213116416	1213116416	1211142144	89452357616	1748832044	1748832044														6.83129488638e-11	1e-09	11.0	NONE							21.45323541974481	1.329948222992428	-0.0430383533698562	22.69710693599752	3.06131844608e-06	1.16283741948e-06	3.10071238911e-06	6.32367255345e-06	PASS
VCKSS-COMPARATIVE-SCALING-RESULT-V4	first	191	scale_strong_d6_n122880_c8_r2	e1514185445cab36f930c90a44c5a4e23326e027	fbed59bf26bd6cf641bec0946ff6d32cdfe992786852947c530678dd4c86a026	strong_d6	strong	6	122880	20480	512	8	4	8	4	8	8	2	8675309	1	scc-mb6	Intel(R) Xeon(R) CPU E5-2650 v2 @ 2.60GHz	rust	PASS	0	0	0	3.757	7.29	24.82	2.642															0.007444019	0.053067455	0.042831312	0.059898201	0.019817015	0.0	2.621234037	2.804292039	513748992	513748992	512077824	89452357616	3275113536	3275113536	1784519745	73617068	8	8	1e-10	1e-06	0.042653423	0.0359613	0.063523129	1.701685849	0.164331672	5418	4817	4.65020685561e-06	1e-05	17.0	CMG_FULL_V2							21.45324419556646	1.329945724148002	-0.0430387187711927	22.69711248217207	3.41566730448e-06	1.17352846776e-06	2.86554235934e-06	5.95789507851e-06	PASS
VCKSS-COMPARATIVE-SCALING-RESULT-V4	first	191	scale_strong_d6_n122880_c8_r2	e1514185445cab36f930c90a44c5a4e23326e027	fbed59bf26bd6cf641bec0946ff6d32cdfe992786852947c530678dd4c86a026	strong_d6	strong	6	122880	20480	512	8	4	8	4	8	8	2	8675309	2	scc-mb6	Intel(R) Xeon(R) CPU E5-2650 v2 @ 2.60GHz	matlab	PASS	0	0	0	14.400429	254.57	382.9	6.206346	67.190358	5.15905																					15601684480	15642439680	2161934336	89452357616																				True	12	12	5.2e-11	MAINTAINED_UPSTREAM_INTERNAL	MATLAB_TWISTER_SEED_PLUS_WORKER_INDEX	21.453398796280545	1.3299459746055087	-0.04303000894121402	22.697284753003625					PASS
VCKSS-COMPARATIVE-SCALING-RESULT-V4	first	192	scale_strong_d6_n122880_c8_r3	e1514185445cab36f930c90a44c5a4e23326e027	fbed59bf26bd6cf641bec0946ff6d32cdfe992786852947c530678dd4c86a026	strong_d6	strong	6	122880	20480	512	8	4	4	4	8	8	3	20260819	2	scc-ke1	Intel(R) Xeon(R) Gold 6426Y	mata	PASS	0	0	0	81.048	82.15	325.90000000000003	0.554			2.809	2.125	0.864	0.873	76.996	0.491	28.964	46.423	0.5239999999999999	21.931	8.345999999999998	49.10999999999999									1186480128	1186480128	1186758656	89398670525	1748832021	1748832021														7.236718952e-11	1e-09	11.0	NONE							21.45324135433106	1.329947891403617	-0.0430403361638584	22.69710857340696	3.37692882234e-06	1.13415744534e-06	3.40806646538e-06	6.700465587e-06	PASS
VCKSS-COMPARATIVE-SCALING-RESULT-V4	first	192	scale_strong_d6_n122880_c8_r3	e1514185445cab36f930c90a44c5a4e23326e027	fbed59bf26bd6cf641bec0946ff6d32cdfe992786852947c530678dd4c86a026	strong_d6	strong	6	122880	20480	512	8	4	8	4	8	8	3	20260819	3	scc-ke1	Intel(R) Xeon(R) Gold 6426Y	rust	PASS	0	0	0	2.134	2.96	15.15	0.428															0.003777694	0.037124787	0.030226519	0.032111894	0.011568048	0.0	1.752120277	1.866929219	508522496	508522496	506630144	89398670525	3275113536	3275113536	1784519745	73617068	8	8	1e-10	1e-06	0.025452429	0.020104905	0.049491924	1.21525927	0.097172697	5418	4817	4.74047154025e-06	1e-05	17.0	CMG_FULL_V2							21.45323747272055	1.329946584722838	-0.0430392128467242	22.69710563174993	3.23198579025e-06	1.07565811607e-06	2.94297804171e-06	5.75227811777e-06	PASS
VCKSS-COMPARATIVE-SCALING-RESULT-V4	first	192	scale_strong_d6_n122880_c8_r3	e1514185445cab36f930c90a44c5a4e23326e027	fbed59bf26bd6cf641bec0946ff6d32cdfe992786852947c530678dd4c86a026	strong_d6	strong	6	122880	20480	512	8	4	8	4	8	8	3	20260819	1	scc-ke1	Intel(R) Xeon(R) Gold 6426Y	matlab	PASS	0	0	0	4.766759	120.32	203.05	1.945804	38.263802	4.419803																					15916863488	15940820992	2233733120	89398670525																				True	12	12	5.2e-11	MAINTAINED_UPSTREAM_INTERNAL	MATLAB_TWISTER_SEED_PLUS_WORKER_INDEX	21.453403409804366	1.329945199893218	-0.04303291509346146	22.69728277951066					PASS
VCKSS-COMPARATIVE-SCALING-RESULT-V4	first	193	scale_strong_d6_n122880_c16_r1	e1514185445cab36f930c90a44c5a4e23326e027	fbed59bf26bd6cf641bec0946ff6d32cdfe992786852947c530678dd4c86a026	strong_d6	strong	6	122880	20480	512	16	4	4	4	16	16	1	104729	1	scc-md7	Intel(R) Xeon(R) CPU E5-2650 v2 @ 2.60GHz	mata	PASS	0	0	0	153.914	155.41	608.2800000000001	0.777			6.67	5.465	1.9	1.963	144.708	0.794	56.023	85.477	0.9430000000000001	55.163	13.438	80.14200000000001									1193742336	1193742336	1202577408	176980569883	1748832017	1748832017														6.66069838653e-11	1e-09	11.0	NONE							21.45323955815765	1.329945515522064	-0.0430394166931122	22.69710624029349	3.34194005577e-06	1.1729707414e-06	2.8063871925e-06	5.60486757945e-06	PASS
VCKSS-COMPARATIVE-SCALING-RESULT-V4	first	193	scale_strong_d6_n122880_c16_r1	e1514185445cab36f930c90a44c5a4e23326e027	fbed59bf26bd6cf641bec0946ff6d32cdfe992786852947c530678dd4c86a026	strong_d6	strong	6	122880	20480	512	16	4	16	4	16	16	1	104729	2	scc-md7	Intel(R) Xeon(R) CPU E5-2650 v2 @ 2.60GHz	rust	PASS	0	0	0	2.441	3.9	25.25	0.612															0.008061084	0.049138064	0.038366767	0.053246211	0.019586885	0.0	1.708993629	1.87739264	551874560	551874560	551915520	176980569883	4587825830	4587825830	1799155982	85813932	16	16	1e-10	1e-06	0.04020155	0.036053234	0.052779079	0.974152522	0.099767968	5418	4817	4.75382347367e-06	1e-05	17.0	CMG_FULL_V2							21.45324135064743	1.329946694359502	-0.0430474681678792	22.69709310867118	2.94183654908e-06	1.07364652592e-06	3.08341266812e-06	6.03702199081e-06	PASS
VCKSS-COMPARATIVE-SCALING-RESULT-V4	first	193	scale_strong_d6_n122880_c16_r1	e1514185445cab36f930c90a44c5a4e23326e027	fbed59bf26bd6cf641bec0946ff6d32cdfe992786852947c530678dd4c86a026	strong_d6	strong	6	122880	20480	512	16	4	16	4	16	16	1	104729	3	scc-md7	Intel(R) Xeon(R) CPU E5-2650 v2 @ 2.60GHz	matlab	PASS	0	0	0	13.269387	290.64	753.8199999999999	3.764379	192.923144	5.684788																					29287510016	29391708160	2339151872	176980569883																				True	12	12	5.2e-11	MAINTAINED_UPSTREAM_INTERNAL	MATLAB_TWISTER_SEED_PLUS_WORKER_INDEX	21.45340382087606	1.3299457230070586	-0.04303216838370248	22.697285207115712					PASS
VCKSS-COMPARATIVE-SCALING-RESULT-V4	first	194	scale_strong_d6_n122880_c16_r2	e1514185445cab36f930c90a44c5a4e23326e027	fbed59bf26bd6cf641bec0946ff6d32cdfe992786852947c530678dd4c86a026	strong_d6	strong	6	122880	20480	512	16	4	4	4	16	16	2	8675309	3	scc-sb8	Intel(R) Xeon(R) CPU E5-2650 v2 @ 2.60GHz	mata	PASS	0	0	0	153.606	155.34	607.1999999999999	0.838			6.628	5.456	1.905	2.047	144.466	0.653	55.792	85.532	0.9410000000000001	55.111	13.478	79.861									1199460352	1199460352	1197715456	176194590868	1748832015	1748832015														6.83129488638e-11	1e-09	11.0	NONE							21.45323541974481	1.329948222992428	-0.0430383533698562	22.69710693599752	3.06131844608e-06	1.16283741948e-06	3.10071238911e-06	6.32367255345e-06	PASS
VCKSS-COMPARATIVE-SCALING-RESULT-V4	first	194	scale_strong_d6_n122880_c16_r2	e1514185445cab36f930c90a44c5a4e23326e027	fbed59bf26bd6cf641bec0946ff6d32cdfe992786852947c530678dd4c86a026	strong_d6	strong	6	122880	20480	512	16	4	16	4	16	16	2	8675309	1	scc-sb8	Intel(R) Xeon(R) CPU E5-2650 v2 @ 2.60GHz	rust	PASS	0	0	0	2.361	3.71	24.93	0.663															0.008239582	0.049424366	0.039515909	0.054931908	0.019106806	0.0	1.63082504	1.802043611	554029056	554029056	554434560	176194590868	4587825830	4587825830	1799155982	85813932	16	16	1e-10	1e-06	0.039712202	0.034450584	0.048856553	0.900634793	0.095735112	5418	4817	4.65020685561e-06	1e-05	17.0	CMG_FULL_V2							21.45324419556646	1.329945724148002	-0.0430387187711927	22.69711248217207	3.41566730448e-06	1.17352846776e-06	2.86554235934e-06	5.95789507851e-06	PASS
VCKSS-COMPARATIVE-SCALING-RESULT-V4	first	194	scale_strong_d6_n122880_c16_r2	e1514185445cab36f930c90a44c5a4e23326e027	fbed59bf26bd6cf641bec0946ff6d32cdfe992786852947c530678dd4c86a026	strong_d6	strong	6	122880	20480	512	16	4	16	4	16	16	2	8675309	2	scc-sb8	Intel(R) Xeon(R) CPU E5-2650 v2 @ 2.60GHz	matlab	PASS	0	0	0	14.106186	439.69	771.23	3.710629	294.055555	5.711248																					29483982848	29579341824	2379452416	176194590868																				True	12	12	5.2e-11	MAINTAINED_UPSTREAM_INTERNAL	MATLAB_TWISTER_SEED_PLUS_WORKER_INDEX	21.453397940763644	1.3299457759752504	-0.04303003537363089	22.697283645991632					PASS
VCKSS-COMPARATIVE-SCALING-RESULT-V4	first	195	scale_strong_d6_n122880_c16_r3	e1514185445cab36f930c90a44c5a4e23326e027	fbed59bf26bd6cf641bec0946ff6d32cdfe992786852947c530678dd4c86a026	strong_d6	strong	6	122880	20480	512	16	4	4	4	16	16	3	20260819	2	scc-na2	Intel(R) Xeon(R) CPU E5-2650 v2 @ 2.60GHz	mata	PASS	0	0	0	154.925	157.02	612.7299999999999	0.844			6.517	5.429	1.896	1.832	145.892	0.77	56.795	86.051	0.9410000000000001	55.75399999999999	13.417	80.73599999999999									1206018048	1206018048	1204436992	176008833532	1748832044	1748832044														7.236718952e-11	1e-09	11.0	NONE							21.45324135433106	1.329947891403617	-0.0430403361638584	22.69710857340696	3.37692882234e-06	1.13415744534e-06	3.40806646538e-06	6.700465587e-06	PASS
VCKSS-COMPARATIVE-SCALING-RESULT-V4	first	195	scale_strong_d6_n122880_c16_r3	e1514185445cab36f930c90a44c5a4e23326e027	fbed59bf26bd6cf641bec0946ff6d32cdfe992786852947c530678dd4c86a026	strong_d6	strong	6	122880	20480	512	16	4	16	4	16	16	3	20260819	3	scc-na2	Intel(R) Xeon(R) CPU E5-2650 v2 @ 2.60GHz	rust	PASS	0	0	0	2.378	5.03	24.919999999999998	0.599															0.00699955	0.05065861	0.038808113	0.052546576	0.019165214	0.0	1.676866216	1.845044279	548741120	548741120	547057664	176008833532	4587825830	4587825830	1799155982	85813932	16	16	1e-10	1e-06	0.040921681	0.035547372	0.054121235	0.939919892	0.093990073	5418	4817	4.74047154025e-06	1e-05	17.0	CMG_FULL_V2							21.45323747272055	1.329946584722838	-0.0430392128467242	22.69710563174993	3.23198579025e-06	1.07565811607e-06	2.94297804171e-06	5.75227811777e-06	PASS
VCKSS-COMPARATIVE-SCALING-RESULT-V4	first	195	scale_strong_d6_n122880_c16_r3	e1514185445cab36f930c90a44c5a4e23326e027	fbed59bf26bd6cf641bec0946ff6d32cdfe992786852947c530678dd4c86a026	strong_d6	strong	6	122880	20480	512	16	4	16	4	16	16	3	20260819	1	scc-na2	Intel(R) Xeon(R) CPU E5-2650 v2 @ 2.60GHz	matlab	PASS	0	0	0	13.380647	517.57	787.33	4.012651	249.921423	5.90384																					29346304000	29384351744	2295083008	176008833532																				True	12	12	5.2e-11	MAINTAINED_UPSTREAM_INTERNAL	MATLAB_TWISTER_SEED_PLUS_WORKER_INDEX	21.453403028994067	1.329945228367747	-0.04303355333382468	22.697281150694167					PASS
VCKSS-COMPARATIVE-SCALING-RESULT-V4	repair-full	196	scale_strong_d6_n491520_c1_r1	ca162022833c3d6e6906c11cf4860baf0d52fd86	02d6eb6ffc96e0eb7eea1252605663e3e206c6ce177f3cf7f0e860c2b25f40f9	strong_d6	strong	6	491520	81920	2048	1	1	1	1	1	1	1	104729	1	scc-pf4	Intel(R) Xeon(R) CPU E5-2650 v2 @ 2.60GHz	mata	PASS	0	0	0	957.449	961.6	958.94	1.804			24.56	21.1	7.428	8.256	924.438	3.266	350.101	561.047	5.676	210.758	116.719	661.4590000000001									3730284544	3730284544	3782361088	19288698127	3096651352	3096651352														9.88185233462e-11	1e-09	12.0	NONE							21.48669303814127	1.324892202299156	-0.0192419777496239	22.77310128494117	1.67179226287e-06	4.49659246661e-07	1.45651720664e-06	2.82049882383e-06	PASS
VCKSS-COMPARATIVE-SCALING-RESULT-V4	repair-full	196	scale_strong_d6_n491520_c1_r1	ca162022833c3d6e6906c11cf4860baf0d52fd86	02d6eb6ffc96e0eb7eea1252605663e3e206c6ce177f3cf7f0e860c2b25f40f9	strong_d6	strong	6	491520	81920	2048	1	1	1	1	1	1	1	104729	2	scc-pf4	Intel(R) Xeon(R) CPU E5-2650 v2 @ 2.60GHz	rust	PASS	0	0	0	72.976	77.25	76.89999999999999	1.832															0.028478351	0.217506064	0.184919537	0.237518746	0.084518473	0.0	71.01385531	71.766796481	1377943552	1377943552	1388978176	19288698127	6693229017	6693229017	5267417491	245538416	1	1	1e-10	1e-06	0.19609051	0.133060363	0.966087949	55.666657472	4.775998681	5419	4818	8.3204653649e-06	1e-05	18.0	CMG_FULL_V2							21.48669068317691	1.324892395002345	-0.0192397030692096	22.77310367204083	1.64770837146e-06	4.22994231855e-07	1.45423512995e-06	2.96567412956e-06	PASS
VCKSS-COMPARATIVE-SCALING-RESULT-V4	repair-full	196	scale_strong_d6_n491520_c1_r1	ca162022833c3d6e6906c11cf4860baf0d52fd86	02d6eb6ffc96e0eb7eea1252605663e3e206c6ce177f3cf7f0e860c2b25f40f9	strong_d6	strong	6	491520	81920	2048	1	1	1	1	1	1	1	104729	3	scc-pf4	Intel(R) Xeon(R) CPU E5-2650 v2 @ 2.60GHz	matlab	PASS	0	0	0	157.808918	372.17	233.01999999999998	5.704577	140.352017	4.705264																					3946729472	3946729472	2270543872	19288698127																				True	14	14	7.5e-11	MAINTAINED_UPSTREAM_INTERNAL	MATLAB_TWISTER_SEED_PLUS_WORKER_INDEX	21.486722412969794	1.324880199857675	-0.019226918748660678	22.773148775330146					PASS
VCKSS-COMPARATIVE-SCALING-RESULT-V4	repair-full	197	scale_strong_d6_n491520_c1_r2	ca162022833c3d6e6906c11cf4860baf0d52fd86	02d6eb6ffc96e0eb7eea1252605663e3e206c6ce177f3cf7f0e860c2b25f40f9	strong_d6	strong	6	491520	81920	2048	1	1	1	1	1	1	2	8675309	3	scc-pg1	Intel(R) Xeon(R) CPU E5-2650 v2 @ 2.60GHz	mata	PASS	0	0	0	963.288	967.55	964.65	1.833			24.592	21.068	7.414000000000001	8.257	930.259	3.675	351.909	564.645	5.769	210.8510000000001	117.326	667.145									3728523264	3728523264	3726655488	19339163993	3096651392	3096651392														6.41328587682e-11	1e-09	12.0	NONE							21.48668982700787	1.324892110517631	-0.0192377758513093	22.77310638582288	1.55469506795e-06	4.4878289235e-07	1.58025642382e-06	3.06733830507e-06	PASS
VCKSS-COMPARATIVE-SCALING-RESULT-V4	repair-full	197	scale_strong_d6_n491520_c1_r2	ca162022833c3d6e6906c11cf4860baf0d52fd86	02d6eb6ffc96e0eb7eea1252605663e3e206c6ce177f3cf7f0e860c2b25f40f9	strong_d6	strong	6	491520	81920	2048	1	1	1	1	1	1	2	8675309	1	scc-pg1	Intel(R) Xeon(R) CPU E5-2650 v2 @ 2.60GHz	rust	PASS	0	0	0	70.42	74.57	74.28999999999999	1.815															0.027057788	0.218466526	0.179482928	0.227894596	0.090646248	0.0	68.461908961	69.205457047	1387384832	1387384832	1387569152	19339163993	6693229017	6693229017	5267417491	245538416	1	1	1e-10	1e-06	0.190915398	0.133213233	0.94757353	53.40740016	4.681741682	5419	4818	8.12589187417e-06	1e-05	18.0	CMG_FULL_V2							21.48669492887366	1.324891966431987	-0.0192404674443451	22.77310596041695	1.53691073855e-06	4.75089712139e-07	1.64503814349e-06	3.14185564501e-06	PASS
VCKSS-COMPARATIVE-SCALING-RESULT-V4	repair-full	197	scale_strong_d6_n491520_c1_r2	ca162022833c3d6e6906c11cf4860baf0d52fd86	02d6eb6ffc96e0eb7eea1252605663e3e206c6ce177f3cf7f0e860c2b25f40f9	strong_d6	strong	6	491520	81920	2048	1	1	1	1	1	1	2	8675309	2	scc-pg1	Intel(R) Xeon(R) CPU E5-2650 v2 @ 2.60GHz	matlab	PASS	0	0	0	160.035209	293.88	231.48	4.104626	46.550651	4.021407																					3873759232	3873759232	2196725760	19339163993																				True	14	14	7.5e-11	MAINTAINED_UPSTREAM_INTERNAL	MATLAB_TWISTER_SEED_PLUS_WORKER_INDEX	21.48672075169575	1.3248801500135405	-0.019228694081313304	22.773143513546664					PASS
VCKSS-COMPARATIVE-SCALING-RESULT-V4	repair-full	198	scale_strong_d6_n491520_c1_r3	ca162022833c3d6e6906c11cf4860baf0d52fd86	02d6eb6ffc96e0eb7eea1252605663e3e206c6ce177f3cf7f0e860c2b25f40f9	strong_d6	strong	6	491520	81920	2048	1	1	1	1	1	1	3	20260819	2	scc-ke1	Intel(R) Xeon(R) Gold 6426Y	mata	PASS	0	0	0	501.04	503.13	501.70000000000005	0.937			9.267	7.485	3.276	3.873	487.897	2.088	183.993	297.014	2.914	80.921	64.165	376.445									3732234240	3732234240	3730583552	19291919352	3096651440	3096651440														9.63198276001e-11	1e-09	12.0	NONE							21.48669011656581	1.324891712041954	-0.0192367222791492	22.77310838404947	1.69698240575e-06	4.43357749554e-07	1.56194608604e-06	2.82989160047e-06	PASS
VCKSS-COMPARATIVE-SCALING-RESULT-V4	repair-full	198	scale_strong_d6_n491520_c1_r3	ca162022833c3d6e6906c11cf4860baf0d52fd86	02d6eb6ffc96e0eb7eea1252605663e3e206c6ce177f3cf7f0e860c2b25f40f9	strong_d6	strong	6	491520	81920	2048	1	1	1	1	1	1	3	20260819	3	scc-ke1	Intel(R) Xeon(R) Gold 6426Y	rust	PASS	0	0	0	41.61	43.92	43.339999999999996	0.957															0.014923236	0.143380135	0.115945554	0.125351258	0.049855077	0.0	40.595205442	41.044660702	1388597248	1388597248	1398775808	19291919352	6693229017	6693229017	5267417491	245538416	1	1	1e-10	1e-06	0.109689973	0.06702658	0.476089716	33.138486414	2.385844603	5419	4818	7.95645406614e-06	1e-05	18.0	CMG_FULL_V2							21.48669228094262	1.324891321038418	-0.0192414370766293	22.77310072782778	1.6561821434e-06	4.81639760472e-07	1.59195547093e-06	3.15551955692e-06	PASS
VCKSS-COMPARATIVE-SCALING-RESULT-V4	repair-full	198	scale_strong_d6_n491520_c1_r3	ca162022833c3d6e6906c11cf4860baf0d52fd86	02d6eb6ffc96e0eb7eea1252605663e3e206c6ce177f3cf7f0e860c2b25f40f9	strong_d6	strong	6	491520	81920	2048	1	1	1	1	1	1	3	20260819	1	scc-ke1	Intel(R) Xeon(R) Gold 6426Y	matlab	PASS	0	0	0	84.700287	136.24	115.39	2.501487	15.631733	2.878211																					3867787264	3867787264	2225291264	19291919352																				True	14	14	7.5e-11	MAINTAINED_UPSTREAM_INTERNAL	MATLAB_TWISTER_SEED_PLUS_WORKER_INDEX	21.486721057863118	1.324880211609711	-0.019227721080789625	22.77314582731125					PASS
VCKSS-COMPARATIVE-SCALING-RESULT-V4	first	199	scale_strong_d6_n491520_c2_r1	e1514185445cab36f930c90a44c5a4e23326e027	fbed59bf26bd6cf641bec0946ff6d32cdfe992786852947c530678dd4c86a026	strong_d6	strong	6	491520	81920	2048	2	2	2	2	2	2	1	104729	1	scc-ke1	Intel(R) Xeon(R) Gold 6426Y	mata	PASS	0	0	0	439.998	442.57	871.53	1.391			10.261	8.248	3.593	4.328	425.463	2.184	165.812	252.071	2.378	84.705	50.166	311.902									3522539520	3522539520	3525865472	30268782019	3096651311	3096651311														9.88185253048e-11	1e-09	12.0	NONE							21.48669303814127	1.324892202299156	-0.0192419777496239	22.77310128494117	1.67179226287e-06	4.49659246661e-07	1.45651720664e-06	2.82049882383e-06	PASS
VCKSS-COMPARATIVE-SCALING-RESULT-V4	first	199	scale_strong_d6_n491520_c2_r1	e1514185445cab36f930c90a44c5a4e23326e027	fbed59bf26bd6cf641bec0946ff6d32cdfe992786852947c530678dd4c86a026	strong_d6	strong	6	491520	81920	2048	2	2	2	2	2	2	1	104729	2	scc-ke1	Intel(R) Xeon(R) Gold 6426Y	rust	PASS	0	0	0	28.44	31.36	59.120000000000005	1.537															0.015082639	0.149733346	0.137710179	0.131377208	0.047130282	0.0	27.391996686	27.87303034	1032617984	1032617984	1030742016	30268782019	7350371596	7350371596	5298789216	271681520	2	2	1e-10	1e-06	0.14255825	0.096032373	0.4126994	22.592388341	1.387221877	5419	4818	8.3204653649e-06	1e-05	18.0	CMG_FULL_V2							21.48669068317691	1.324892395002345	-0.0192397030692096	22.77310367204083	1.64770837146e-06	4.22994231855e-07	1.45423512995e-06	2.96567412956e-06	PASS
VCKSS-COMPARATIVE-SCALING-RESULT-V4	first	199	scale_strong_d6_n491520_c2_r1	e1514185445cab36f930c90a44c5a4e23326e027	fbed59bf26bd6cf641bec0946ff6d32cdfe992786852947c530678dd4c86a026	strong_d6	strong	6	491520	81920	2048	2	2	2	2	2	2	1	104729	3	scc-ke1	Intel(R) Xeon(R) Gold 6426Y	matlab	PASS	0	0	0	51.68865	272.98	154.55	2.332891	97.155741	4.44857																					6157082624	6157082624	2469179392	30268782019																				True	14	14	7.5e-11	MAINTAINED_UPSTREAM_INTERNAL	MATLAB_TWISTER_SEED_PLUS_WORKER_INDEX	21.486721317455405	1.3248801345541772	-0.01922780941793294	22.773145833173718					PASS
VCKSS-COMPARATIVE-SCALING-RESULT-V4	first	200	scale_strong_d6_n491520_c2_r2	e1514185445cab36f930c90a44c5a4e23326e027	fbed59bf26bd6cf641bec0946ff6d32cdfe992786852947c530678dd4c86a026	strong_d6	strong	6	491520	81920	2048	2	2	2	2	2	2	2	8675309	3	scc-mh4	Intel(R) Xeon(R) CPU E5-2650 v2 @ 2.60GHz	mata	PASS	0	0	0	792.377	796.68	1542.38	1.854			24.313	21.357	7.439	8.402	759.595	3.337	295.577	450.489	4.388	211.302	82.502	504.834									3446104064	3446104064	3444244480	30530775024	3096651329	3096651329														6.41328568508e-11	1e-09	12.0	NONE							21.48668982700787	1.324892110517631	-0.0192377758513093	22.77310638582288	1.55469506795e-06	4.4878289235e-07	1.58025642382e-06	3.06733830507e-06	PASS
VCKSS-COMPARATIVE-SCALING-RESULT-V4	first	200	scale_strong_d6_n491520_c2_r2	e1514185445cab36f930c90a44c5a4e23326e027	fbed59bf26bd6cf641bec0946ff6d32cdfe992786852947c530678dd4c86a026	strong_d6	strong	6	491520	81920	2048	2	2	2	2	2	2	2	8675309	1	scc-mh4	Intel(R) Xeon(R) CPU E5-2650 v2 @ 2.60GHz	rust	PASS	0	0	0	39.32	43.57	82.53	1.925															0.026702743	0.222172124	0.185756883	0.229032646	0.084401282	0.0	37.598080577	38.346146255	1053274112	1053274112	1051324416	30530775024	7350371596	7350371596	5298789216	271681520	2	2	1e-10	1e-06	0.192442333	0.159928539	0.548188581	29.106040799	2.382976127	5419	4818	8.12589187417e-06	1e-05	18.0	CMG_FULL_V2							21.48669492887366	1.324891966431987	-0.0192404674443451	22.77310596041695	1.53691073855e-06	4.75089712139e-07	1.64503814349e-06	3.14185564501e-06	PASS
VCKSS-COMPARATIVE-SCALING-RESULT-V4	first	200	scale_strong_d6_n491520_c2_r2	e1514185445cab36f930c90a44c5a4e23326e027	fbed59bf26bd6cf641bec0946ff6d32cdfe992786852947c530678dd4c86a026	strong_d6	strong	6	491520	81920	2048	2	2	2	2	2	2	2	8675309	2	scc-mh4	Intel(R) Xeon(R) CPU E5-2650 v2 @ 2.60GHz	matlab	PASS	0	0	0	100.307787	310.17	279.57	4.736671	79.824058	5.267191																					6107947008	6107947008	2456461312	30530775024																				True	14	14	7.5e-11	MAINTAINED_UPSTREAM_INTERNAL	MATLAB_TWISTER_SEED_PLUS_WORKER_INDEX	21.486718882942938	1.3248802471854522	-0.0192272650484988	22.77314460003139					PASS
VCKSS-COMPARATIVE-SCALING-RESULT-V4	first	201	scale_strong_d6_n491520_c2_r3	e1514185445cab36f930c90a44c5a4e23326e027	fbed59bf26bd6cf641bec0946ff6d32cdfe992786852947c530678dd4c86a026	strong_d6	strong	6	491520	81920	2048	2	2	2	2	2	2	3	20260819	2	scc-tg1	Intel(R) Xeon(R) CPU E5-2660 v3 @ 2.60GHz	mata	PASS	0	0	0	726.28	731.55	1431.65	2.736			21.216	18.006	6.627	7.439	697.392	2.857	272.07	413.268	3.927999999999999	187.135	76.803	468.334									3375198208	3375198208	3380097024	30210799961	3096651337	3096651337														9.63198332357e-11	1e-09	12.0	NONE							21.48669011656581	1.324891712041954	-0.0192367222791492	22.77310838404947	1.69698240575e-06	4.43357749554e-07	1.56194608604e-06	2.82989160047e-06	PASS
VCKSS-COMPARATIVE-SCALING-RESULT-V4	first	201	scale_strong_d6_n491520_c2_r3	e1514185445cab36f930c90a44c5a4e23326e027	fbed59bf26bd6cf641bec0946ff6d32cdfe992786852947c530678dd4c86a026	strong_d6	strong	6	491520	81920	2048	2	2	2	2	2	2	3	20260819	3	scc-tg1	Intel(R) Xeon(R) CPU E5-2660 v3 @ 2.60GHz	rust	PASS	0	0	0	49.519	54.68	100.74	2.632															0.026432565	0.223662955	0.222425836	0.237325896	0.084400346	0.0	47.609842948	48.404090546	1047879680	1047879680	1045872640	30210799961	7350371596	7350371596	5298789216	271681520	2	2	1e-10	1e-06	0.226629409	0.172925775	0.712935867	37.773739218	2.878103354	5419	4818	7.95645406614e-06	1e-05	18.0	CMG_FULL_V2							21.48669228094262	1.324891321038418	-0.0192414370766293	22.77310072782778	1.6561821434e-06	4.81639760472e-07	1.59195547093e-06	3.15551955692e-06	PASS
VCKSS-COMPARATIVE-SCALING-RESULT-V4	first	201	scale_strong_d6_n491520_c2_r3	e1514185445cab36f930c90a44c5a4e23326e027	fbed59bf26bd6cf641bec0946ff6d32cdfe992786852947c530678dd4c86a026	strong_d6	strong	6	491520	81920	2048	2	2	2	2	2	2	3	20260819	1	scc-tg1	Intel(R) Xeon(R) CPU E5-2660 v3 @ 2.60GHz	matlab	PASS	0	0	0	99.721593	284.45	302.99	3.822114	63.642403	6.289122																					6100779008	6100779008	2554892288	30210799961																				True	14	14	7.5e-11	MAINTAINED_UPSTREAM_INTERNAL	MATLAB_TWISTER_SEED_PLUS_WORKER_INDEX	21.486719512942962	1.3248802210282768	-0.019228145356217374	22.773143443258803					PASS
VCKSS-COMPARATIVE-SCALING-RESULT-V4	first	202	scale_strong_d6_n491520_c4_r1	e1514185445cab36f930c90a44c5a4e23326e027	fbed59bf26bd6cf641bec0946ff6d32cdfe992786852947c530678dd4c86a026	strong_d6	strong	6	491520	81920	2048	4	4	4	4	4	4	1	104729	1	scc-ke3	Intel(R) Xeon(R) Gold 6426Y	mata	PASS	0	0	0	368.766	370.9	1448.77	1.0			9.366	7.687	3.345	4.236	355.413	2.066	136.635	211.498	1.951	78.326	38.359	251.908									3395047424	3395047424	3393912832	50251117364	3096651306	3096651306														9.8818526855e-11	1e-09	12.0	NONE							21.48669303814127	1.324892202299156	-0.0192419777496239	22.77310128494117	1.67179226287e-06	4.49659246661e-07	1.45651720664e-06	2.82049882383e-06	PASS
VCKSS-COMPARATIVE-SCALING-RESULT-V4	first	202	scale_strong_d6_n491520_c4_r1	e1514185445cab36f930c90a44c5a4e23326e027	fbed59bf26bd6cf641bec0946ff6d32cdfe992786852947c530678dd4c86a026	strong_d6	strong	6	491520	81920	2048	4	4	4	4	4	4	1	104729	2	scc-ke3	Intel(R) Xeon(R) Gold 6426Y	rust	PASS	0	0	0	14.375	16.64	57.74	1.01															0.015503469	0.157733657	0.141135881	0.133234243	0.050593955	0.0	13.41281226	13.911013465	1097760768	1097760768	1095815168	50251117364	8663083891	8663083891	5313473260	283918224	4	4	1e-10	1e-06	0.141566214	0.084463088	0.182883965	10.654999415	0.694243758	5419	4818	8.3204653649e-06	1e-05	18.0	CMG_FULL_V2							21.48669068317691	1.324892395002345	-0.0192397030692096	22.77310367204083	1.64770837146e-06	4.22994231855e-07	1.45423512995e-06	2.96567412956e-06	PASS
VCKSS-COMPARATIVE-SCALING-RESULT-V4	first	202	scale_strong_d6_n491520_c4_r1	e1514185445cab36f930c90a44c5a4e23326e027	fbed59bf26bd6cf641bec0946ff6d32cdfe992786852947c530678dd4c86a026	strong_d6	strong	6	491520	81920	2048	4	4	4	4	4	4	1	104729	3	scc-ke3	Intel(R) Xeon(R) Gold 6426Y	matlab	PASS	0	0	0	31.244359	209.46	204.47	2.605136	35.782574	4.392613																					10224799744	10224799744	2690072576	50251117364																				True	14	14	7.5e-11	MAINTAINED_UPSTREAM_INTERNAL	MATLAB_TWISTER_SEED_PLUS_WORKER_INDEX	21.48672247112207	1.324880272603116	-0.01922786326358552	22.773147017198017					PASS
VCKSS-COMPARATIVE-SCALING-RESULT-V4	first	203	scale_strong_d6_n491520_c4_r2	e1514185445cab36f930c90a44c5a4e23326e027	fbed59bf26bd6cf641bec0946ff6d32cdfe992786852947c530678dd4c86a026	strong_d6	strong	6	491520	81920	2048	4	4	4	4	4	4	2	8675309	3	scc-mc8	Intel(R) Xeon(R) CPU E5-2650 v2 @ 2.60GHz	mata	PASS	0	0	0	722.932	727.06	2720.27	1.532			23.978	21.206	7.417999999999999	8.591	690.495	2.824	270.488	406.752	3.818	221.838	64.984	428.836									3453202432	3453202432	3453108224	50489488049	3096651328	3096651328														6.41328569144e-11	1e-09	12.0	NONE							21.48668982700787	1.324892110517631	-0.0192377758513093	22.77310638582288	1.55469506795e-06	4.4878289235e-07	1.58025642382e-06	3.06733830507e-06	PASS
VCKSS-COMPARATIVE-SCALING-RESULT-V4	first	203	scale_strong_d6_n491520_c4_r2	e1514185445cab36f930c90a44c5a4e23326e027	fbed59bf26bd6cf641bec0946ff6d32cdfe992786852947c530678dd4c86a026	strong_d6	strong	6	491520	81920	2048	4	4	4	4	4	4	2	8675309	1	scc-mc8	Intel(R) Xeon(R) CPU E5-2650 v2 @ 2.60GHz	rust	PASS	0	0	0	23.914	27.84	98.56	1.604															0.028116248	0.222741226	0.184172328	0.230878599	0.08326347	0.0	22.285120229	23.0342921	1138843648	1138843648	1136812032	50489488049	8663083891	8663083891	5313473260	283918224	4	4	1e-10	1e-06	0.194575341	0.145180388	0.350191265	17.125639909	1.276669731	5419	4818	8.12589187417e-06	1e-05	18.0	CMG_FULL_V2							21.48669492887366	1.324891966431987	-0.0192404674443451	22.77310596041695	1.53691073855e-06	4.75089712139e-07	1.64503814349e-06	3.14185564501e-06	PASS
VCKSS-COMPARATIVE-SCALING-RESULT-V4	first	203	scale_strong_d6_n491520_c4_r2	e1514185445cab36f930c90a44c5a4e23326e027	fbed59bf26bd6cf641bec0946ff6d32cdfe992786852947c530678dd4c86a026	strong_d6	strong	6	491520	81920	2048	4	4	4	4	4	4	2	8675309	2	scc-mc8	Intel(R) Xeon(R) CPU E5-2650 v2 @ 2.60GHz	matlab	PASS	0	0	0	73.446056	584.31	384.5	3.844512	234.10877	4.844197																					9915723776	9915723776	2647658496	50489488049																				True	14	14	7.5e-11	MAINTAINED_UPSTREAM_INTERNAL	MATLAB_TWISTER_SEED_PLUS_WORKER_INDEX	21.48671979845739	1.3248803482868539	-0.019227695784441036	22.773144755175363					PASS
VCKSS-COMPARATIVE-SCALING-RESULT-V4	first	204	scale_strong_d6_n491520_c4_r3	e1514185445cab36f930c90a44c5a4e23326e027	fbed59bf26bd6cf641bec0946ff6d32cdfe992786852947c530678dd4c86a026	strong_d6	strong	6	491520	81920	2048	4	4	4	4	4	4	3	20260819	2	scc-mb6	Intel(R) Xeon(R) CPU E5-2650 v2 @ 2.60GHz	mata	PASS	0	0	0	722.718	726.83	2730.44	1.654			23.885	21.127	7.411	8.775	690.389	2.825	271.744	405.179	3.81	218.08	65.29200000000002	432.191									3438006272	3438006272	3436429312	50485193081	3096651354	3096651354														9.63198356746e-11	1e-09	12.0	NONE							21.48669011656581	1.324891712041954	-0.0192367222791492	22.77310838404947	1.69698240575e-06	4.43357749554e-07	1.56194608604e-06	2.82989160047e-06	PASS
VCKSS-COMPARATIVE-SCALING-RESULT-V4	first	204	scale_strong_d6_n491520_c4_r3	e1514185445cab36f930c90a44c5a4e23326e027	fbed59bf26bd6cf641bec0946ff6d32cdfe992786852947c530678dd4c86a026	strong_d6	strong	6	491520	81920	2048	4	4	4	4	4	4	3	20260819	3	scc-mb6	Intel(R) Xeon(R) CPU E5-2650 v2 @ 2.60GHz	rust	PASS	0	0	0	24.283	28.48	100.3	1.592															0.027948936	0.221742214	0.18260672	0.230011987	0.078366964	0.0	22.68969035	23.430367171	1119682560	1119682560	1117773824	50485193081	8663083891	8663083891	5313473260	283918224	4	4	1e-10	1e-06	0.191028191	0.144767084	0.336377977	17.555300597	1.260902728	5419	4818	7.95645406614e-06	1e-05	18.0	CMG_FULL_V2							21.48669228094262	1.324891321038418	-0.0192414370766293	22.77310072782778	1.6561821434e-06	4.81639760472e-07	1.59195547093e-06	3.15551955692e-06	PASS
VCKSS-COMPARATIVE-SCALING-RESULT-V4	first	204	scale_strong_d6_n491520_c4_r3	e1514185445cab36f930c90a44c5a4e23326e027	fbed59bf26bd6cf641bec0946ff6d32cdfe992786852947c530678dd4c86a026	strong_d6	strong	6	491520	81920	2048	4	4	4	4	4	4	3	20260819	1	scc-mb6	Intel(R) Xeon(R) CPU E5-2650 v2 @ 2.60GHz	matlab	PASS	0	0	0	73.729541	617.07	388.56	3.871025	238.359526	5.062108																					9920659456	9920659456	2613927936	50485193081																				True	14	14	7.5e-11	MAINTAINED_UPSTREAM_INTERNAL	MATLAB_TWISTER_SEED_PLUS_WORKER_INDEX	21.486720529665746	1.3248801337462857	-0.019227787203875538	22.77314508900428					PASS
VCKSS-COMPARATIVE-SCALING-RESULT-V4	first	205	scale_strong_d6_n491520_c8_r1	e1514185445cab36f930c90a44c5a4e23326e027	fbed59bf26bd6cf641bec0946ff6d32cdfe992786852947c530678dd4c86a026	strong_d6	strong	6	491520	81920	2048	8	4	4	4	8	8	1	104729	1	scc-sb5	Intel(R) Xeon(R) CPU E5-2650 v2 @ 2.60GHz	mata	PASS	0	0	0	724.108	728.18	2750.23	1.605			23.937	21.167	7.449	8.867	691.684	2.844	272.205	405.908	3.848999999999999	218.198	65.69200000000001	433.155									3479232512	3479232512	3478097920	90596966400	3096651313	3096651313														9.8818526855e-11	1e-09	12.0	NONE							21.48669303814127	1.324892202299156	-0.0192419777496239	22.77310128494117	1.67179226287e-06	4.49659246661e-07	1.45651720664e-06	2.82049882383e-06	PASS
VCKSS-COMPARATIVE-SCALING-RESULT-V4	first	205	scale_strong_d6_n491520_c8_r1	e1514185445cab36f930c90a44c5a4e23326e027	fbed59bf26bd6cf641bec0946ff6d32cdfe992786852947c530678dd4c86a026	strong_d6	strong	6	491520	81920	2048	8	4	8	4	8	8	1	104729	2	scc-sb5	Intel(R) Xeon(R) CPU E5-2650 v2 @ 2.60GHz	rust	PASS	0	0	0	14.764	18.52	108.52	1.214															0.026880999	0.223408369	0.185884759	0.236164979	0.089212885	0.0	13.098869393	13.860421384	1211252736	1211252736	1209294848	90596966400	11288508480	11288508480	5342841350	308391632	8	8	1e-10	1e-06	0.190380296	0.13980425	0.232761042	9.794396797	0.663320496	5419	4818	8.3204653649e-06	1e-05	18.0	CMG_FULL_V2							21.48669068317691	1.324892395002345	-0.0192397030692096	22.77310367204083	1.64770837146e-06	4.22994231855e-07	1.45423512995e-06	2.96567412956e-06	PASS
VCKSS-COMPARATIVE-SCALING-RESULT-V4	first	205	scale_strong_d6_n491520_c8_r1	e1514185445cab36f930c90a44c5a4e23326e027	fbed59bf26bd6cf641bec0946ff6d32cdfe992786852947c530678dd4c86a026	strong_d6	strong	6	491520	81920	2048	8	4	8	4	8	8	1	104729	3	scc-sb5	Intel(R) Xeon(R) CPU E5-2650 v2 @ 2.60GHz	matlab	PASS	0	0	0	62.699308	247.67	583.95	4.061625	53.289219	5.233608																					17468198912	17468198912	2948202496	90596966400																				True	14	14	7.5e-11	MAINTAINED_UPSTREAM_INTERNAL	MATLAB_TWISTER_SEED_PLUS_WORKER_INDEX	21.486721676227702	1.324880252555066	-0.019227511862836073	22.773146905057096					PASS
VCKSS-COMPARATIVE-SCALING-RESULT-V4	first	206	scale_strong_d6_n491520_c8_r2	e1514185445cab36f930c90a44c5a4e23326e027	fbed59bf26bd6cf641bec0946ff6d32cdfe992786852947c530678dd4c86a026	strong_d6	strong	6	491520	81920	2048	8	4	4	4	8	8	2	8675309	3	scc-mc7	Intel(R) Xeon(R) CPU E5-2650 v2 @ 2.60GHz	mata	PASS	0	0	0	718.644	723.09	2716.54	1.82			23.942	21.169	7.43	8.59	686.207	2.83	270.237	402.704	3.806999999999999	217.972	65.111	428.4470000000001									3448713216	3448713216	3447037952	90950227461	3096651341	3096651341														6.41328569144e-11	1e-09	12.0	NONE							21.48668982700787	1.324892110517631	-0.0192377758513093	22.77310638582288	1.55469506795e-06	4.4878289235e-07	1.58025642382e-06	3.06733830507e-06	PASS
VCKSS-COMPARATIVE-SCALING-RESULT-V4	first	206	scale_strong_d6_n491520_c8_r2	e1514185445cab36f930c90a44c5a4e23326e027	fbed59bf26bd6cf641bec0946ff6d32cdfe992786852947c530678dd4c86a026	strong_d6	strong	6	491520	81920	2048	8	4	8	4	8	8	2	8675309	1	scc-mc7	Intel(R) Xeon(R) CPU E5-2650 v2 @ 2.60GHz	rust	PASS	0	0	0	14.417	17.88	106.27	1.213															0.028533503	0.224164934	0.18029188	0.231658043	0.08342481	0.0	12.801301794	13.549374964	1274945536	1274945536	1272946688	90950227461	11288508480	11288508480	5342841350	308391632	8	8	1e-10	1e-06	0.188594609	0.139588819	0.232880403	9.521494579	0.656894999	5419	4818	8.12589187417e-06	1e-05	18.0	CMG_FULL_V2							21.48669492887366	1.324891966431987	-0.0192404674443451	22.77310596041695	1.53691073855e-06	4.75089712139e-07	1.64503814349e-06	3.14185564501e-06	PASS
VCKSS-COMPARATIVE-SCALING-RESULT-V4	first	206	scale_strong_d6_n491520_c8_r2	e1514185445cab36f930c90a44c5a4e23326e027	fbed59bf26bd6cf641bec0946ff6d32cdfe992786852947c530678dd4c86a026	strong_d6	strong	6	491520	81920	2048	8	4	8	4	8	8	2	8675309	2	scc-mc7	Intel(R) Xeon(R) CPU E5-2650 v2 @ 2.60GHz	matlab	PASS	0	0	0	59.55572	380.45	582.3199999999999	4.413818	146.507803	5.283478																					17725063168	17725063168	3072245760	90950227461																				True	14	14	7.5e-11	MAINTAINED_UPSTREAM_INTERNAL	MATLAB_TWISTER_SEED_PLUS_WORKER_INDEX	21.48671938782693	1.324880126386399	-0.01922756733773388	22.773144379537865					PASS
VCKSS-COMPARATIVE-SCALING-RESULT-V4	first	207	scale_strong_d6_n491520_c8_r3	e1514185445cab36f930c90a44c5a4e23326e027	fbed59bf26bd6cf641bec0946ff6d32cdfe992786852947c530678dd4c86a026	strong_d6	strong	6	491520	81920	2048	8	4	4	4	8	8	3	20260819	2	scc-mh5	Intel(R) Xeon(R) CPU E5-2650 v2 @ 2.60GHz	mata	PASS	0	0	0	722.118	726.1	2724.74	1.552			24.001	21.217	7.457	8.632	689.633	2.862	271.789	404.497	3.847	219.6130000000001	65.48	430.0439999999999									3442397184	3442397184	3440623616	90153511027	3096651352	3096651352														9.63198356746e-11	1e-09	12.0	NONE							21.48669011656581	1.324891712041954	-0.0192367222791492	22.77310838404947	1.69698240575e-06	4.43357749554e-07	1.56194608604e-06	2.82989160047e-06	PASS
VCKSS-COMPARATIVE-SCALING-RESULT-V4	first	207	scale_strong_d6_n491520_c8_r3	e1514185445cab36f930c90a44c5a4e23326e027	fbed59bf26bd6cf641bec0946ff6d32cdfe992786852947c530678dd4c86a026	strong_d6	strong	6	491520	81920	2048	8	4	8	4	8	8	3	20260819	3	scc-mh5	Intel(R) Xeon(R) CPU E5-2650 v2 @ 2.60GHz	rust	PASS	0	0	0	14.638	18.14	108.12	1.188															0.027828843	0.221716346	0.178622345	0.231984184	0.082483753	0.0	13.029377912	13.772013383	1312464896	1312464896	1310482432	90153511027	11288508480	11288508480	5342841350	308391632	8	8	1e-10	1e-06	0.190913725	0.137720192	0.227988469	9.762254956	0.658507484	5419	4818	7.95645406614e-06	1e-05	18.0	CMG_FULL_V2							21.48669228094262	1.324891321038418	-0.0192414370766293	22.77310072782778	1.6561821434e-06	4.81639760472e-07	1.59195547093e-06	3.15551955692e-06	PASS
VCKSS-COMPARATIVE-SCALING-RESULT-V4	first	207	scale_strong_d6_n491520_c8_r3	e1514185445cab36f930c90a44c5a4e23326e027	fbed59bf26bd6cf641bec0946ff6d32cdfe992786852947c530678dd4c86a026	strong_d6	strong	6	491520	81920	2048	8	4	8	4	8	8	3	20260819	1	scc-mh5	Intel(R) Xeon(R) CPU E5-2650 v2 @ 2.60GHz	matlab	PASS	0	0	0	61.101091	244.6	566.72	4.398891	108.421162	5.262863																					17641271296	17641271296	2954498048	90153511027																				True	14	14	7.5e-11	MAINTAINED_UPSTREAM_INTERNAL	MATLAB_TWISTER_SEED_PLUS_WORKER_INDEX	21.486720080889096	1.3248801456041197	-0.019228042359606887	22.773144141774					PASS
VCKSS-COMPARATIVE-SCALING-RESULT-V4	first	208	scale_strong_d6_n491520_c16_r1	e1514185445cab36f930c90a44c5a4e23326e027	fbed59bf26bd6cf641bec0946ff6d32cdfe992786852947c530678dd4c86a026	strong_d6	strong	6	491520	81920	2048	16	4	4	4	16	16	1	104729	1	scc-ne4	Intel(R) Xeon(R) CPU E5-2650 v2 @ 2.60GHz	mata	PASS	0	0	0	722.773	726.71	2743.98	1.59			24.05	21.276	7.45	8.717	690.261	2.811	272.259	404.621	3.806	218.483	65.62	431.802									3447971840	3447971840	3499724800	179531780457	3096651333	3096651333														9.8818526855e-11	1e-09	12.0	NONE							21.48669303814127	1.324892202299156	-0.0192419777496239	22.77310128494117	1.67179226287e-06	4.49659246661e-07	1.45651720664e-06	2.82049882383e-06	PASS
VCKSS-COMPARATIVE-SCALING-RESULT-V4	first	208	scale_strong_d6_n491520_c16_r1	e1514185445cab36f930c90a44c5a4e23326e027	fbed59bf26bd6cf641bec0946ff6d32cdfe992786852947c530678dd4c86a026	strong_d6	strong	6	491520	81920	2048	16	4	16	4	16	16	1	104729	2	scc-ne4	Intel(R) Xeon(R) CPU E5-2650 v2 @ 2.60GHz	rust	PASS	0	0	0	9.832	13.49	111.22	1.346															0.026283116	0.218930651	0.184632609	0.23527627	0.083759144	0.0	8.193603067	8.942484857	1494470656	1494470656	1492520960	179531780457	16539357657	16539357657	5401577529	357338448	16	16	1e-10	1e-06	0.195874851	0.142396767	0.179804923	5.55157241	0.397076723	5419	4818	8.3204653649e-06	1e-05	18.0	CMG_FULL_V2							21.48669068317691	1.324892395002345	-0.0192397030692096	22.77310367204083	1.64770837146e-06	4.22994231855e-07	1.45423512995e-06	2.96567412956e-06	PASS
VCKSS-COMPARATIVE-SCALING-RESULT-V4	first	208	scale_strong_d6_n491520_c16_r1	e1514185445cab36f930c90a44c5a4e23326e027	fbed59bf26bd6cf641bec0946ff6d32cdfe992786852947c530678dd4c86a026	strong_d6	strong	6	491520	81920	2048	16	4	16	4	16	16	1	104729	3	scc-ne4	Intel(R) Xeon(R) CPU E5-2650 v2 @ 2.60GHz	matlab	PASS	0	0	0	50.550261	275.44	970.32	4.294278	100.040195	5.834777																					32267530240	32267530240	3462246400	179531780457																				True	14	14	7.5e-11	MAINTAINED_UPSTREAM_INTERNAL	MATLAB_TWISTER_SEED_PLUS_WORKER_INDEX	21.486721288746093	1.3248801050580727	-0.019227130538877917	22.77314713272641					PASS
VCKSS-COMPARATIVE-SCALING-RESULT-V4	first	209	scale_strong_d6_n491520_c16_r2	e1514185445cab36f930c90a44c5a4e23326e027	fbed59bf26bd6cf641bec0946ff6d32cdfe992786852947c530678dd4c86a026	strong_d6	strong	6	491520	81920	2048	16	4	4	4	16	16	2	8675309	3	scc-sa1	Intel(R) Xeon(R) CPU E5-2650 v2 @ 2.60GHz	mata	PASS	0	0	0	721.523	725.54	2726.31	1.638			24.127	21.193	7.455	8.884	688.92	2.839	271.147	404.203	3.822	217.934	65.326	430.876									3437060096	3437060096	3441704960	179519969297	3096651340	3096651340														6.41328569144e-11	1e-09	12.0	NONE							21.48668982700787	1.324892110517631	-0.0192377758513093	22.77310638582288	1.55469506795e-06	4.4878289235e-07	1.58025642382e-06	3.06733830507e-06	PASS
VCKSS-COMPARATIVE-SCALING-RESULT-V4	first	209	scale_strong_d6_n491520_c16_r2	e1514185445cab36f930c90a44c5a4e23326e027	fbed59bf26bd6cf641bec0946ff6d32cdfe992786852947c530678dd4c86a026	strong_d6	strong	6	491520	81920	2048	16	4	16	4	16	16	2	8675309	1	scc-sa1	Intel(R) Xeon(R) CPU E5-2650 v2 @ 2.60GHz	rust	PASS	0	0	0	10.156	16.39	110.14	3.211															0.024980763	0.217505879	0.181260775	0.230735378	0.084481092	0.0	8.180227441	8.919191328	1641648128	1641648128	1639690240	179519969297	16539357657	16539357657	5401577529	357338448	16	16	1e-10	1e-06	0.188134433	0.162877358	0.176515843	5.542109956	0.389102183	5419	4818	8.12589187417e-06	1e-05	18.0	CMG_FULL_V2							21.48669492887366	1.324891966431987	-0.0192404674443451	22.77310596041695	1.53691073855e-06	4.75089712139e-07	1.64503814349e-06	3.14185564501e-06	PASS
VCKSS-COMPARATIVE-SCALING-RESULT-V4	first	209	scale_strong_d6_n491520_c16_r2	e1514185445cab36f930c90a44c5a4e23326e027	fbed59bf26bd6cf641bec0946ff6d32cdfe992786852947c530678dd4c86a026	strong_d6	strong	6	491520	81920	2048	16	4	16	4	16	16	2	8675309	2	scc-sa1	Intel(R) Xeon(R) CPU E5-2650 v2 @ 2.60GHz	matlab	PASS	0	0	0	52.071245	423.68	969.78	8.555257	168.688205	6.061563																					32573231104	32573231104	3562397696	179519969297																				True	14	14	7.5e-11	MAINTAINED_UPSTREAM_INTERNAL	MATLAB_TWISTER_SEED_PLUS_WORKER_INDEX	21.486719498344087	1.3248800093580213	-0.01922699847797477	22.773145510746158					PASS
VCKSS-COMPARATIVE-SCALING-RESULT-V4	first	210	scale_strong_d6_n491520_c16_r3	e1514185445cab36f930c90a44c5a4e23326e027	fbed59bf26bd6cf641bec0946ff6d32cdfe992786852947c530678dd4c86a026	strong_d6	strong	6	491520	81920	2048	16	4	4	4	16	16	3	20260819	2	scc-eb2	Intel(R) Xeon(R) Gold 6242 CPU @ 2.80GHz	mata	PASS	0	0	0	584.871	587.94	2267.1	1.482			18.781	16.215	5.83	6.885	559.325	2.985	211.837	336.033	3.226	145.839	58.762	376.427									3571695616	3571695616	3571249152	178232552850	3096651363	3096651363														9.63198356746e-11	1e-09	12.0	NONE							21.48669011656581	1.324891712041954	-0.0192367222791492	22.77310838404947	1.69698240575e-06	4.43357749554e-07	1.56194608604e-06	2.82989160047e-06	PASS
VCKSS-COMPARATIVE-SCALING-RESULT-V4	first	210	scale_strong_d6_n491520_c16_r3	e1514185445cab36f930c90a44c5a4e23326e027	fbed59bf26bd6cf641bec0946ff6d32cdfe992786852947c530678dd4c86a026	strong_d6	strong	6	491520	81920	2048	16	4	16	4	16	16	3	20260819	3	scc-eb2	Intel(R) Xeon(R) Gold 6242 CPU @ 2.80GHz	rust	PASS	0	0	0	14.362	17.21	126.96	1.435															0.024931612	0.214105862	0.189081368	0.213432235	0.078556181	0.0	12.920454867	13.640562125	1477488640	1477488640	1475448832	178232552850	16539357657	16539357657	5401577529	357338448	16	16	1e-10	1e-06	0.230351209	0.148372914	0.263596721	9.647730048	0.762378916	5419	4818	7.95645406614e-06	1e-05	18.0	CMG_FULL_V2							21.48669228094262	1.324891321038418	-0.0192414370766293	22.77310072782778	1.6561821434e-06	4.81639760472e-07	1.59195547093e-06	3.15551955692e-06	PASS
VCKSS-COMPARATIVE-SCALING-RESULT-V4	first	210	scale_strong_d6_n491520_c16_r3	e1514185445cab36f930c90a44c5a4e23326e027	fbed59bf26bd6cf641bec0946ff6d32cdfe992786852947c530678dd4c86a026	strong_d6	strong	6	491520	81920	2048	16	4	16	4	16	16	3	20260819	1	scc-eb2	Intel(R) Xeon(R) Gold 6242 CPU @ 2.80GHz	matlab	PASS	0	0	0	26.212923	368.48	815.5300000000001	4.199752	173.46458	5.459682																					32578875392	32578875392	3332853760	178232552850																				True	14	14	7.5e-11	MAINTAINED_UPSTREAM_INTERNAL	MATLAB_TWISTER_SEED_PLUS_WORKER_INDEX	21.48672111775858	1.324880341304469	-0.019228101379364183	22.77314525630432					PASS
VCKSS-COMPARATIVE-SCALING-RESULT-V4	repair-full	211	scale_strong_d6_n1966080_c1_r1	ca162022833c3d6e6906c11cf4860baf0d52fd86	02d6eb6ffc96e0eb7eea1252605663e3e206c6ce177f3cf7f0e860c2b25f40f9	strong_d6	strong	6	1966080	327680	8192	1	1	1	1	1	1	1	104729	1	scc-b15	Intel(R) Xeon(R) 6737P	mata	PASS	0	0	0	2363.017	2368.59	2364.75	1.726			37.266	30.921	13.807	19.194	2310.329	11.031	831.807	1444.133	12.155	297.229	291.029	1880.124									12341219328	12341219328	12339240960	13711683093	8506291197	8506291197														7.33975281291e-11	1e-09	12.0	NONE							21.50061554466156	1.311897919150576	0.0903430116980734	22.99319948720828	7.73304795434e-07	2.38154198073e-07	8.14381961608e-07	1.54470673661e-06	PASS
VCKSS-COMPARATIVE-SCALING-RESULT-V4	repair-full	211	scale_strong_d6_n1966080_c1_r1	ca162022833c3d6e6906c11cf4860baf0d52fd86	02d6eb6ffc96e0eb7eea1252605663e3e206c6ce177f3cf7f0e860c2b25f40f9	strong_d6	strong	6	1966080	327680	8192	1	1	1	1	1	1	1	104729	2	scc-b15	Intel(R) Xeon(R) 6737P	rust	PASS	0	0	0	281.695	287.24	286.59000000000003	1.723															0.058532695	0.617837779	0.436952383	0.48958467	0.195855229	0.0	278.170906708	279.969669464	3233447936	3233447936	3234033664	13711683093	24960970406	24960970406	19297841203	1015584416	1	1	1e-10	1e-06	0.527025325	0.142462497	2.859192427	242.170720643	12.17071525	5418	4817	6.92905876357e-06	1e-05	17.0	CMG_FULL_V2							21.50061713482349	1.311898054080774	0.0903434250820901	22.99320203906844	7.55914900455e-07	2.46092330334e-07	8.02313827061e-07	1.56381204474e-06	PASS
VCKSS-COMPARATIVE-SCALING-RESULT-V4	repair-full	211	scale_strong_d6_n1966080_c1_r1	ca162022833c3d6e6906c11cf4860baf0d52fd86	02d6eb6ffc96e0eb7eea1252605663e3e206c6ce177f3cf7f0e860c2b25f40f9	strong_d6	strong	6	1966080	327680	8192	1	1	1	1	1	1	1	104729	3	scc-b15	Intel(R) Xeon(R) 6737P	matlab	PASS	0	0	0	454.063794	510.86	484.69000000000005	4.501334	15.114376	2.946692																					5430009856	5430009856	3314008064	13711683093																				True	15	15	8.8e-11	MAINTAINED_UPSTREAM_INTERNAL	MATLAB_TWISTER_SEED_PLUS_WORKER_INDEX	21.50061264818175	1.3118834199460712	0.09035589560288289	22.993207859333587					PASS
VCKSS-COMPARATIVE-SCALING-RESULT-V4	repair-full	212	scale_strong_d6_n1966080_c1_r2	ca162022833c3d6e6906c11cf4860baf0d52fd86	02d6eb6ffc96e0eb7eea1252605663e3e206c6ce177f3cf7f0e860c2b25f40f9	strong_d6	strong	6	1966080	327680	8192	1	1	1	1	1	1	2	8675309	3	scc-pg7	Intel(R) Xeon(R) CPU E5-2650 v2 @ 2.60GHz	mata	PASS	0	0	0	4115.726	4129.0	4118.87	3.836			99.763	86.907	31.129	43.957	3981.837	19.489	1511.716	2398.892	22.803	842.985	473.307	2912.499									12167172096	12167172096	12165144576	20760798168	8506291222	8506291222														7.39065944099e-11	1e-09	12.0	NONE							21.50061643160396	1.311898096094031	0.090342709584009	22.99319994686601	7.78646918287e-07	2.46348157396e-07	7.43104261924e-07	1.47420541891e-06	PASS
VCKSS-COMPARATIVE-SCALING-RESULT-V4	repair-full	212	scale_strong_d6_n1966080_c1_r2	ca162022833c3d6e6906c11cf4860baf0d52fd86	02d6eb6ffc96e0eb7eea1252605663e3e206c6ce177f3cf7f0e860c2b25f40f9	strong_d6	strong	6	1966080	327680	8192	1	1	1	1	1	1	2	8675309	1	scc-pg7	Intel(R) Xeon(R) CPU E5-2650 v2 @ 2.60GHz	rust	PASS	0	0	0	378.643	391.5	390.28000000000003	3.678															0.100972475	0.96889521	0.825486159	0.954135074	0.352241399	0.0	371.790771948	374.992502265	3227353088	3227353088	3228143616	20760798168	24960970406	24960970406	19297841203	1015584416	1	1	1e-10	1e-06	0.875607022	0.259725958	3.856476405	309.511032345	19.748223846	5418	4817	6.96132114089e-06	1e-05	17.0	CMG_FULL_V2							21.50061498020741	1.311898142543804	0.0903437580133121	22.99320063877784	7.99237892733e-07	2.31663641016e-07	7.79081381993e-07	1.52164500875e-06	PASS
VCKSS-COMPARATIVE-SCALING-RESULT-V4	repair-full	212	scale_strong_d6_n1966080_c1_r2	ca162022833c3d6e6906c11cf4860baf0d52fd86	02d6eb6ffc96e0eb7eea1252605663e3e206c6ce177f3cf7f0e860c2b25f40f9	strong_d6	strong	6	1966080	327680	8192	1	1	1	1	1	1	2	8675309	2	scc-pg7	Intel(R) Xeon(R) CPU E5-2650 v2 @ 2.60GHz	matlab	PASS	0	0	0	756.060146	1053.71	828.6899999999999	8.955756	110.153109	3.803342																					5487300608	5487300608	3376906240	20760798168																				True	15	15	8.8e-11	MAINTAINED_UPSTREAM_INTERNAL	MATLAB_TWISTER_SEED_PLUS_WORKER_INDEX	21.500611746462763	1.3118834220322362	0.09035562386161627	22.99320641621823					PASS
VCKSS-COMPARATIVE-SCALING-RESULT-V4	repair-full	213	scale_strong_d6_n1966080_c1_r3	ca162022833c3d6e6906c11cf4860baf0d52fd86	02d6eb6ffc96e0eb7eea1252605663e3e206c6ce177f3cf7f0e860c2b25f40f9	strong_d6	strong	6	1966080	327680	8192	1	1	1	1	1	1	3	20260819	2	scc-b19	Intel(R) Xeon(R) 6737P	mata	PASS	0	0	0	2676.201	2681.84	2676.6099999999997	1.744			36.639	30.241	13.862	19.322	2624.035	11.158	906.707	1682.63	12.18	295.256	341.352	2189.068									12343001088	12343001088	12341026816	20556787221	8506291231	8506291231														7.01567943673e-11	1e-09	12.0	NONE							21.50061757641848	1.311898505123223	0.090342101245403	22.99320028403251	6.68457191597e-07	2.320997425e-07	7.93530615228e-07	1.53549041149e-06	PASS
VCKSS-COMPARATIVE-SCALING-RESULT-V4	repair-full	213	scale_strong_d6_n1966080_c1_r3	ca162022833c3d6e6906c11cf4860baf0d52fd86	02d6eb6ffc96e0eb7eea1252605663e3e206c6ce177f3cf7f0e860c2b25f40f9	strong_d6	strong	6	1966080	327680	8192	1	1	1	1	1	1	3	20260819	3	scc-b19	Intel(R) Xeon(R) 6737P	rust	PASS	0	0	0	301.655	307.48	306.44	1.767															0.062862984	0.645574252	0.56477347	0.549444477	0.210426758	0.0	297.689560058	299.722641999	3235790848	3235790848	3239538688	20556787221	24960970406	24960970406	19297841203	1015584416	1	1	1e-10	1e-06	0.703035725	0.171602702	2.67587227	261.755659966	12.300327391	5418	4817	6.94637606311e-06	1e-05	17.0	CMG_FULL_V2							21.50061762685627	1.311898128086526	0.090343512197885	22.99320277933857	8.13239424557e-07	2.29668516554e-07	8.15916570328e-07	1.44422747117e-06	PASS
VCKSS-COMPARATIVE-SCALING-RESULT-V4	repair-full	213	scale_strong_d6_n1966080_c1_r3	ca162022833c3d6e6906c11cf4860baf0d52fd86	02d6eb6ffc96e0eb7eea1252605663e3e206c6ce177f3cf7f0e860c2b25f40f9	strong_d6	strong	6	1966080	327680	8192	1	1	1	1	1	1	3	20260819	1	scc-b19	Intel(R) Xeon(R) 6737P	matlab	PASS	0	0	0	439.109369	573.62	469.09	3.805914	85.132838	2.652353																					5510615040	5510615040	3335651328	20556787221																				True	15	15	8.8e-11	MAINTAINED_UPSTREAM_INTERNAL	MATLAB_TWISTER_SEED_PLUS_WORKER_INDEX	21.500611674265826	1.311883402306479	0.09035575412065358	22.99320658481361					PASS
VCKSS-COMPARATIVE-SCALING-RESULT-V4	first	214	scale_strong_d6_n1966080_c2_r1	e1514185445cab36f930c90a44c5a4e23326e027	fbed59bf26bd6cf641bec0946ff6d32cdfe992786852947c530678dd4c86a026	strong_d6	strong	6	1966080	327680	8192	2	2	2	2	2	2	1	104729	1	scc-me8	Intel(R) Xeon(R) CPU E5-2650 v2 @ 2.60GHz	mata	PASS	0	0	0	3385.38	3398.91	5968.7	4.772			97.37400000000001	86.598	30.768	44.253	3254.268	18.29	1253.578	1930.412	17.68	829.751	337.323	2234.664									13186347008	13186347008	13184233472	32595580552	8506291162	8506291162														7.33975291069e-11	1e-09	12.0	NONE							21.50061554466156	1.311897919150576	0.0903430116980734	22.99319948720828	7.73304795434e-07	2.38154198073e-07	8.14381961608e-07	1.54470673661e-06	PASS
VCKSS-COMPARATIVE-SCALING-RESULT-V4	first	214	scale_strong_d6_n1966080_c2_r1	e1514185445cab36f930c90a44c5a4e23326e027	fbed59bf26bd6cf641bec0946ff6d32cdfe992786852947c530678dd4c86a026	strong_d6	strong	6	1966080	327680	8192	2	2	2	2	2	2	1	104729	2	scc-me8	Intel(R) Xeon(R) CPU E5-2650 v2 @ 2.60GHz	rust	PASS	0	0	0	224.717	238.59	456.77	4.642															0.099122427	0.98299664	0.847706371	0.972306503	0.355663198	0.0	218.576792673	221.834587812	3810676736	3810676736	3812073472	32595580552	27589540723	27589540723	19453533633	1145328108	2	2	1e-10	1e-06	0.900199328	0.43015021	2.24609656	183.018155679	10.407337259	5418	4817	6.92905876357e-06	1e-05	17.0	CMG_FULL_V2							21.50061713482349	1.311898054080774	0.0903434250820901	22.99320203906844	7.55914900455e-07	2.46092330334e-07	8.02313827061e-07	1.56381204474e-06	PASS
VCKSS-COMPARATIVE-SCALING-RESULT-V4	first	214	scale_strong_d6_n1966080_c2_r1	e1514185445cab36f930c90a44c5a4e23326e027	fbed59bf26bd6cf641bec0946ff6d32cdfe992786852947c530678dd4c86a026	strong_d6	strong	6	1966080	327680	8192	2	2	2	2	2	2	1	104729	3	scc-me8	Intel(R) Xeon(R) CPU E5-2650 v2 @ 2.60GHz	matlab	PASS	0	0	0	479.571865	867.94	940.9599999999999	6.756215	166.145478	5.233944																					8531681280	8531681280	3677708288	32595580552																				True	15	15	8.8e-11	MAINTAINED_UPSTREAM_INTERNAL	MATLAB_TWISTER_SEED_PLUS_WORKER_INDEX	21.50061287350367	1.311883494867007	0.09035553603167247	22.993207440434023					PASS
VCKSS-COMPARATIVE-SCALING-RESULT-V4	first	215	scale_strong_d6_n1966080_c2_r2	e1514185445cab36f930c90a44c5a4e23326e027	fbed59bf26bd6cf641bec0946ff6d32cdfe992786852947c530678dd4c86a026	strong_d6	strong	6	1966080	327680	8192	2	2	2	2	2	2	2	8675309	3	scc-te2	Intel(R) Xeon(R) CPU E5-2660 v3 @ 2.60GHz	mata	PASS	0	0	0	3279.645	3295.66	5812.82	6.583			91.585	78.518	35.738	40.561	3148.009	17.025	1214.495	1864.572	17.159	816.9430000000001	325.259	2133.641									13049065472	13049065472	13047123968	32421634376	8506291136	8506291136														7.39065931131e-11	1e-09	12.0	NONE							21.50061643160396	1.311898096094031	0.090342709584009	22.99319994686601	7.78646918287e-07	2.46348157396e-07	7.43104261924e-07	1.47420541891e-06	PASS
VCKSS-COMPARATIVE-SCALING-RESULT-V4	first	215	scale_strong_d6_n1966080_c2_r2	e1514185445cab36f930c90a44c5a4e23326e027	fbed59bf26bd6cf641bec0946ff6d32cdfe992786852947c530678dd4c86a026	strong_d6	strong	6	1966080	327680	8192	2	2	2	2	2	2	2	8675309	1	scc-te2	Intel(R) Xeon(R) CPU E5-2660 v3 @ 2.60GHz	rust	PASS	0	0	0	290.627	308.32	564.59	8.249															0.113427391	1.067116448	0.984480148	1.147851072	0.400464302	0.0	283.206687165	286.920026526	4204572672	4204572672	4217106432	32421634376	27589540723	27589540723	19453533633	1145328108	2	2	1e-10	1e-06	1.11455025	0.910318516	2.785096985	241.118133121	12.702902029	5418	4817	6.96132114089e-06	1e-05	17.0	CMG_FULL_V2							21.50061498020741	1.311898142543804	0.0903437580133121	22.99320063877784	7.99237892733e-07	2.31663641016e-07	7.79081381993e-07	1.52164500875e-06	PASS
VCKSS-COMPARATIVE-SCALING-RESULT-V4	first	215	scale_strong_d6_n1966080_c2_r2	e1514185445cab36f930c90a44c5a4e23326e027	fbed59bf26bd6cf641bec0946ff6d32cdfe992786852947c530678dd4c86a026	strong_d6	strong	6	1966080	327680	8192	2	2	2	2	2	2	2	8675309	2	scc-te2	Intel(R) Xeon(R) CPU E5-2660 v3 @ 2.60GHz	matlab	PASS	0	0	0	451.248649	916.75	990.7800000000001	10.802153	198.142868	6.770684																					8158760960	8158760960	3685531648	32421634376																				True	15	15	8.8e-11	MAINTAINED_UPSTREAM_INTERNAL	MATLAB_TWISTER_SEED_PLUS_WORKER_INDEX	21.50061167124718	1.3118834017309298	0.0903559536779147	22.99320698033394					PASS
VCKSS-COMPARATIVE-SCALING-RESULT-V4	first	216	scale_strong_d6_n1966080_c2_r3	e1514185445cab36f930c90a44c5a4e23326e027	fbed59bf26bd6cf641bec0946ff6d32cdfe992786852947c530678dd4c86a026	strong_d6	strong	6	1966080	327680	8192	2	2	2	2	2	2	3	20260819	2	scc-mf7	Intel(R) Xeon(R) CPU E5-2650 v2 @ 2.60GHz	mata	PASS	0	0	0	3352.667	3368.36	5913.25	6.54			96.49600000000001	85.741	30.472	44.15	3222.204	18.071	1242.459	1909.791	17.503	827.2199999999999	332.132	2206.413									13177573376	13177573376	13175648256	31938450555	8506291168	8506291168														7.01567954981e-11	1e-09	12.0	NONE							21.50061757641848	1.311898505123223	0.090342101245403	22.99320028403251	6.68457191597e-07	2.320997425e-07	7.93530615228e-07	1.53549041149e-06	PASS
VCKSS-COMPARATIVE-SCALING-RESULT-V4	first	216	scale_strong_d6_n1966080_c2_r3	e1514185445cab36f930c90a44c5a4e23326e027	fbed59bf26bd6cf641bec0946ff6d32cdfe992786852947c530678dd4c86a026	strong_d6	strong	6	1966080	327680	8192	2	2	2	2	2	2	3	20260819	3	scc-mf7	Intel(R) Xeon(R) CPU E5-2650 v2 @ 2.60GHz	rust	PASS	0	0	0	227.293	240.85	461.45	4.564															0.099923035	0.975724467	0.849909391	0.960086243	0.345787719	0.0	221.218119783	224.449550638	4262334464	4262334464	4268441600	31938450555	27589540723	27589540723	19453533633	1145328108	2	2	1e-10	1e-06	0.896581187	0.446969085	2.255059444	185.6183782	10.425133312	5418	4817	6.94637606311e-06	1e-05	17.0	CMG_FULL_V2							21.50061762685627	1.311898128086526	0.090343512197885	22.99320277933857	8.13239424557e-07	2.29668516554e-07	8.15916570328e-07	1.44422747117e-06	PASS
VCKSS-COMPARATIVE-SCALING-RESULT-V4	first	216	scale_strong_d6_n1966080_c2_r3	e1514185445cab36f930c90a44c5a4e23326e027	fbed59bf26bd6cf641bec0946ff6d32cdfe992786852947c530678dd4c86a026	strong_d6	strong	6	1966080	327680	8192	2	2	2	2	2	2	3	20260819	1	scc-mf7	Intel(R) Xeon(R) CPU E5-2650 v2 @ 2.60GHz	matlab	PASS	0	0	0	480.530976	1252.8	945.95	8.997423	197.248322	5.102065																					8219828224	9341288448	3700690944	31938450555																				True	15	15	8.8e-11	MAINTAINED_UPSTREAM_INTERNAL	MATLAB_TWISTER_SEED_PLUS_WORKER_INDEX	21.500610918712447	1.3118834498488465	0.09035584822320486	22.9932060650077					PASS
VCKSS-COMPARATIVE-SCALING-RESULT-V4	first	217	scale_strong_d6_n1966080_c4_r1	e1514185445cab36f930c90a44c5a4e23326e027	fbed59bf26bd6cf641bec0946ff6d32cdfe992786852947c530678dd4c86a026	strong_d6	strong	6	1966080	327680	8192	4	4	4	4	4	4	1	104729	1	scc-na2	Intel(R) Xeon(R) CPU E5-2650 v2 @ 2.60GHz	mata	PASS	0	0	0	3022.47	3035.66	9646.830000000002	3.93			95.559	85.7	30.223	44.458	2893.614	17.777	1126.141	1697.527	15.077	824.848	266.017	1895.395									13119238144	13119238144	13117333504	52648782857	8506291115	8506291115														7.33975284977e-11	1e-09	12.0	NONE							21.50061554466156	1.311897919150576	0.0903430116980734	22.99319948720828	7.73304795434e-07	2.38154198073e-07	8.14381961608e-07	1.54470673661e-06	PASS
VCKSS-COMPARATIVE-SCALING-RESULT-V4	first	217	scale_strong_d6_n1966080_c4_r1	e1514185445cab36f930c90a44c5a4e23326e027	fbed59bf26bd6cf641bec0946ff6d32cdfe992786852947c530678dd4c86a026	strong_d6	strong	6	1966080	327680	8192	4	4	4	4	4	4	1	104729	2	scc-na2	Intel(R) Xeon(R) CPU E5-2650 v2 @ 2.60GHz	rust	PASS	0	0	0	136.385	149.16	521.62	4.061															0.098128954	0.969339678	0.858311057	0.979956054	0.350865882	0.0	130.763637234	134.020238859	4226592768	4226592768	4274348032	52648782857	32840389900	32840389900	19512342657	1194335628	4	4	1e-10	1e-06	0.888368739	0.35990357	1.398454935	109.53282841	5.38753547	5418	4817	6.92905876357e-06	1e-05	17.0	CMG_FULL_V2							21.50061713482349	1.311898054080774	0.0903434250820901	22.99320203906844	7.55914900455e-07	2.46092330334e-07	8.02313827061e-07	1.56381204474e-06	PASS
VCKSS-COMPARATIVE-SCALING-RESULT-V4	first	217	scale_strong_d6_n1966080_c4_r1	e1514185445cab36f930c90a44c5a4e23326e027	fbed59bf26bd6cf641bec0946ff6d32cdfe992786852947c530678dd4c86a026	strong_d6	strong	6	1966080	327680	8192	4	4	4	4	4	4	1	104729	3	scc-na2	Intel(R) Xeon(R) CPU E5-2650 v2 @ 2.60GHz	matlab	PASS	0	0	0	341.584903	621.14	1146.24	6.483514	154.014929	5.855544																					12899508224	12899508224	3849748480	52648782857																				True	15	15	8.8e-11	MAINTAINED_UPSTREAM_INTERNAL	MATLAB_TWISTER_SEED_PLUS_WORKER_INDEX	21.5006115954454	1.3118835300494947	0.09035551430630005	22.993206154107494					PASS
VCKSS-COMPARATIVE-SCALING-RESULT-V4	first	218	scale_strong_d6_n1966080_c4_r2	e1514185445cab36f930c90a44c5a4e23326e027	fbed59bf26bd6cf641bec0946ff6d32cdfe992786852947c530678dd4c86a026	strong_d6	strong	6	1966080	327680	8192	4	4	4	4	4	4	2	8675309	3	scc-eg1	Intel(R) Xeon(R) Gold 6226R CPU @ 2.90GHz	mata	PASS	0	0	0	2551.226	2561.15	8426.76	4.141			81.542	70.721	29.16	41.139	2437.544	16.736	932.058	1438.595	13.229	588.5749999999999	247.053	1682.245									13107896320	13107896320	13105930240	52839908901	8506291132	8506291132														7.39065940624e-11	1e-09	12.0	NONE							21.50061643160396	1.311898096094031	0.090342709584009	22.99319994686601	7.78646918287e-07	2.46348157396e-07	7.43104261924e-07	1.47420541891e-06	PASS
VCKSS-COMPARATIVE-SCALING-RESULT-V4	first	218	scale_strong_d6_n1966080_c4_r2	e1514185445cab36f930c90a44c5a4e23326e027	fbed59bf26bd6cf641bec0946ff6d32cdfe992786852947c530678dd4c86a026	strong_d6	strong	6	1966080	327680	8192	4	4	4	4	4	4	2	8675309	1	scc-eg1	Intel(R) Xeon(R) Gold 6226R CPU @ 2.90GHz	rust	PASS	0	0	0	173.396	183.42	604.96	4.576															0.092074868	0.939987552	0.809897593	0.906622399	0.330896041	0.0	168.343290382	171.422768835	4450914304	4450914304	4467429376	52839908901	32840389900	32840389900	19512342657	1194335628	4	4	1e-10	1e-06	1.161273826	0.410556073	1.656051561	148.466987232	5.989473842	5418	4817	6.96132114089e-06	1e-05	17.0	CMG_FULL_V2							21.50061498020741	1.311898142543804	0.0903437580133121	22.99320063877784	7.99237892733e-07	2.31663641016e-07	7.79081381993e-07	1.52164500875e-06	PASS
VCKSS-COMPARATIVE-SCALING-RESULT-V4	first	218	scale_strong_d6_n1966080_c4_r2	e1514185445cab36f930c90a44c5a4e23326e027	fbed59bf26bd6cf641bec0946ff6d32cdfe992786852947c530678dd4c86a026	strong_d6	strong	6	1966080	327680	8192	4	4	4	4	4	4	2	8675309	2	scc-eg1	Intel(R) Xeon(R) Gold 6226R CPU @ 2.90GHz	matlab	PASS	0	0	0	215.195276	800.06	892.39	6.608173	293.859059	5.613301																					13119418368	13119418368	3996147712	52839908901																				True	15	15	8.8e-11	MAINTAINED_UPSTREAM_INTERNAL	MATLAB_TWISTER_SEED_PLUS_WORKER_INDEX	21.500612434935142	1.3118834502523544	0.09035611256504128	22.99320811031758					PASS
VCKSS-COMPARATIVE-SCALING-RESULT-V4	first	219	scale_strong_d6_n1966080_c4_r3	e1514185445cab36f930c90a44c5a4e23326e027	fbed59bf26bd6cf641bec0946ff6d32cdfe992786852947c530678dd4c86a026	strong_d6	strong	6	1966080	327680	8192	4	4	4	4	4	4	3	20260819	2	scc-h32	INTEL(R) XEON(R) GOLD 6526Y	mata	PASS	0	0	0	1532.833	1539.58	5600.320000000001	3.087			37.497	31.8	13.859	20.329	1479.737	10.344	562.421	882.415	7.74	319.825	150.279	1058.141									13444182016	13444182016	13442183168	53229677183	8506291154	8506291154														7.01567951517e-11	1e-09	12.0	NONE							21.50061757641848	1.311898505123223	0.090342101245403	22.99320028403251	6.68457191597e-07	2.320997425e-07	7.93530615228e-07	1.53549041149e-06	PASS
VCKSS-COMPARATIVE-SCALING-RESULT-V4	first	219	scale_strong_d6_n1966080_c4_r3	e1514185445cab36f930c90a44c5a4e23326e027	fbed59bf26bd6cf641bec0946ff6d32cdfe992786852947c530678dd4c86a026	strong_d6	strong	6	1966080	327680	8192	4	4	4	4	4	4	3	20260819	3	scc-h32	INTEL(R) XEON(R) GOLD 6526Y	rust	PASS	0	0	0	79.896	86.78	295.96	3.206															0.060967565	0.67870454	0.532660762	0.541427718	0.220899648	0.0	76.528314343	78.562974576	4188581888	4188581888	4204965888	53229677183	32840389900	32840389900	19512342657	1194335628	4	4	1e-10	1e-06	0.576323421	0.214708643	0.745026411	65.064484489	3.072674651	5418	4817	6.94637606311e-06	1e-05	17.0	CMG_FULL_V2							21.50061762685627	1.311898128086526	0.090343512197885	22.99320277933857	8.13239424557e-07	2.29668516554e-07	8.15916570328e-07	1.44422747117e-06	PASS
VCKSS-COMPARATIVE-SCALING-RESULT-V4	first	219	scale_strong_d6_n1966080_c4_r3	e1514185445cab36f930c90a44c5a4e23326e027	fbed59bf26bd6cf641bec0946ff6d32cdfe992786852947c530678dd4c86a026	strong_d6	strong	6	1966080	327680	8192	4	4	4	4	4	4	3	20260819	1	scc-h32	INTEL(R) XEON(R) GOLD 6526Y	matlab	PASS	0	0	0	154.438942	400.89	611.96	4.410916	94.862559	4.072762																					13038624768	13038624768	3888132096	53229677183																				True	15	15	8.8e-11	MAINTAINED_UPSTREAM_INTERNAL	MATLAB_TWISTER_SEED_PLUS_WORKER_INDEX	21.50061242382808	1.3118834000191684	0.0903558806481397	22.99320758514353					PASS
VCKSS-COMPARATIVE-SCALING-RESULT-V4	first	220	scale_strong_d6_n1966080_c8_r1	e1514185445cab36f930c90a44c5a4e23326e027	fbed59bf26bd6cf641bec0946ff6d32cdfe992786852947c530678dd4c86a026	strong_d6	strong	6	1966080	327680	8192	8	4	4	4	8	8	1	104729	1	scc-ke3	Intel(R) Xeon(R) Gold 6426Y	mata	PASS	0	0	0	1670.117	1677.18	6058.33	3.121			40.238	33.328	16.205	24.314	1611.636	12.624	611.629	957.642	8.289	333.3530000000001	163.205	1163.649									13565796352	13565796352	13563727872	95458869380	8506291108	8506291108														7.33975284977e-11	1e-09	12.0	NONE							21.50061554466156	1.311897919150576	0.0903430116980734	22.99319948720828	7.73304795434e-07	2.38154198073e-07	8.14381961608e-07	1.54470673661e-06	PASS
VCKSS-COMPARATIVE-SCALING-RESULT-V4	first	220	scale_strong_d6_n1966080_c8_r1	e1514185445cab36f930c90a44c5a4e23326e027	fbed59bf26bd6cf641bec0946ff6d32cdfe992786852947c530678dd4c86a026	strong_d6	strong	6	1966080	327680	8192	8	4	8	4	8	8	1	104729	2	scc-ke3	Intel(R) Xeon(R) Gold 6426Y	rust	PASS	0	0	0	73.604	80.76	392.32	3.143															0.070501945	0.728769754	0.634147334	0.616276163	0.231728138	0.0	69.972378876	72.25380221	4782702592	4782702592	4788961280	95458869380	43342088256	43342088256	19629960705	1292350668	8	8	1e-10	1e-06	0.9328175	0.292178658	0.631273947	59.693271081	2.771047421	5418	4817	6.92905876357e-06	1e-05	17.0	CMG_FULL_V2							21.50061713482349	1.311898054080774	0.0903434250820901	22.99320203906844	7.55914900455e-07	2.46092330334e-07	8.02313827061e-07	1.56381204474e-06	PASS
VCKSS-COMPARATIVE-SCALING-RESULT-V4	first	220	scale_strong_d6_n1966080_c8_r1	e1514185445cab36f930c90a44c5a4e23326e027	fbed59bf26bd6cf641bec0946ff6d32cdfe992786852947c530678dd4c86a026	strong_d6	strong	6	1966080	327680	8192	8	4	8	4	8	8	1	104729	3	scc-ke3	Intel(R) Xeon(R) Gold 6426Y	matlab	PASS	0	0	0	111.188292	220.09	808.01	4.105544	34.475889	4.506205																					22555439104	22555439104	4418502656	95458869380																				True	15	15	8.8e-11	MAINTAINED_UPSTREAM_INTERNAL	MATLAB_TWISTER_SEED_PLUS_WORKER_INDEX	21.500610930950142	1.3118834943916429	0.09035594051733246	22.99320630637645					PASS
VCKSS-COMPARATIVE-SCALING-RESULT-V4	first	221	scale_strong_d6_n1966080_c8_r2	e1514185445cab36f930c90a44c5a4e23326e027	fbed59bf26bd6cf641bec0946ff6d32cdfe992786852947c530678dd4c86a026	strong_d6	strong	6	1966080	327680	8192	8	4	4	4	8	8	2	8675309	3	scc-h32	INTEL(R) XEON(R) GOLD 6526Y	mata	PASS	0	0	0	1528.772	1535.67	5577.16	3.081			37.743	31.953	13.76	20.084	1475.535	10.288	560.52	880.461	7.802999999999999	314.279	151.538	1060.133									13793042432	13793042432	13791219712	95784213152	8506291156	8506291156														7.39065940624e-11	1e-09	12.0	NONE							21.50061643160396	1.311898096094031	0.090342709584009	22.99319994686601	7.78646918287e-07	2.46348157396e-07	7.43104261924e-07	1.47420541891e-06	PASS
VCKSS-COMPARATIVE-SCALING-RESULT-V4	first	221	scale_strong_d6_n1966080_c8_r2	e1514185445cab36f930c90a44c5a4e23326e027	fbed59bf26bd6cf641bec0946ff6d32cdfe992786852947c530678dd4c86a026	strong_d6	strong	6	1966080	327680	8192	8	4	8	4	8	8	2	8675309	1	scc-h32	INTEL(R) XEON(R) GOLD 6526Y	rust	PASS	0	0	0	47.729	53.87	319.73	2.441															0.061215587	0.677822484	0.531179567	0.53358295	0.21953223	0.0	44.465872542	46.48920536	3910770688	3910770688	3952861184	95784213152	43342088256	43342088256	19629960705	1292350668	8	8	1e-10	1e-06	0.603021559	0.210617591	0.51699991	37.251155375	1.514980815	5418	4817	6.96132114089e-06	1e-05	17.0	CMG_FULL_V2							21.50061498020741	1.311898142543804	0.0903437580133121	22.99320063877784	7.99237892733e-07	2.31663641016e-07	7.79081381993e-07	1.52164500875e-06	PASS
VCKSS-COMPARATIVE-SCALING-RESULT-V4	first	221	scale_strong_d6_n1966080_c8_r2	e1514185445cab36f930c90a44c5a4e23326e027	fbed59bf26bd6cf641bec0946ff6d32cdfe992786852947c530678dd4c86a026	strong_d6	strong	6	1966080	327680	8192	8	4	8	4	8	8	2	8675309	2	scc-h32	INTEL(R) XEON(R) GOLD 6526Y	matlab	PASS	0	0	0	99.519162	213.6	708.87	3.156287	32.100738	4.554416																					22370598912	22370598912	4359163904	95784213152																				True	15	15	8.8e-11	MAINTAINED_UPSTREAM_INTERNAL	MATLAB_TWISTER_SEED_PLUS_WORKER_INDEX	21.500611596702278	1.3118834423879735	0.0903556039151639	22.99320624692058					PASS
VCKSS-COMPARATIVE-SCALING-RESULT-V4	first	222	scale_strong_d6_n1966080_c8_r3	e1514185445cab36f930c90a44c5a4e23326e027	fbed59bf26bd6cf641bec0946ff6d32cdfe992786852947c530678dd4c86a026	strong_d6	strong	6	1966080	327680	8192	8	4	4	4	8	8	3	20260819	2	scc-ke1	Intel(R) Xeon(R) Gold 6426Y	mata	PASS	0	0	0	1597.489	1604.43	5822.910000000001	3.126			40.31	33.353	16.425	23.215	1538.541	11.881	582.812	915.35	8.002	315.234	156.343	1112.665									13703106560	13703106560	13701029888	96271691940	8506291175	8506291175														7.01567951517e-11	1e-09	12.0	NONE							21.50061757641848	1.311898505123223	0.090342101245403	22.99320028403251	6.68457191597e-07	2.320997425e-07	7.93530615228e-07	1.53549041149e-06	PASS
VCKSS-COMPARATIVE-SCALING-RESULT-V4	first	222	scale_strong_d6_n1966080_c8_r3	e1514185445cab36f930c90a44c5a4e23326e027	fbed59bf26bd6cf641bec0946ff6d32cdfe992786852947c530678dd4c86a026	strong_d6	strong	6	1966080	327680	8192	8	4	8	4	8	8	3	20260819	3	scc-ke1	Intel(R) Xeon(R) Gold 6426Y	rust	PASS	0	0	0	54.826	61.25	347.62	2.739															0.061568037	0.671601951	0.608437661	0.568814182	0.214349004	0.0	51.510755501	53.635526336	4861272064	4861272064	4866101248	96271691940	43342088256	43342088256	19629960705	1292350668	8	8	1e-10	1e-06	0.785437309	0.253675583	0.509296386	43.647787234	1.780158919	5418	4817	6.94637606311e-06	1e-05	17.0	CMG_FULL_V2							21.50061762685627	1.311898128086526	0.090343512197885	22.99320277933857	8.13239424557e-07	2.29668516554e-07	8.15916570328e-07	1.44422747117e-06	PASS
VCKSS-COMPARATIVE-SCALING-RESULT-V4	first	222	scale_strong_d6_n1966080_c8_r3	e1514185445cab36f930c90a44c5a4e23326e027	fbed59bf26bd6cf641bec0946ff6d32cdfe992786852947c530678dd4c86a026	strong_d6	strong	6	1966080	327680	8192	8	4	8	4	8	8	3	20260819	1	scc-ke1	Intel(R) Xeon(R) Gold 6426Y	matlab	PASS	0	0	0	106.318598	229.3	779.74	3.39444	40.565702	4.538272																					22569390080	22569390080	4368945152	96271691940																				True	15	15	8.8e-11	MAINTAINED_UPSTREAM_INTERNAL	MATLAB_TWISTER_SEED_PLUS_WORKER_INDEX	21.500611703270156	1.3118834627703007	0.09035610447431787	22.99320737498909					PASS
VCKSS-COMPARATIVE-SCALING-RESULT-V4	first	223	scale_strong_d6_n1966080_c16_r1	e1514185445cab36f930c90a44c5a4e23326e027	fbed59bf26bd6cf641bec0946ff6d32cdfe992786852947c530678dd4c86a026	strong_d6	strong	6	1966080	327680	8192	16	4	4	4	16	16	1	104729	1	scc-mb7	Intel(R) Xeon(R) CPU E5-2650 v2 @ 2.60GHz	mata	PASS	0	0	0	3015.431	3028.25	9615.66	4.024			95.94800000000001	86.111	30.456	44.322	2886.099	17.883	1119.727	1696.398	15.38	823.378	264.814	1889.572									13195972608	13195972608	13194215424	187034014581	8506291167	8506291167														7.33975284977e-11	1e-09	12.0	NONE							21.50061554466156	1.311897919150576	0.0903430116980734	22.99319948720828	7.73304795434e-07	2.38154198073e-07	8.14381961608e-07	1.54470673661e-06	PASS
VCKSS-COMPARATIVE-SCALING-RESULT-V4	first	223	scale_strong_d6_n1966080_c16_r1	e1514185445cab36f930c90a44c5a4e23326e027	fbed59bf26bd6cf641bec0946ff6d32cdfe992786852947c530678dd4c86a026	strong_d6	strong	6	1966080	327680	8192	16	4	16	4	16	16	1	104729	2	scc-mb7	Intel(R) Xeon(R) CPU E5-2650 v2 @ 2.60GHz	rust	PASS	0	0	0	55.86	69.12	638.41	3.777															0.098876984	0.966937895	0.834638003	0.992901793	0.345411992	0.0	50.309832195	53.548598862	5083394048	5083394048	5084233728	187034014581	64345484966	64345484966	19865196801	1488380748	16	16	1e-10	1e-06	0.895166619	0.332341861	0.788920059	39.34429901	1.838785236	5418	4817	6.92905876357e-06	1e-05	17.0	CMG_FULL_V2							21.50061713482349	1.311898054080774	0.0903434250820901	22.99320203906844	7.55914900455e-07	2.46092330334e-07	8.02313827061e-07	1.56381204474e-06	PASS
VCKSS-COMPARATIVE-SCALING-RESULT-V4	first	223	scale_strong_d6_n1966080_c16_r1	e1514185445cab36f930c90a44c5a4e23326e027	fbed59bf26bd6cf641bec0946ff6d32cdfe992786852947c530678dd4c86a026	strong_d6	strong	6	1966080	327680	8192	16	4	16	4	16	16	1	104729	3	scc-mb7	Intel(R) Xeon(R) CPU E5-2650 v2 @ 2.60GHz	matlab	PASS	0	0	0	209.243087	656.15	1969.1	7.519019	246.537196	5.651962																					40837246976	40837246976	5367140352	187034014581																				True	15	15	8.8e-11	MAINTAINED_UPSTREAM_INTERNAL	MATLAB_TWISTER_SEED_PLUS_WORKER_INDEX	21.500612326474112	1.3118834685670446	0.09035586574648193	22.99320752653412					PASS
VCKSS-COMPARATIVE-SCALING-RESULT-V4	first	224	scale_strong_d6_n1966080_c16_r2	e1514185445cab36f930c90a44c5a4e23326e027	fbed59bf26bd6cf641bec0946ff6d32cdfe992786852947c530678dd4c86a026	strong_d6	strong	6	1966080	327680	8192	16	4	4	4	16	16	2	8675309	3	scc-cb6	Intel(R) Xeon(R) CPU E5-2650 v2 @ 2.60GHz	mata	PASS	0	0	0	2999.413	3011.97	9573.09	3.895			95.745	85.888	30.411	44.204	2870.232	17.712	1114.137	1686.47	15.159	821.998	262.746	1876.34									13306904576	13306904576	13327949824	197492259947	8506291158	8506291158														7.39065940624e-11	1e-09	12.0	NONE							21.50061643160396	1.311898096094031	0.090342709584009	22.99319994686601	7.78646918287e-07	2.46348157396e-07	7.43104261924e-07	1.47420541891e-06	PASS
VCKSS-COMPARATIVE-SCALING-RESULT-V4	first	224	scale_strong_d6_n1966080_c16_r2	e1514185445cab36f930c90a44c5a4e23326e027	fbed59bf26bd6cf641bec0946ff6d32cdfe992786852947c530678dd4c86a026	strong_d6	strong	6	1966080	327680	8192	16	4	16	4	16	16	2	8675309	1	scc-cb6	Intel(R) Xeon(R) CPU E5-2650 v2 @ 2.60GHz	rust	PASS	0	0	0	56.057	68.24	637.38	3.762															0.098880429	0.981050661	0.838098341	0.961024508	0.347858849	0.0	50.43969569	53.666608478	5080682496	5080682496	5078626304	197492259947	64345484966	64345484966	19865196801	1488380748	16	16	1e-10	1e-06	0.898096858	0.345167603	0.800600176	39.39623676	1.829039778	5418	4817	6.96132114089e-06	1e-05	17.0	CMG_FULL_V2							21.50061498020741	1.311898142543804	0.0903437580133121	22.99320063877784	7.99237892733e-07	2.31663641016e-07	7.79081381993e-07	1.52164500875e-06	PASS
VCKSS-COMPARATIVE-SCALING-RESULT-V4	first	224	scale_strong_d6_n1966080_c16_r2	e1514185445cab36f930c90a44c5a4e23326e027	fbed59bf26bd6cf641bec0946ff6d32cdfe992786852947c530678dd4c86a026	strong_d6	strong	6	1966080	327680	8192	16	4	16	4	16	16	2	8675309	2	scc-cb6	Intel(R) Xeon(R) CPU E5-2650 v2 @ 2.60GHz	matlab	PASS	0	0	0	209.761853	442.27	1921.94	6.381946	73.45897	5.953164																					47082266624	47082266624	8810049536	197492259947																				True	15	15	8.8e-11	MAINTAINED_UPSTREAM_INTERNAL	MATLAB_TWISTER_SEED_PLUS_WORKER_INDEX	21.50061167779764	1.3118834307871554	0.09035559856803874	22.99320630572087					PASS
VCKSS-COMPARATIVE-SCALING-RESULT-V4	first	225	scale_strong_d6_n1966080_c16_r3	e1514185445cab36f930c90a44c5a4e23326e027	fbed59bf26bd6cf641bec0946ff6d32cdfe992786852947c530678dd4c86a026	strong_d6	strong	6	1966080	327680	8192	16	4	4	4	16	16	3	20260819	2	scc-cb4	Intel(R) Xeon(R) CPU E5-2670 0 @ 2.60GHz	mata	PASS	0	0	0	3080.349	3093.38	9761.16	3.705			102.591	92.258	31.866	46.427	2942.667	18.225	1148.9	1720.927	15.267	866.1330000000002	255.3660000000001	1893.884									13166448640	13166448640	13164507136	185934502953	8506291192	8506291192														7.01567951517e-11	1e-09	12.0	NONE							21.50061757641848	1.311898505123223	0.090342101245403	22.99320028403251	6.68457191597e-07	2.320997425e-07	7.93530615228e-07	1.53549041149e-06	PASS
VCKSS-COMPARATIVE-SCALING-RESULT-V4	first	225	scale_strong_d6_n1966080_c16_r3	e1514185445cab36f930c90a44c5a4e23326e027	fbed59bf26bd6cf641bec0946ff6d32cdfe992786852947c530678dd4c86a026	strong_d6	strong	6	1966080	327680	8192	16	4	16	4	16	16	3	20260819	3	scc-cb4	Intel(R) Xeon(R) CPU E5-2670 0 @ 2.60GHz	rust	PASS	0	0	0	61.753	75.67	719.3900000000001	4.762															0.100597292	1.041849604	0.966692301	1.040210435	0.376520076	0.0	55.61996627	59.145835978	4475760640	4475760640	4478619648	185934502953	64345484966	64345484966	19865196801	1488380748	16	16	1e-10	1e-06	0.945278433	0.341441679	0.870972718	42.650523511	2.20258004	5418	4817	6.94637606311e-06	1e-05	17.0	CMG_FULL_V2							21.50061762685627	1.311898128086526	0.090343512197885	22.99320277933857	8.13239424557e-07	2.29668516554e-07	8.15916570328e-07	1.44422747117e-06	PASS
VCKSS-COMPARATIVE-SCALING-RESULT-V4	first	225	scale_strong_d6_n1966080_c16_r3	e1514185445cab36f930c90a44c5a4e23326e027	fbed59bf26bd6cf641bec0946ff6d32cdfe992786852947c530678dd4c86a026	strong_d6	strong	6	1966080	327680	8192	16	4	16	4	16	16	3	20260819	1	scc-cb4	Intel(R) Xeon(R) CPU E5-2670 0 @ 2.60GHz	matlab	PASS	0	0	0	226.626868	458.09000000000003	2161.84	6.039735	128.535861	6.204943																					40369037312	40369037312	5375217664	185934502953																				True	15	15	8.8e-11	MAINTAINED_UPSTREAM_INTERNAL	MATLAB_TWISTER_SEED_PLUS_WORKER_INDEX	21.500611115103904	1.3118834372150945	0.0903565605163071	22.993207673351613					PASS
VCKSS-COMPARATIVE-SCALING-RESULT-V4	repair-full	226	scale_weak_d3_n7680_c1_r1	ca162022833c3d6e6906c11cf4860baf0d52fd86	02d6eb6ffc96e0eb7eea1252605663e3e206c6ce177f3cf7f0e860c2b25f40f9	weak_d3	weak	3	7680	2560	1313	1	1	1	1	1	1	1	104729	1	scc-b18	Intel(R) Xeon(R) 6737P	mata	PASS	0	0	0	3.979	4.45	4.31	0.365			0.337	0.114	0.046	0.345	3.38	0.018	1.279	1.724	0.046	1.125	0.0	1.582									290009088	290009088	287870976	18843095270	1359523318	1359523318														1.26710958272e-14	1e-09	1.0	NONE							21.34676173794181	1.464308610284538	-0.3267798892303979	22.15751056976555	0.0002815468245488	0.0002092926426318	0.0002297567001747	0.0001578415964894	PASS
VCKSS-COMPARATIVE-SCALING-RESULT-V4	repair-full	226	scale_weak_d3_n7680_c1_r1	ca162022833c3d6e6906c11cf4860baf0d52fd86	02d6eb6ffc96e0eb7eea1252605663e3e206c6ce177f3cf7f0e860c2b25f40f9	weak_d3	weak	3	7680	2560	1313	1	1	1	1	1	1	1	104729	2	scc-b18	Intel(R) Xeon(R) 6737P	rust	PASS	0	0	0	0.8009999999999999	1.23	1.1900000000000002	0.348															0.000227071	0.001894391	0.001573483	0.001619247	0.000619331	0.0	0.640759736	0.646693259	191057920	191057920	192135168	18843095270	817923993	817923993	784967740	3281984	1	1	1e-10	1e-06	0.000997393	7.8909e-05	0.015464568	0.363374508	0.179832154	13838	12245	9.98226080849e-06	1e-05	29.0	CMG_FULL_V2							21.34653708393405	1.46441077168786	-0.3267677735377494	22.1574123085464	0.0002611692938971	0.0002182610064047	0.0002324119304068	0.000142510616444	PASS
VCKSS-COMPARATIVE-SCALING-RESULT-V4	repair-full	226	scale_weak_d3_n7680_c1_r1	ca162022833c3d6e6906c11cf4860baf0d52fd86	02d6eb6ffc96e0eb7eea1252605663e3e206c6ce177f3cf7f0e860c2b25f40f9	weak_d3	weak	3	7680	2560	1313	1	1	1	1	1	1	1	104729	3	scc-b18	Intel(R) Xeon(R) 6737P	matlab	PASS	0	0	0	2.489633	78.43	31.79	2.727011	28.163875	2.686393																					3299139584	3325902848	1822617600	18843095270																				True	26	26	1.1e-11	MAINTAINED_UPSTREAM_INTERNAL	MATLAB_TWISTER_SEED_PLUS_WORKER_INDEX	21.349399020615444	1.464605891295111	-0.326859048191414	22.160286815527726					PASS
VCKSS-COMPARATIVE-SCALING-RESULT-V4	repair-full	227	scale_weak_d3_n7680_c1_r2	ca162022833c3d6e6906c11cf4860baf0d52fd86	02d6eb6ffc96e0eb7eea1252605663e3e206c6ce177f3cf7f0e860c2b25f40f9	weak_d3	weak	3	7680	2560	1313	1	1	1	1	1	1	2	8675309	3	scc-b11	Intel(R) Xeon(R) 6737P	mata	PASS	0	0	0	4.1	4.62	4.43	0.384			0.3759999999999999	0.113	0.047	0.363	3.443	0.021	1.301	1.744	0.047	1.122	0.0	1.623									280260608	280260608	286404608	18843095270	1359523364	1359523364														1.54986391652e-14	1e-09	1.0	NONE							21.34674599059193	1.46444162882173	-0.3268474271583031	22.15749276509706	0.0002749661632221	0.0001982028013688	0.0002328653638139	0.0001368740097402	PASS
VCKSS-COMPARATIVE-SCALING-RESULT-V4	repair-full	227	scale_weak_d3_n7680_c1_r2	ca162022833c3d6e6906c11cf4860baf0d52fd86	02d6eb6ffc96e0eb7eea1252605663e3e206c6ce177f3cf7f0e860c2b25f40f9	weak_d3	weak	3	7680	2560	1313	1	1	1	1	1	1	2	8675309	1	scc-b11	Intel(R) Xeon(R) 6737P	rust	PASS	0	0	0	0.8280000000000001	1.32	1.2400000000000002	0.38															0.000255869	0.001955355	0.001572304	0.001747773	0.000648706	0.0	0.662112054	0.668292061	197201920	197201920	195334144	18843095270	817923993	817923993	784967740	3281984	1	1	1e-10	1e-06	0.001037266	8.7386e-05	0.01774882	0.365695666	0.188739034	13913	12319	9.99734396598e-06	1e-05	29.0	CMG_FULL_V2							21.34642955212928	1.464163024082552	-0.3265580346869183	22.15747650683799	0.0002479371237632	0.0001876992550107	0.0002101871026601	0.0001353648161738	PASS
VCKSS-COMPARATIVE-SCALING-RESULT-V4	repair-full	227	scale_weak_d3_n7680_c1_r2	ca162022833c3d6e6906c11cf4860baf0d52fd86	02d6eb6ffc96e0eb7eea1252605663e3e206c6ce177f3cf7f0e860c2b25f40f9	weak_d3	weak	3	7680	2560	1313	1	1	1	1	1	1	2	8675309	2	scc-b11	Intel(R) Xeon(R) 6737P	matlab	PASS	0	0	0	2.87783	128.3	35.73	2.038815	37.623127	2.994381																					3288940544	3322527744	1823879168	18843095270																				True	26	26	1.1e-11	MAINTAINED_UPSTREAM_INTERNAL	MATLAB_TWISTER_SEED_PLUS_WORKER_INDEX	21.348907975415436	1.4644056448476586	-0.32659849948215985	22.160116621298776					PASS
VCKSS-COMPARATIVE-SCALING-RESULT-V4	repair-full	228	scale_weak_d3_n7680_c1_r3	ca162022833c3d6e6906c11cf4860baf0d52fd86	02d6eb6ffc96e0eb7eea1252605663e3e206c6ce177f3cf7f0e860c2b25f40f9	weak_d3	weak	3	7680	2560	1313	1	1	1	1	1	1	3	20260819	2	scc-b15	Intel(R) Xeon(R) 6737P	mata	PASS	0	0	0	3.961	4.41	4.28	0.363			0.35	0.112	0.046	0.346	3.354	0.018	1.265	1.71	0.046	1.113	0.0	1.564									289095680	289095680	287117312	18921478423	1359523359	1359523359														1.9727851196e-14	1e-09	1.0	NONE							21.34614211970692	1.463835808540951	-0.3262879825079223	22.15740196323202	0.0002534543965619	0.00022358817703	0.000216013419931	0.0001510862061776	PASS
VCKSS-COMPARATIVE-SCALING-RESULT-V4	repair-full	228	scale_weak_d3_n7680_c1_r3	ca162022833c3d6e6906c11cf4860baf0d52fd86	02d6eb6ffc96e0eb7eea1252605663e3e206c6ce177f3cf7f0e860c2b25f40f9	weak_d3	weak	3	7680	2560	1313	1	1	1	1	1	1	3	20260819	3	scc-b15	Intel(R) Xeon(R) 6737P	rust	PASS	0	0	0	0.802	1.22	1.1800000000000002	0.348															0.000241871	0.001946626	0.001574209	0.001729722	0.000632369	0.0	0.640052743	0.64617754	196182016	196182016	194269184	18921478423	817923993	817923993	784967740	3281984	1	1	1e-10	1e-06	0.00099642	8.0832e-05	0.015148686	0.36289901	0.179697062	13903	12306	9.9404357406e-06	1e-05	29.0	CMG_FULL_V2							21.34556793971852	1.463596704986139	-0.3258678497988386	22.15742894510698	0.0002927332956003	0.0002397141818217	0.0002454278580161	0.0001332790446583	PASS
VCKSS-COMPARATIVE-SCALING-RESULT-V4	repair-full	228	scale_weak_d3_n7680_c1_r3	ca162022833c3d6e6906c11cf4860baf0d52fd86	02d6eb6ffc96e0eb7eea1252605663e3e206c6ce177f3cf7f0e860c2b25f40f9	weak_d3	weak	3	7680	2560	1313	1	1	1	1	1	1	3	20260819	1	scc-b15	Intel(R) Xeon(R) 6737P	matlab	PASS	0	0	0	2.429208	47.27	30.66	1.840168	16.566646	2.701517																					3292647424	3331395584	1827614720	18921478423																				True	26	26	1.1e-11	MAINTAINED_UPSTREAM_INTERNAL	MATLAB_TWISTER_SEED_PLUS_WORKER_INDEX	21.34951992416469	1.4645732648696996	-0.326874133467619	22.16034492209915					PASS
VCKSS-COMPARATIVE-SCALING-RESULT-V4	repair-full	229	scale_weak_d3_n7680_c2_r1	ca162022833c3d6e6906c11cf4860baf0d52fd86	02d6eb6ffc96e0eb7eea1252605663e3e206c6ce177f3cf7f0e860c2b25f40f9	weak_d3	weak	3	7680	2560	1313	2	2	2	2	2	2	1	104729	1	scc-sb4	Intel(R) Xeon(R) CPU E5-2650 v2 @ 2.60GHz	mata	PASS	0	0	0	9.072	9.7	18.700000000000003	0.466			0.8220000000000001	0.354	0.115	0.388	7.664	0.04	3.004	4.204	0.064	3.142999999999999	0.0	3.677999999999999									296460288	296460288	297672704	29748017234	1359523378	1359523378														1.11133473298e-14	1e-09	1.0	NONE							21.34676173794181	1.464308610284536	-0.3267798892303961	22.15751056976555	0.0002815468245488	0.0002092926426318	0.0002297567001747	0.0001578415964894	PASS
VCKSS-COMPARATIVE-SCALING-RESULT-V4	repair-full	229	scale_weak_d3_n7680_c2_r1	ca162022833c3d6e6906c11cf4860baf0d52fd86	02d6eb6ffc96e0eb7eea1252605663e3e206c6ce177f3cf7f0e860c2b25f40f9	weak_d3	weak	3	7680	2560	1313	2	2	2	2	2	2	1	104729	2	scc-sb4	Intel(R) Xeon(R) CPU E5-2650 v2 @ 2.60GHz	rust	PASS	0	0	0	1.136	1.75	2.9600000000000004	0.469															0.000464381	0.00306303	0.002825481	0.003259849	0.001208425	0.0	0.761576132	0.772397298	203845632	203845632	204386304	29748017234	829789900	829789900	785117865	3407088	2	2	1e-10	1e-06	0.00177348	0.000177293	0.023216092	0.428155966	0.198585361	13838	12245	9.98226080849e-06	1e-05	29.0	CMG_FULL_V2							21.34653708393405	1.46441077168786	-0.3267677735377494	22.1574123085464	0.0002611692938971	0.0002182610064047	0.0002324119304068	0.000142510616444	PASS
VCKSS-COMPARATIVE-SCALING-RESULT-V4	repair-full	229	scale_weak_d3_n7680_c2_r1	ca162022833c3d6e6906c11cf4860baf0d52fd86	02d6eb6ffc96e0eb7eea1252605663e3e206c6ce177f3cf7f0e860c2b25f40f9	weak_d3	weak	3	7680	2560	1313	2	2	2	2	2	2	1	104729	3	scc-sb4	Intel(R) Xeon(R) CPU E5-2650 v2 @ 2.60GHz	matlab	PASS	0	0	0	4.823757	84.01	109.47	2.598645	34.817417	4.568755																					5114650624	5159481344	1885749248	29748017234																				True	26	26	1.1e-11	MAINTAINED_UPSTREAM_INTERNAL	MATLAB_TWISTER_SEED_PLUS_WORKER_INDEX	21.349097199989018	1.4643701199786572	-0.3264873750113866	22.1604925699449					PASS
VCKSS-COMPARATIVE-SCALING-RESULT-V4	repair-full	230	scale_weak_d3_n7680_c2_r2	ca162022833c3d6e6906c11cf4860baf0d52fd86	02d6eb6ffc96e0eb7eea1252605663e3e206c6ce177f3cf7f0e860c2b25f40f9	weak_d3	weak	3	7680	2560	1313	2	2	2	2	2	2	2	8675309	3	scc-b23	Intel(R) Xeon(R) 6737P	mata	PASS	0	0	0	5.006	5.55	10.04	0.424			0.464	0.157	0.045	0.429	4.272	0.02	1.621	2.187	0.034	1.088	0.0	2.494000000000001									297271296	297271296	295325696	29615946990	1359523325	1359523325														1.66079176212e-14	1e-09	1.0	NONE							21.34674599059193	1.464441628821728	-0.3268474271583017	22.15749276509706	0.0002749661632221	0.0001982028013688	0.0002328653638139	0.0001368740097402	PASS
VCKSS-COMPARATIVE-SCALING-RESULT-V4	repair-full	230	scale_weak_d3_n7680_c2_r2	ca162022833c3d6e6906c11cf4860baf0d52fd86	02d6eb6ffc96e0eb7eea1252605663e3e206c6ce177f3cf7f0e860c2b25f40f9	weak_d3	weak	3	7680	2560	1313	2	2	2	2	2	2	2	8675309	1	scc-b23	Intel(R) Xeon(R) 6737P	rust	PASS	0	0	0	0.848	2.78	1.73	1.794															0.000232514	0.001924474	0.001689021	0.00166352	0.000617509	0.0	0.449567887	0.455694925	196050944	196050944	203657216	29615946990	829789900	829789900	785117865	3407088	2	2	1e-10	1e-06	0.000999141	0.000112583	0.013042762	0.256497823	0.120915128	13913	12319	9.99734396598e-06	1e-05	29.0	CMG_FULL_V2							21.34642955212928	1.464163024082552	-0.3265580346869183	22.15747650683799	0.0002479371237632	0.0001876992550107	0.0002101871026601	0.0001353648161738	PASS
VCKSS-COMPARATIVE-SCALING-RESULT-V4	repair-full	230	scale_weak_d3_n7680_c2_r2	ca162022833c3d6e6906c11cf4860baf0d52fd86	02d6eb6ffc96e0eb7eea1252605663e3e206c6ce177f3cf7f0e860c2b25f40f9	weak_d3	weak	3	7680	2560	1313	2	2	2	2	2	2	2	8675309	2	scc-b23	Intel(R) Xeon(R) 6737P	matlab	PASS	0	0	0	3.222502	486.13	59.620000000000005	5.128796	124.793595	4.159871																					5218897920	5260853248	1946755072	29615946990																				True	26	26	1.1e-11	MAINTAINED_UPSTREAM_INTERNAL	MATLAB_TWISTER_SEED_PLUS_WORKER_INDEX	21.34914853600312	1.4644063124672115	-0.32659714733516043	22.16036055380001					PASS
VCKSS-COMPARATIVE-SCALING-RESULT-V4	repair-full	231	scale_weak_d3_n7680_c2_r3	ca162022833c3d6e6906c11cf4860baf0d52fd86	02d6eb6ffc96e0eb7eea1252605663e3e206c6ce177f3cf7f0e860c2b25f40f9	weak_d3	weak	3	7680	2560	1313	2	2	2	2	2	2	3	20260819	2	scc-sa7	Intel(R) Xeon(R) CPU E5-2650 v2 @ 2.60GHz	mata	PASS	0	0	0	9.46	12.19	18.82	2.336			0.876	0.36	0.114	0.56	7.711	0.046	2.958	4.119	0.065	3.139	0.0	3.56									302231552	302231552	300732416	29752312202	1359523359	1359523359														1.79959864999e-14	1e-09	1.0	NONE							21.34614211970692	1.463835808540949	-0.3262879825079206	22.15740196323202	0.000253454396562	0.00022358817703	0.000216013419931	0.0001510862061776	PASS
VCKSS-COMPARATIVE-SCALING-RESULT-V4	repair-full	231	scale_weak_d3_n7680_c2_r3	ca162022833c3d6e6906c11cf4860baf0d52fd86	02d6eb6ffc96e0eb7eea1252605663e3e206c6ce177f3cf7f0e860c2b25f40f9	weak_d3	weak	3	7680	2560	1313	2	2	2	2	2	2	3	20260819	3	scc-sa7	Intel(R) Xeon(R) CPU E5-2650 v2 @ 2.60GHz	rust	PASS	0	0	0	1.1	1.77	2.82	0.463															0.000498121	0.003247491	0.002940969	0.003155371	0.001279726	0.0	0.724136431	0.735258109	204640256	204640256	202649600	29752312202	829789900	829789900	785117865	3407088	2	2	1e-10	1e-06	0.001842596	0.000192966	0.020207461	0.404267935	0.1941005	13903	12306	9.9404357406e-06	1e-05	29.0	CMG_FULL_V2							21.34556793971852	1.463596704986139	-0.3258678497988386	22.15742894510698	0.0002927332956003	0.0002397141818217	0.0002454278580161	0.0001332790446583	PASS
VCKSS-COMPARATIVE-SCALING-RESULT-V4	repair-full	231	scale_weak_d3_n7680_c2_r3	ca162022833c3d6e6906c11cf4860baf0d52fd86	02d6eb6ffc96e0eb7eea1252605663e3e206c6ce177f3cf7f0e860c2b25f40f9	weak_d3	weak	3	7680	2560	1313	2	2	2	2	2	2	3	20260819	1	scc-sa7	Intel(R) Xeon(R) CPU E5-2650 v2 @ 2.60GHz	matlab	PASS	0	0	0	5.505704	436.15	120.93	6.098333	67.33671	4.820818																					5314973696	5717180416	2050904064	29752312202																				True	26	26	1.1e-11	MAINTAINED_UPSTREAM_INTERNAL	MATLAB_TWISTER_SEED_PLUS_WORKER_INDEX	21.349399127909454	1.4645296725731678	-0.32678330439004977	22.16036219170252					PASS
VCKSS-COMPARATIVE-SCALING-RESULT-V4	repair-full	232	scale_weak_d3_n7680_c4_r1	ca162022833c3d6e6906c11cf4860baf0d52fd86	02d6eb6ffc96e0eb7eea1252605663e3e206c6ce177f3cf7f0e860c2b25f40f9	weak_d3	weak	3	7680	2560	1313	4	4	4	4	4	4	1	104729	1	scc-b18	Intel(R) Xeon(R) 6737P	mata	PASS	0	0	0	4.758	5.15	18.669999999999998	0.272			0.4370000000000001	0.112	0.047	0.192	3.959	0.018	1.569	2.157	0.027	1.074	0.0	2.47									305831936	305831936	303902720	49840947987	1359523357	1359523357														1.07887809906e-14	1e-09	1.0	NONE							21.34676173794181	1.464308610284535	-0.3267798892303949	22.15751056976555	0.0002815468245488	0.0002092926426318	0.0002297567001747	0.0001578415964894	PASS
VCKSS-COMPARATIVE-SCALING-RESULT-V4	repair-full	232	scale_weak_d3_n7680_c4_r1	ca162022833c3d6e6906c11cf4860baf0d52fd86	02d6eb6ffc96e0eb7eea1252605663e3e206c6ce177f3cf7f0e860c2b25f40f9	weak_d3	weak	3	7680	2560	1313	4	4	4	4	4	4	1	104729	2	scc-b18	Intel(R) Xeon(R) 6737P	rust	PASS	0	0	0	0.435	0.7	1.9200000000000002	0.206															0.00023233	0.001897978	0.001568164	0.001630125	0.000616806	0.0	0.274376386	0.280321789	202338304	202338304	205025280	49840947987	853472563	853472563	785368963	3616336	4	4	1e-10	1e-06	0.001002672	0.000120441	0.010024293	0.154879099	0.068016897	13838	12245	9.98226080849e-06	1e-05	29.0	CMG_FULL_V2							21.34653708393405	1.46441077168786	-0.3267677735377494	22.1574123085464	0.0002611692938971	0.0002182610064047	0.0002324119304068	0.000142510616444	PASS
VCKSS-COMPARATIVE-SCALING-RESULT-V4	repair-full	232	scale_weak_d3_n7680_c4_r1	ca162022833c3d6e6906c11cf4860baf0d52fd86	02d6eb6ffc96e0eb7eea1252605663e3e206c6ce177f3cf7f0e860c2b25f40f9	weak_d3	weak	3	7680	2560	1313	4	4	4	4	4	4	1	104729	3	scc-b18	Intel(R) Xeon(R) 6737P	matlab	PASS	0	0	0	1.413033	117.03999999999999	78.84	1.489405	50.221103	3.839953																					8570585088	8646021120	1956835328	49840947987																				True	26	26	1.1e-11	MAINTAINED_UPSTREAM_INTERNAL	MATLAB_TWISTER_SEED_PLUS_WORKER_INDEX	21.34901718071022	1.4643113224684459	-0.32647179831868123	22.160384906541303					PASS
VCKSS-COMPARATIVE-SCALING-RESULT-V4	repair-full	233	scale_weak_d3_n7680_c4_r2	ca162022833c3d6e6906c11cf4860baf0d52fd86	02d6eb6ffc96e0eb7eea1252605663e3e206c6ce177f3cf7f0e860c2b25f40f9	weak_d3	weak	3	7680	2560	1313	4	4	4	4	4	4	2	8675309	3	scc-kc2	Intel(R) Xeon(R) Gold 6426Y	mata	PASS	0	0	0	5.846	6.22	23.880000000000003	0.272			0.36	0.119	0.047	0.245	5.185	0.02	2.034	2.87	0.029	1.174	0.0	3.531									309428224	309428224	313061376	49316961977	1359523347	1359523347														1.64935852024e-14	1e-09	1.0	NONE							21.34674599059193	1.464441628821727	-0.3268474271583006	22.15749276509706	0.0002749661632221	0.0001982028013688	0.0002328653638139	0.0001368740097402	PASS
VCKSS-COMPARATIVE-SCALING-RESULT-V4	repair-full	233	scale_weak_d3_n7680_c4_r2	ca162022833c3d6e6906c11cf4860baf0d52fd86	02d6eb6ffc96e0eb7eea1252605663e3e206c6ce177f3cf7f0e860c2b25f40f9	weak_d3	weak	3	7680	2560	1313	4	4	4	4	4	4	2	8675309	1	scc-kc2	Intel(R) Xeon(R) Gold 6426Y	rust	PASS	0	0	0	0.606	1.05	2.5100000000000002	0.332															0.000280323	0.002271491	0.001837109	0.001950238	0.000740187	0.0	0.370160521	0.377239869	211742720	211742720	209711104	49316961977	853472563	853472563	785368963	3616336	4	4	1e-10	1e-06	0.001118295	0.000178891	0.014974835	0.208603353	0.087355725	13913	12319	9.99734396598e-06	1e-05	29.0	CMG_FULL_V2							21.34642955212928	1.464163024082552	-0.3265580346869183	22.15747650683799	0.0002479371237632	0.0001876992550107	0.0002101871026601	0.0001353648161738	PASS
VCKSS-COMPARATIVE-SCALING-RESULT-V4	repair-full	233	scale_weak_d3_n7680_c4_r2	ca162022833c3d6e6906c11cf4860baf0d52fd86	02d6eb6ffc96e0eb7eea1252605663e3e206c6ce177f3cf7f0e860c2b25f40f9	weak_d3	weak	3	7680	2560	1313	4	4	4	4	4	4	2	8675309	2	scc-kc2	Intel(R) Xeon(R) Gold 6426Y	matlab	PASS	0	0	0	1.745987	149.71	95.09	1.770766	30.4847	4.194607																					8798818304	8880074752	2116472832	49316961977																				True	26	26	1.1e-11	MAINTAINED_UPSTREAM_INTERNAL	MATLAB_TWISTER_SEED_PLUS_WORKER_INDEX	21.349443984966886	1.4646248707897311	-0.3268683582960009	22.160332139164616					PASS
VCKSS-COMPARATIVE-SCALING-RESULT-V4	repair-full	234	scale_weak_d3_n7680_c4_r3	ca162022833c3d6e6906c11cf4860baf0d52fd86	02d6eb6ffc96e0eb7eea1252605663e3e206c6ce177f3cf7f0e860c2b25f40f9	weak_d3	weak	3	7680	2560	1313	4	4	4	4	4	4	3	20260819	2	scc-sb7	Intel(R) Xeon(R) CPU E5-2650 v2 @ 2.60GHz	mata	PASS	0	0	0	9.299	10.31	37.35	0.56			0.8580000000000001	0.372	0.121	0.283	7.827	0.039	3.114	4.362	0.057	3.281	0.0	3.859									314904576	314904576	312860672	49709951484	1359523398	1359523398														1.80703676037e-14	1e-09	1.0	NONE							21.34614211970692	1.463835808540948	-0.3262879825079193	22.15740196323202	0.000253454396562	0.00022358817703	0.000216013419931	0.0001510862061776	PASS
VCKSS-COMPARATIVE-SCALING-RESULT-V4	repair-full	234	scale_weak_d3_n7680_c4_r3	ca162022833c3d6e6906c11cf4860baf0d52fd86	02d6eb6ffc96e0eb7eea1252605663e3e206c6ce177f3cf7f0e860c2b25f40f9	weak_d3	weak	3	7680	2560	1313	4	4	4	4	4	4	3	20260819	3	scc-sb7	Intel(R) Xeon(R) CPU E5-2650 v2 @ 2.60GHz	rust	PASS	0	0	0	0.891	1.44	4.0	0.403															0.000486702	0.003216967	0.003025331	0.003374203	0.00126489	0.0	0.485401925	0.496770018	214507520	214507520	212283392	49709951484	853472563	853472563	785368963	3616336	4	4	1e-10	1e-06	0.001796143	0.000250398	0.019885353	0.262434779	0.118078658	13903	12306	9.9404357406e-06	1e-05	29.0	CMG_FULL_V2							21.34556793971852	1.463596704986139	-0.3258678497988386	22.15742894510698	0.0002927332956003	0.0002397141818217	0.0002454278580161	0.0001332790446583	PASS
VCKSS-COMPARATIVE-SCALING-RESULT-V4	repair-full	234	scale_weak_d3_n7680_c4_r3	ca162022833c3d6e6906c11cf4860baf0d52fd86	02d6eb6ffc96e0eb7eea1252605663e3e206c6ce177f3cf7f0e860c2b25f40f9	weak_d3	weak	3	7680	2560	1313	4	4	4	4	4	4	3	20260819	1	scc-sb7	Intel(R) Xeon(R) CPU E5-2650 v2 @ 2.60GHz	matlab	PASS	0	0	0	4.111381	151.61	194.67	2.747872	69.851681	4.976122																					8612691968	8688611328	1980284928	49709951484																				True	26	26	1.1e-11	MAINTAINED_UPSTREAM_INTERNAL	MATLAB_TWISTER_SEED_PLUS_WORKER_INDEX	21.34928212850736	1.4644772546754259	-0.32671022200811023	22.160338939166568					PASS
VCKSS-COMPARATIVE-SCALING-RESULT-V4	repair-full	235	scale_weak_d3_n7680_c8_r1	ca162022833c3d6e6906c11cf4860baf0d52fd86	02d6eb6ffc96e0eb7eea1252605663e3e206c6ce177f3cf7f0e860c2b25f40f9	weak_d3	weak	3	7680	2560	1313	8	4	4	4	8	8	1	104729	1	scc-b19	Intel(R) Xeon(R) 6737P	mata	PASS	0	0	0	4.545	5.01	18.6	0.367			0.408	0.112	0.045	0.157	3.852	0.018	1.536	2.127	0.029	1.057	0.0	2.419									304902144	304902144	307503104	89880780604	1359523344	1359523344														1.07887809906e-14	1e-09	1.0	NONE							21.34676173794181	1.464308610284535	-0.3267798892303949	22.15751056976555	0.0002815468245488	0.0002092926426318	0.0002297567001747	0.0001578415964894	PASS
VCKSS-COMPARATIVE-SCALING-RESULT-V4	repair-full	235	scale_weak_d3_n7680_c8_r1	ca162022833c3d6e6906c11cf4860baf0d52fd86	02d6eb6ffc96e0eb7eea1252605663e3e206c6ce177f3cf7f0e860c2b25f40f9	weak_d3	weak	3	7680	2560	1313	8	4	8	4	8	8	1	104729	2	scc-b19	Intel(R) Xeon(R) 6737P	rust	PASS	0	0	0	0.34	0.61	2.53	0.213															0.000239219	0.001911502	0.001572913	0.001619437	0.000639811	0.0	0.180545483	0.186528365	208007168	208007168	214315008	89880780604	900837888	900837888	785871158	4034832	8	8	1e-10	1e-06	0.001004055	0.000238275	0.006086858	0.098328585	0.044930529	13838	12245	9.98226080849e-06	1e-05	29.0	CMG_FULL_V2							21.34653708393405	1.46441077168786	-0.3267677735377494	22.1574123085464	0.0002611692938971	0.0002182610064047	0.0002324119304068	0.000142510616444	PASS
VCKSS-COMPARATIVE-SCALING-RESULT-V4	repair-full	235	scale_weak_d3_n7680_c8_r1	ca162022833c3d6e6906c11cf4860baf0d52fd86	02d6eb6ffc96e0eb7eea1252605663e3e206c6ce177f3cf7f0e860c2b25f40f9	weak_d3	weak	3	7680	2560	1313	8	4	8	4	8	8	1	104729	3	scc-b19	Intel(R) Xeon(R) 6737P	matlab	PASS	0	0	0	1.265322	180.85	137.51999999999998	1.340053	21.438197	3.990525																					15231590400	15415898112	1969471488	89880780604																				True	26	26	1.1e-11	MAINTAINED_UPSTREAM_INTERNAL	MATLAB_TWISTER_SEED_PLUS_WORKER_INDEX	21.349502199518625	1.464646819110547	-0.3268951036556835	22.160358811317806					PASS
VCKSS-COMPARATIVE-SCALING-RESULT-V4	repair-full	236	scale_weak_d3_n7680_c8_r2	ca162022833c3d6e6906c11cf4860baf0d52fd86	02d6eb6ffc96e0eb7eea1252605663e3e206c6ce177f3cf7f0e860c2b25f40f9	weak_d3	weak	3	7680	2560	1313	8	4	4	4	8	8	2	8675309	3	scc-sb4	Intel(R) Xeon(R) CPU E5-2650 v2 @ 2.60GHz	mata	PASS	0	0	0	9.283	9.9	37.29	0.435			0.8530000000000001	0.375	0.122	0.282	7.803	0.041	3.119	4.331	0.056	3.299999999999999	0.0	3.821									314871808	314871808	312897536	90290949981	1359523375	1359523375														1.64935852024e-14	1e-09	1.0	NONE							21.34674599059193	1.464441628821727	-0.3268474271583006	22.15749276509706	0.0002749661632221	0.0001982028013688	0.0002328653638139	0.0001368740097402	PASS
VCKSS-COMPARATIVE-SCALING-RESULT-V4	repair-full	236	scale_weak_d3_n7680_c8_r2	ca162022833c3d6e6906c11cf4860baf0d52fd86	02d6eb6ffc96e0eb7eea1252605663e3e206c6ce177f3cf7f0e860c2b25f40f9	weak_d3	weak	3	7680	2560	1313	8	4	8	4	8	8	2	8675309	1	scc-sb4	Intel(R) Xeon(R) CPU E5-2650 v2 @ 2.60GHz	rust	PASS	0	0	0	0.7070000000000001	1.22	4.34	0.388															0.000499181	0.00330687	0.00303739	0.003435657	0.001294086	0.0	0.319856325	0.331429509	206356480	206356480	210448384	90290949981	900837888	900837888	785871158	4034832	8	8	1e-10	1e-06	0.001866526	0.000913537	0.016555419	0.159900448	0.073829	13913	12319	9.99734396598e-06	1e-05	29.0	CMG_FULL_V2							21.34642955212928	1.464163024082552	-0.3265580346869183	22.15747650683799	0.0002479371237632	0.0001876992550107	0.0002101871026601	0.0001353648161738	PASS
VCKSS-COMPARATIVE-SCALING-RESULT-V4	repair-full	236	scale_weak_d3_n7680_c8_r2	ca162022833c3d6e6906c11cf4860baf0d52fd86	02d6eb6ffc96e0eb7eea1252605663e3e206c6ce177f3cf7f0e860c2b25f40f9	weak_d3	weak	3	7680	2560	1313	8	4	8	4	8	8	2	8675309	2	scc-sb4	Intel(R) Xeon(R) CPU E5-2650 v2 @ 2.60GHz	matlab	PASS	0	0	0	3.481739	108.81	331.67	2.93575	44.729167	5.015815																					15105921024	15278075904	1965223936	90290949981																				True	26	26	1.1e-11	MAINTAINED_UPSTREAM_INTERNAL	MATLAB_TWISTER_SEED_PLUS_WORKER_INDEX	21.349314368746217	1.4645071611579588	-0.3267459208712973	22.160329688161582					PASS
VCKSS-COMPARATIVE-SCALING-RESULT-V4	repair-full	237	scale_weak_d3_n7680_c8_r3	ca162022833c3d6e6906c11cf4860baf0d52fd86	02d6eb6ffc96e0eb7eea1252605663e3e206c6ce177f3cf7f0e860c2b25f40f9	weak_d3	weak	3	7680	2560	1313	8	4	4	4	8	8	3	20260819	2	scc-sb6	Intel(R) Xeon(R) CPU E5-2650 v2 @ 2.60GHz	mata	PASS	0	0	0	9.337	10.1	37.68	0.525			0.849	0.376	0.12	0.283	7.852	0.04	3.137	4.363	0.059	3.291	0.0	3.869									316137472	316137472	319627264	90141699867	1359523359	1359523359														1.80703676037e-14	1e-09	1.0	NONE							21.34614211970692	1.463835808540948	-0.3262879825079193	22.15740196323202	0.000253454396562	0.00022358817703	0.000216013419931	0.0001510862061776	PASS
VCKSS-COMPARATIVE-SCALING-RESULT-V4	repair-full	237	scale_weak_d3_n7680_c8_r3	ca162022833c3d6e6906c11cf4860baf0d52fd86	02d6eb6ffc96e0eb7eea1252605663e3e206c6ce177f3cf7f0e860c2b25f40f9	weak_d3	weak	3	7680	2560	1313	8	4	8	4	8	8	3	20260819	3	scc-sb6	Intel(R) Xeon(R) CPU E5-2650 v2 @ 2.60GHz	rust	PASS	0	0	0	0.7090000000000001	1.2	4.36	0.371															0.000509087	0.003318252	0.003063141	0.003418203	0.001301298	0.0	0.329258104	0.340868085	223952896	223952896	221818880	90141699867	900837888	900837888	785871158	4034832	8	8	1e-10	1e-06	0.001862605	0.000423551	0.012653213	0.171045907	0.083211929	13903	12306	9.9404357406e-06	1e-05	29.0	CMG_FULL_V2							21.34556793971852	1.463596704986139	-0.3258678497988386	22.15742894510698	0.0002927332956003	0.0002397141818217	0.0002454278580161	0.0001332790446583	PASS
VCKSS-COMPARATIVE-SCALING-RESULT-V4	repair-full	237	scale_weak_d3_n7680_c8_r3	ca162022833c3d6e6906c11cf4860baf0d52fd86	02d6eb6ffc96e0eb7eea1252605663e3e206c6ce177f3cf7f0e860c2b25f40f9	weak_d3	weak	3	7680	2560	1313	8	4	8	4	8	8	3	20260819	1	scc-sb6	Intel(R) Xeon(R) CPU E5-2650 v2 @ 2.60GHz	matlab	PASS	0	0	0	3.424548	106.31	334.88	2.670958	43.836327	5.219666																					15007232000	15189544960	1954631680	90141699867																				True	26	26	1.1e-11	MAINTAINED_UPSTREAM_INTERNAL	MATLAB_TWISTER_SEED_PLUS_WORKER_INDEX	21.349299405908162	1.464573141088988	-0.32671650583564293	22.160439535325864					PASS
VCKSS-COMPARATIVE-SCALING-RESULT-V4	repair-full	238	scale_weak_d3_n7680_c16_r1	ca162022833c3d6e6906c11cf4860baf0d52fd86	02d6eb6ffc96e0eb7eea1252605663e3e206c6ce177f3cf7f0e860c2b25f40f9	weak_d3	weak	3	7680	2560	1313	16	4	4	4	16	16	1	104729	1	scc-b18	Intel(R) Xeon(R) 6737P	mata	PASS	0	0	0	4.64	4.96	19.17	0.235			0.329	0.112	0.044	0.148	4.048	0.018	1.581	2.288	0.027	1.083	0.0	2.595									297287680	297287680	305303552	177930831397	1359523331	1359523331														1.07887809906e-14	1e-09	1.0	NONE							21.34676173794181	1.464308610284535	-0.3267798892303949	22.15751056976555	0.0002815468245488	0.0002092926426318	0.0002297567001747	0.0001578415964894	PASS
VCKSS-COMPARATIVE-SCALING-RESULT-V4	repair-full	238	scale_weak_d3_n7680_c16_r1	ca162022833c3d6e6906c11cf4860baf0d52fd86	02d6eb6ffc96e0eb7eea1252605663e3e206c6ce177f3cf7f0e860c2b25f40f9	weak_d3	weak	3	7680	2560	1313	16	4	16	4	16	16	1	104729	2	scc-b18	Intel(R) Xeon(R) 6737P	rust	PASS	0	0	0	0.293	0.57	2.6700000000000004	0.216															0.000232191	0.00192366	0.001571224	0.001643015	0.000627695	0.0	0.131554967	0.137552752	212480000	212480000	229146624	177930831397	995568537	995568537	786875548	4871824	16	16	1e-10	1e-06	0.001018952	0.000597914	0.006449673	0.062061544	0.033391789	13838	12245	9.98226080849e-06	1e-05	29.0	CMG_FULL_V2							21.34653708393405	1.46441077168786	-0.3267677735377494	22.1574123085464	0.0002611692938971	0.0002182610064047	0.0002324119304068	0.000142510616444	PASS
VCKSS-COMPARATIVE-SCALING-RESULT-V4	repair-full	238	scale_weak_d3_n7680_c16_r1	ca162022833c3d6e6906c11cf4860baf0d52fd86	02d6eb6ffc96e0eb7eea1252605663e3e206c6ce177f3cf7f0e860c2b25f40f9	weak_d3	weak	3	7680	2560	1313	16	4	16	4	16	16	1	104729	3	scc-b18	Intel(R) Xeon(R) 6737P	matlab	PASS	0	0	0	1.204733	221.72	291.14	2.006616	147.38651	4.013821																					28198031360	28497379328	1999003648	177930831397																				True	26	26	1.1e-11	MAINTAINED_UPSTREAM_INTERNAL	MATLAB_TWISTER_SEED_PLUS_WORKER_INDEX	21.349435128909047	1.4645938832783183	-0.3267739346297767	22.16048114292781					PASS
VCKSS-COMPARATIVE-SCALING-RESULT-V4	repair-full	239	scale_weak_d3_n7680_c16_r2	ca162022833c3d6e6906c11cf4860baf0d52fd86	02d6eb6ffc96e0eb7eea1252605663e3e206c6ce177f3cf7f0e860c2b25f40f9	weak_d3	weak	3	7680	2560	1313	16	4	4	4	16	16	2	8675309	3	scc-sb2	Intel(R) Xeon(R) CPU E5-2650 v2 @ 2.60GHz	mata	PASS	0	0	0	9.288	9.91	37.29	0.413			0.8460000000000001	0.375	0.121	0.291	7.845	0.039	3.159	4.327	0.057	3.269999999999999	0.0	3.876									309809152	309809152	307769344	177390739260	1359523389	1359523389														1.64935852024e-14	1e-09	1.0	NONE							21.34674599059193	1.464441628821727	-0.3268474271583006	22.15749276509706	0.0002749661632221	0.0001982028013688	0.0002328653638139	0.0001368740097402	PASS
VCKSS-COMPARATIVE-SCALING-RESULT-V4	repair-full	239	scale_weak_d3_n7680_c16_r2	ca162022833c3d6e6906c11cf4860baf0d52fd86	02d6eb6ffc96e0eb7eea1252605663e3e206c6ce177f3cf7f0e860c2b25f40f9	weak_d3	weak	3	7680	2560	1313	16	4	16	4	16	16	2	8675309	1	scc-sb2	Intel(R) Xeon(R) CPU E5-2650 v2 @ 2.60GHz	rust	PASS	0	0	0	0.607	1.12	4.78	0.384															0.000442724	0.003013057	0.002799196	0.003190128	0.00117428	0.0	0.23397683	0.244596215	227954688	227954688	228270080	177390739260	995568537	995568537	786875548	4871824	16	16	1e-10	1e-06	0.001764722	0.001244803	0.01284624	0.105916489	0.053477526	13913	12319	9.99734396598e-06	1e-05	29.0	CMG_FULL_V2							21.34642955212928	1.464163024082552	-0.3265580346869183	22.15747650683799	0.0002479371237632	0.0001876992550107	0.0002101871026601	0.0001353648161738	PASS
VCKSS-COMPARATIVE-SCALING-RESULT-V4	repair-full	239	scale_weak_d3_n7680_c16_r2	ca162022833c3d6e6906c11cf4860baf0d52fd86	02d6eb6ffc96e0eb7eea1252605663e3e206c6ce177f3cf7f0e860c2b25f40f9	weak_d3	weak	3	7680	2560	1313	16	4	16	4	16	16	2	8675309	2	scc-sb2	Intel(R) Xeon(R) CPU E5-2650 v2 @ 2.60GHz	matlab	PASS	0	0	0	3.319848	241.69	718.97	2.830319	155.616992	5.677184																					28200669184	28439904256	2037428224	177390739260																				True	26	26	1.1e-11	MAINTAINED_UPSTREAM_INTERNAL	MATLAB_TWISTER_SEED_PLUS_WORKER_INDEX	21.34925072023699	1.464507728811373	-0.32666714171702993	22.160424165614305					PASS
VCKSS-COMPARATIVE-SCALING-RESULT-V4	repair-full	240	scale_weak_d3_n7680_c16_r3	ca162022833c3d6e6906c11cf4860baf0d52fd86	02d6eb6ffc96e0eb7eea1252605663e3e206c6ce177f3cf7f0e860c2b25f40f9	weak_d3	weak	3	7680	2560	1313	16	4	4	4	16	16	3	20260819	2	scc-ph4	Intel(R) Xeon(R) CPU E5-2650 v2 @ 2.60GHz	mata	PASS	0	0	0	9.29	10.36	37.49	0.749			0.8500000000000001	0.374	0.12	0.281	7.819	0.041	3.139	4.331	0.057	3.294	0.0	3.844									316653568	316653568	314589184	178044648031	1359523397	1359523397														1.80703676037e-14	1e-09	1.0	NONE							21.34614211970692	1.463835808540948	-0.3262879825079193	22.15740196323202	0.000253454396562	0.00022358817703	0.000216013419931	0.0001510862061776	PASS
VCKSS-COMPARATIVE-SCALING-RESULT-V4	repair-full	240	scale_weak_d3_n7680_c16_r3	ca162022833c3d6e6906c11cf4860baf0d52fd86	02d6eb6ffc96e0eb7eea1252605663e3e206c6ce177f3cf7f0e860c2b25f40f9	weak_d3	weak	3	7680	2560	1313	16	4	16	4	16	16	3	20260819	3	scc-ph4	Intel(R) Xeon(R) CPU E5-2650 v2 @ 2.60GHz	rust	PASS	0	0	0	0.608	1.11	4.64	0.364															0.000508665	0.00329237	0.003037758	0.003432717	0.001344736	0.0	0.228482215	0.240098461	217825280	217825280	219467776	178044648031	995568537	995568537	786875548	4871824	16	16	1e-10	1e-06	0.001705305	0.001307374	0.012225424	0.104470513	0.05249767	13903	12306	9.9404357406e-06	1e-05	29.0	CMG_FULL_V2							21.34556793971852	1.463596704986139	-0.3258678497988386	22.15742894510698	0.0002927332956003	0.0002397141818217	0.0002454278580161	0.0001332790446583	PASS
VCKSS-COMPARATIVE-SCALING-RESULT-V4	repair-full	240	scale_weak_d3_n7680_c16_r3	ca162022833c3d6e6906c11cf4860baf0d52fd86	02d6eb6ffc96e0eb7eea1252605663e3e206c6ce177f3cf7f0e860c2b25f40f9	weak_d3	weak	3	7680	2560	1313	16	4	16	4	16	16	3	20260819	1	scc-ph4	Intel(R) Xeon(R) CPU E5-2650 v2 @ 2.60GHz	matlab	PASS	0	0	0	3.44323	316.26	723.92	3.214356	120.929563	5.675429																					28226355200	28514914304	2064691200	178044648031																				True	26	26	1.1e-11	MAINTAINED_UPSTREAM_INTERNAL	MATLAB_TWISTER_SEED_PLUS_WORKER_INDEX	21.34908758438098	1.464354619895945	-0.32654335779489263	22.16035548868714					PASS
VCKSS-COMPARATIVE-SCALING-RESULT-V4	repair-full	241	scale_weak_d3_n30720_c1_r1	ca162022833c3d6e6906c11cf4860baf0d52fd86	02d6eb6ffc96e0eb7eea1252605663e3e206c6ce177f3cf7f0e860c2b25f40f9	weak_d3	weak	3	30720	10240	3649	1	1	1	1	1	1	1	104729	1	scc-b17	Intel(R) Xeon(R) 6737P	mata	PASS	0	0	0	26.451	27.05	26.880000000000003	0.447			0.7549999999999999	0.455	0.198	6.088	25.25	0.142	7.04	11.93	0.196	4.612	0.0	13.052									899592192	899592192	898695168	18770080826	1541274667	1541274667														3.41298390153e-14	1e-09	1.0	NONE							21.39856631312309	1.307197852347262	0.1781819216606665	23.06212800879168	7.46836619433e-05	5.56361996009e-05	6.02975466836e-05	5.61108500047e-05	PASS
VCKSS-COMPARATIVE-SCALING-RESULT-V4	repair-full	241	scale_weak_d3_n30720_c1_r1	ca162022833c3d6e6906c11cf4860baf0d52fd86	02d6eb6ffc96e0eb7eea1252605663e3e206c6ce177f3cf7f0e860c2b25f40f9	weak_d3	weak	3	30720	10240	3649	1	1	1	1	1	1	1	104729	2	scc-b17	Intel(R) Xeon(R) 6737P	rust	PASS	0	0	0	2.568	3.18	3.1100000000000003	0.474															0.001022744	0.008273237	0.006446036	0.006973503	0.00267704	0.0	2.34872012	2.37411268	313683968	313683968	311726080	18770080826	1378825740	1378825740	1248785686	9396032	1	1	1e-10	1e-06	0.003949835	0.000195318	0.060579122	1.200014252	0.742235452	15164	13271	9.84084536697e-06	1e-05	29.0	CMG_FULL_V2							21.39877239809509	1.307487506247241	0.1780700986657201	23.06240010167376	7.69979804194e-05	5.47593098077e-05	6.64132341485e-05	5.83266307536e-05	PASS
VCKSS-COMPARATIVE-SCALING-RESULT-V4	repair-full	241	scale_weak_d3_n30720_c1_r1	ca162022833c3d6e6906c11cf4860baf0d52fd86	02d6eb6ffc96e0eb7eea1252605663e3e206c6ce177f3cf7f0e860c2b25f40f9	weak_d3	weak	3	30720	10240	3649	1	1	1	1	1	1	1	104729	3	scc-b17	Intel(R) Xeon(R) 6737P	matlab	PASS	0	0	0	7.092597	161.65	41.279999999999994	2.170237	107.158294	2.930692																					3364536320	3376369664	1865302016	18770080826																				True	29	29	4.4e-11	MAINTAINED_UPSTREAM_INTERNAL	MATLAB_TWISTER_SEED_PLUS_WORKER_INDEX	21.399335390988107	1.3073404731793163	0.1781893623346544	23.06305458883673					PASS
VCKSS-COMPARATIVE-SCALING-RESULT-V4	repair-full	242	scale_weak_d3_n30720_c1_r2	ca162022833c3d6e6906c11cf4860baf0d52fd86	02d6eb6ffc96e0eb7eea1252605663e3e206c6ce177f3cf7f0e860c2b25f40f9	weak_d3	weak	3	30720	10240	3649	1	1	1	1	1	1	2	8675309	3	scc-sb7	Intel(R) Xeon(R) CPU E5-2650 v2 @ 2.60GHz	mata	PASS	0	0	0	52.803	53.88	53.61	0.817			1.929	1.335	0.469	9.872	49.922	0.255	16.262	23.436	0.344	12.246	0.0	25.436									918654976	918654976	916697088	18772228309	1541274701	1541274701														2.83283621231e-14	1e-09	1.0	NONE							21.39878391571136	1.307453853442726	0.1779918424494615	23.06222145405301	8.46946947906e-05	6.12860617265e-05	7.44065181346e-05	6.24841937968e-05	PASS
VCKSS-COMPARATIVE-SCALING-RESULT-V4	repair-full	242	scale_weak_d3_n30720_c1_r2	ca162022833c3d6e6906c11cf4860baf0d52fd86	02d6eb6ffc96e0eb7eea1252605663e3e206c6ce177f3cf7f0e860c2b25f40f9	weak_d3	weak	3	30720	10240	3649	1	1	1	1	1	1	2	8675309	1	scc-sb7	Intel(R) Xeon(R) CPU E5-2650 v2 @ 2.60GHz	rust	PASS	0	0	0	4.899	6.0	5.9	0.854															0.001792996	0.012383533	0.010829112	0.012269229	0.004519608	0.0	4.445851514	4.487645992	309469184	309469184	307806208	18772228309	1378825740	1378825740	1248785686	9396032	1	1	1e-10	1e-06	0.006744956	0.000380843	0.105171987	2.22624473	1.482592556	15171	13276	9.460050361e-06	1e-05	29.0	CMG_FULL_V2							21.39873280524035	1.307405758678049	0.1781018412841736	23.06234224648674	7.44917111599e-05	5.74926637958e-05	6.67997042632e-05	6.3441937307e-05	PASS
VCKSS-COMPARATIVE-SCALING-RESULT-V4	repair-full	242	scale_weak_d3_n30720_c1_r2	ca162022833c3d6e6906c11cf4860baf0d52fd86	02d6eb6ffc96e0eb7eea1252605663e3e206c6ce177f3cf7f0e860c2b25f40f9	weak_d3	weak	3	30720	10240	3649	1	1	1	1	1	1	2	8675309	2	scc-sb7	Intel(R) Xeon(R) CPU E5-2650 v2 @ 2.60GHz	matlab	PASS	0	0	0	15.761776	239.28	86.5	6.26373	42.104609	4.650294																					3352633344	3372949504	1872109568	18772228309																				True	29	29	4.4e-11	MAINTAINED_UPSTREAM_INTERNAL	MATLAB_TWISTER_SEED_PLUS_WORKER_INDEX	21.399444638608667	1.3074509848269873	0.1780616737958514	23.063018971027358					PASS
VCKSS-COMPARATIVE-SCALING-RESULT-V4	repair-full	243	scale_weak_d3_n30720_c1_r3	ca162022833c3d6e6906c11cf4860baf0d52fd86	02d6eb6ffc96e0eb7eea1252605663e3e206c6ce177f3cf7f0e860c2b25f40f9	weak_d3	weak	3	30720	10240	3649	1	1	1	1	1	1	3	20260819	2	scc-sb4	Intel(R) Xeon(R) CPU E5-2650 v2 @ 2.60GHz	mata	PASS	0	0	0	53.263	54.37	54.06999999999999	0.8140000000000001			1.952	1.35	0.474	9.962	50.354	0.259	16.419	23.615	0.343	12.343	0.0	25.654									909434880	909434880	907472896	18770080826	1541274709	1541274709														6.4454978768e-14	1e-09	1.0	NONE							21.39881276950858	1.307326255357024	0.1781247949355341	23.06238861473668	8.06632062922e-05	5.47885685003e-05	6.70457420781e-05	5.75680791467e-05	PASS
VCKSS-COMPARATIVE-SCALING-RESULT-V4	repair-full	243	scale_weak_d3_n30720_c1_r3	ca162022833c3d6e6906c11cf4860baf0d52fd86	02d6eb6ffc96e0eb7eea1252605663e3e206c6ce177f3cf7f0e860c2b25f40f9	weak_d3	weak	3	30720	10240	3649	1	1	1	1	1	1	3	20260819	3	scc-sb4	Intel(R) Xeon(R) CPU E5-2650 v2 @ 2.60GHz	rust	PASS	0	0	0	4.881	5.95	5.88	0.8240000000000001															0.001901656	0.012328817	0.01079753	0.012573685	0.004575138	0.0	4.430500042	4.472676868	310960128	310960128	313552896	18770080826	1378825740	1378825740	1248785686	9396032	1	1	1e-10	1e-06	0.006477143	0.000376507	0.107703583	2.216975629	1.474152368	15080	13196	9.61321529424e-06	1e-05	29.0	CMG_FULL_V2							21.39871402382781	1.307409218381645	0.1781526438397221	23.0624285298889	7.94903580626e-05	5.7970268034e-05	6.79350204271e-05	6.43061463508e-05	PASS
VCKSS-COMPARATIVE-SCALING-RESULT-V4	repair-full	243	scale_weak_d3_n30720_c1_r3	ca162022833c3d6e6906c11cf4860baf0d52fd86	02d6eb6ffc96e0eb7eea1252605663e3e206c6ce177f3cf7f0e860c2b25f40f9	weak_d3	weak	3	30720	10240	3649	1	1	1	1	1	1	3	20260819	1	scc-sb4	Intel(R) Xeon(R) CPU E5-2650 v2 @ 2.60GHz	matlab	PASS	0	0	0	15.818987	140.81	85.08	2.801762	50.253268	3.632043																					3330260992	3345895424	1848885248	18770080826																				True	29	29	4.4e-11	MAINTAINED_UPSTREAM_INTERNAL	MATLAB_TWISTER_SEED_PLUS_WORKER_INDEX	21.399457592328194	1.307372672822348	0.17808715014141605	23.063004565433374					PASS
VCKSS-COMPARATIVE-SCALING-RESULT-V4	first	244	scale_weak_d3_n30720_c2_r1	e1514185445cab36f930c90a44c5a4e23326e027	fbed59bf26bd6cf641bec0946ff6d32cdfe992786852947c530678dd4c86a026	weak_d3	weak	3	30720	10240	3649	2	2	2	2	2	2	1	104729	1	scc-te4	Intel(R) Xeon(R) CPU E5-2660 v3 @ 2.60GHz	mata	PASS	0	0	0	62.752	64.26	127.39	1.064			1.994	1.339	0.4	6.166	59.884	0.258	20.194	33.168	0.252	11.998	0.0	39.808									930107392	930107392	928264192	29481729262	1541274381	1541274381														3.39581336471e-14	1e-09	1.0	NONE							21.39856631312309	1.307197852347263	0.1781819216606653	23.06212800879168	7.46836619433e-05	5.56361996009e-05	6.02975466836e-05	5.61108500047e-05	PASS
VCKSS-COMPARATIVE-SCALING-RESULT-V4	first	244	scale_weak_d3_n30720_c2_r1	e1514185445cab36f930c90a44c5a4e23326e027	fbed59bf26bd6cf641bec0946ff6d32cdfe992786852947c530678dd4c86a026	weak_d3	weak	3	30720	10240	3649	2	2	2	2	2	2	1	104729	2	scc-te4	Intel(R) Xeon(R) CPU E5-2660 v3 @ 2.60GHz	rust	PASS	0	0	0	3.551	5.17	9.12	1.153															0.00220017	0.01516741	0.01344189	0.015152511	0.005834699	0.0	3.072257236	3.124053916	335314944	335314944	333344768	29481729262	1425304486	1425304486	1249262672	9793520	2	2	1e-10	1e-06	0.008096025	0.000415405	0.0999105	1.527178913	0.948631717	15164	13271	9.84084536697e-06	1e-05	29.0	CMG_FULL_V2							21.39877239809509	1.307487506247241	0.1780700986657201	23.06240010167376	7.69979804194e-05	5.47593098077e-05	6.64132341485e-05	5.83266307536e-05	PASS
VCKSS-COMPARATIVE-SCALING-RESULT-V4	first	244	scale_weak_d3_n30720_c2_r1	e1514185445cab36f930c90a44c5a4e23326e027	fbed59bf26bd6cf641bec0946ff6d32cdfe992786852947c530678dd4c86a026	weak_d3	weak	3	30720	10240	3649	2	2	2	2	2	2	1	104729	3	scc-te4	Intel(R) Xeon(R) CPU E5-2660 v3 @ 2.60GHz	matlab	PASS	0	0	0	11.645623	337.54	204.58	4.014303	115.922091	6.069472																					5422321664	5552029696	2014470144	29481729262																				True	29	29	4.4e-11	MAINTAINED_UPSTREAM_INTERNAL	MATLAB_TWISTER_SEED_PLUS_WORKER_INDEX	21.39941717106329	1.3073959077961208	0.17811515924176755	23.06304339734295					PASS
VCKSS-COMPARATIVE-SCALING-RESULT-V4	first	245	scale_weak_d3_n30720_c2_r2	e1514185445cab36f930c90a44c5a4e23326e027	fbed59bf26bd6cf641bec0946ff6d32cdfe992786852947c530678dd4c86a026	weak_d3	weak	3	30720	10240	3649	2	2	2	2	2	2	2	8675309	3	scc-sa6	Intel(R) Xeon(R) CPU E5-2650 v2 @ 2.60GHz	mata	PASS	0	0	0	50.025	51.07	100.92999999999999	0.622			1.991	1.409	0.477	5.7	47.054	0.269	16.651	24.333	0.264	12.542	0.0	26.921									931901440	931901440	929865728	29671781565	1541274383	1541274383														2.70613960344e-14	1e-09	1.0	NONE							21.39878391571136	1.307453853442727	0.1779918424494604	23.06222145405301	8.46946947906e-05	6.12860617265e-05	7.44065181346e-05	6.24841937968e-05	PASS
VCKSS-COMPARATIVE-SCALING-RESULT-V4	first	245	scale_weak_d3_n30720_c2_r2	e1514185445cab36f930c90a44c5a4e23326e027	fbed59bf26bd6cf641bec0946ff6d32cdfe992786852947c530678dd4c86a026	weak_d3	weak	3	30720	10240	3649	2	2	2	2	2	2	2	8675309	1	scc-sa6	Intel(R) Xeon(R) CPU E5-2650 v2 @ 2.60GHz	rust	PASS	0	0	0	2.947	3.85	6.88	0.568															0.001878596	0.013215356	0.011374923	0.013106906	0.0048643	0.0	2.49518713	2.539627211	328925184	328925184	326787072	29671781565	1425304486	1425304486	1249262672	9793520	2	2	1e-10	1e-06	0.006695975	0.000420587	0.077515401	1.250893964	0.780014803	15171	13276	9.460050361e-06	1e-05	29.0	CMG_FULL_V2							21.39873280524035	1.307405758678049	0.1781018412841736	23.06234224648674	7.44917111599e-05	5.74926637958e-05	6.67997042632e-05	6.3441937307e-05	PASS
VCKSS-COMPARATIVE-SCALING-RESULT-V4	first	245	scale_weak_d3_n30720_c2_r2	e1514185445cab36f930c90a44c5a4e23326e027	fbed59bf26bd6cf641bec0946ff6d32cdfe992786852947c530678dd4c86a026	weak_d3	weak	3	30720	10240	3649	2	2	2	2	2	2	2	8675309	2	scc-sa6	Intel(R) Xeon(R) CPU E5-2650 v2 @ 2.60GHz	matlab	PASS	0	0	0	10.593114	296.42	136.75	4.29006	113.320199	4.527417																					5323751424	5353070592	2004672512	29671781565																				True	29	29	4.4e-11	MAINTAINED_UPSTREAM_INTERNAL	MATLAB_TWISTER_SEED_PLUS_WORKER_INDEX	21.399463784078726	1.3074933778190974	0.17803182746336665	23.063020816824555					PASS
VCKSS-COMPARATIVE-SCALING-RESULT-V4	first	246	scale_weak_d3_n30720_c2_r3	e1514185445cab36f930c90a44c5a4e23326e027	fbed59bf26bd6cf641bec0946ff6d32cdfe992786852947c530678dd4c86a026	weak_d3	weak	3	30720	10240	3649	2	2	2	2	2	2	3	20260819	2	scc-md8	Intel(R) Xeon(R) CPU E5-2650 v2 @ 2.60GHz	mata	PASS	0	0	0	50.653	51.68	102.03999999999999	0.669			1.999	1.414	0.478	5.847	47.673	0.271	16.834	24.617	0.265	12.558	0.0	27.365									932388864	932388864	930332672	29469918102	1541274419	1541274419														6.51679667244e-14	1e-09	1.0	NONE							21.39881276950859	1.307326255357024	0.178124794935533	23.06238861473668	8.06632062922e-05	5.47885685003e-05	6.70457420781e-05	5.75680791467e-05	PASS
VCKSS-COMPARATIVE-SCALING-RESULT-V4	first	246	scale_weak_d3_n30720_c2_r3	e1514185445cab36f930c90a44c5a4e23326e027	fbed59bf26bd6cf641bec0946ff6d32cdfe992786852947c530678dd4c86a026	weak_d3	weak	3	30720	10240	3649	2	2	2	2	2	2	3	20260819	3	scc-md8	Intel(R) Xeon(R) CPU E5-2650 v2 @ 2.60GHz	rust	PASS	0	0	0	3.015	3.94	6.99	0.597															0.001979917	0.01331462	0.01170664	0.013379774	0.004903069	0.0	2.523090912	2.568374932	329150464	329150464	327180288	29469918102	1425304486	1425304486	1249262672	9793520	2	2	1e-10	1e-06	0.006943147	0.000436867	0.0773569	1.260004786	0.792606073	15080	13196	9.61321529424e-06	1e-05	29.0	CMG_FULL_V2							21.39871402382781	1.307409218381645	0.1781526438397221	23.0624285298889	7.94903580626e-05	5.7970268034e-05	6.79350204271e-05	6.43061463508e-05	PASS
VCKSS-COMPARATIVE-SCALING-RESULT-V4	first	246	scale_weak_d3_n30720_c2_r3	e1514185445cab36f930c90a44c5a4e23326e027	fbed59bf26bd6cf641bec0946ff6d32cdfe992786852947c530678dd4c86a026	weak_d3	weak	3	30720	10240	3649	2	2	2	2	2	2	3	20260819	1	scc-md8	Intel(R) Xeon(R) CPU E5-2650 v2 @ 2.60GHz	matlab	PASS	0	0	0	10.981247	456.31	137.85	3.094068	235.707103	4.99727																					5039517696	5284143104	2025857024	29469918102																				True	29	29	4.4e-11	MAINTAINED_UPSTREAM_INTERNAL	MATLAB_TWISTER_SEED_PLUS_WORKER_INDEX	21.399555285037827	1.307483297402071	0.17797618837357948	23.062990959187058					PASS
VCKSS-COMPARATIVE-SCALING-RESULT-V4	first	247	scale_weak_d3_n30720_c4_r1	e1514185445cab36f930c90a44c5a4e23326e027	fbed59bf26bd6cf641bec0946ff6d32cdfe992786852947c530678dd4c86a026	weak_d3	weak	3	30720	10240	3649	4	4	4	4	4	4	1	104729	1	scc-md3	Intel(R) Xeon(R) CPU E5-2650 v2 @ 2.60GHz	mata	PASS	0	0	0	49.535	50.39	198.74	0.5429999999999999			2.082	1.496	0.495	3.489	46.439	0.274	17.208	25.363	0.2290000000000001	13.072	0.0	28.21099999999999									942235648	942235648	940199936	48564268958	1541274384	1541274384														3.46257159915e-14	1e-09	1.0	NONE							21.39856631312309	1.307197852347263	0.1781819216606663	23.06212800879169	7.46836619433e-05	5.56361996009e-05	6.02975466836e-05	5.61108500047e-05	PASS
VCKSS-COMPARATIVE-SCALING-RESULT-V4	first	247	scale_weak_d3_n30720_c4_r1	e1514185445cab36f930c90a44c5a4e23326e027	fbed59bf26bd6cf641bec0946ff6d32cdfe992786852947c530678dd4c86a026	weak_d3	weak	3	30720	10240	3649	4	4	4	4	4	4	1	104729	2	scc-md3	Intel(R) Xeon(R) CPU E5-2650 v2 @ 2.60GHz	rust	PASS	0	0	0	1.921	2.7	8.47	0.521															0.00204347	0.013953375	0.012073379	0.013776112	0.005165475	0.0	1.46977128	1.516783091	325140480	325140480	323092480	48564268958	1518065369	1518065369	1250020035	10424656	4	4	1e-10	1e-06	0.007243096	0.000468544	0.061661778	0.698263665	0.439401984	15164	13271	9.84084536697e-06	1e-05	29.0	CMG_FULL_V2							21.39877239809509	1.307487506247241	0.1780700986657201	23.06240010167376	7.69979804194e-05	5.47593098077e-05	6.64132341485e-05	5.83266307536e-05	PASS
VCKSS-COMPARATIVE-SCALING-RESULT-V4	first	247	scale_weak_d3_n30720_c4_r1	e1514185445cab36f930c90a44c5a4e23326e027	fbed59bf26bd6cf641bec0946ff6d32cdfe992786852947c530678dd4c86a026	weak_d3	weak	3	30720	10240	3649	4	4	4	4	4	4	1	104729	3	scc-md3	Intel(R) Xeon(R) CPU E5-2650 v2 @ 2.60GHz	matlab	PASS	0	0	0	8.153217	401.64	220.27999999999997	3.134782	236.455741	6.694653																					7932039168	8309035008	1981329408	48564268958																				True	29	29	4.4e-11	MAINTAINED_UPSTREAM_INTERNAL	MATLAB_TWISTER_SEED_PLUS_WORKER_INDEX	21.399517066696482	1.3075032729929064	0.17799904848846018	23.06301843666631					PASS
VCKSS-COMPARATIVE-SCALING-RESULT-V4	first	248	scale_weak_d3_n30720_c4_r2	e1514185445cab36f930c90a44c5a4e23326e027	fbed59bf26bd6cf641bec0946ff6d32cdfe992786852947c530678dd4c86a026	weak_d3	weak	3	30720	10240	3649	4	4	4	4	4	4	2	8675309	3	scc-mb5	Intel(R) Xeon(R) CPU E5-2650 v2 @ 2.60GHz	mata	PASS	0	0	0	49.876	50.97	199.54	0.579			2.1	1.516	0.507	3.684	46.756	0.275	17.26	25.43	0.227	13.028	0.0	28.362									952627200	952627200	950607872	49780818445	1541274414	1541274414														2.64696818569e-14	1e-09	1.0	NONE							21.39878391571136	1.307453853442727	0.1779918424494615	23.06222145405301	8.46946947906e-05	6.12860617265e-05	7.44065181346e-05	6.24841937968e-05	PASS
VCKSS-COMPARATIVE-SCALING-RESULT-V4	first	248	scale_weak_d3_n30720_c4_r2	e1514185445cab36f930c90a44c5a4e23326e027	fbed59bf26bd6cf641bec0946ff6d32cdfe992786852947c530678dd4c86a026	weak_d3	weak	3	30720	10240	3649	4	4	4	4	4	4	2	8675309	1	scc-mb5	Intel(R) Xeon(R) CPU E5-2650 v2 @ 2.60GHz	rust	PASS	0	0	0	1.923	2.76	8.73	0.518															0.002018824	0.013977885	0.012038605	0.014019844	0.005145207	0.0	1.477713661	1.524914026	336117760	336117760	338206720	49780818445	1518065369	1518065369	1250020035	10424656	4	4	1e-10	1e-06	0.007350702	0.000464622	0.061880697	0.707391673	0.442734504	15171	13276	9.460050361e-06	1e-05	29.0	CMG_FULL_V2							21.39873280524035	1.307405758678049	0.1781018412841736	23.06234224648674	7.44917111599e-05	5.74926637958e-05	6.67997042632e-05	6.3441937307e-05	PASS
VCKSS-COMPARATIVE-SCALING-RESULT-V4	first	248	scale_weak_d3_n30720_c4_r2	e1514185445cab36f930c90a44c5a4e23326e027	fbed59bf26bd6cf641bec0946ff6d32cdfe992786852947c530678dd4c86a026	weak_d3	weak	3	30720	10240	3649	4	4	4	4	4	4	2	8675309	2	scc-mb5	Intel(R) Xeon(R) CPU E5-2650 v2 @ 2.60GHz	matlab	PASS	0	0	0	8.235656	343.96	216.76000000000002	3.132962	128.938069	4.88149																					8575447040	8630173696	2013675520	49780818445																				True	29	29	4.4e-11	MAINTAINED_UPSTREAM_INTERNAL	MATLAB_TWISTER_SEED_PLUS_WORKER_INDEX	21.399413101787555	1.307407756793535	0.17810094945688626	23.063022757494863					PASS
VCKSS-COMPARATIVE-SCALING-RESULT-V4	first	249	scale_weak_d3_n30720_c4_r3	e1514185445cab36f930c90a44c5a4e23326e027	fbed59bf26bd6cf641bec0946ff6d32cdfe992786852947c530678dd4c86a026	weak_d3	weak	3	30720	10240	3649	4	4	4	4	4	4	3	20260819	2	scc-mb6	Intel(R) Xeon(R) CPU E5-2650 v2 @ 2.60GHz	mata	PASS	0	0	0	49.683	50.92	199.23000000000002	0.609			2.103	1.495	0.495	3.489	46.573	0.274	17.394	25.311	0.234	13.017	0.0	28.40000000000001									944095232	944095232	942223360	49432926094	1541274428	1541274428														6.33799870357e-14	1e-09	1.0	NONE							21.39881276950858	1.307326255357024	0.178124794935534	23.06238861473668	8.06632062922e-05	5.47885685003e-05	6.70457420781e-05	5.75680791467e-05	PASS
VCKSS-COMPARATIVE-SCALING-RESULT-V4	first	249	scale_weak_d3_n30720_c4_r3	e1514185445cab36f930c90a44c5a4e23326e027	fbed59bf26bd6cf641bec0946ff6d32cdfe992786852947c530678dd4c86a026	weak_d3	weak	3	30720	10240	3649	4	4	4	4	4	4	3	20260819	3	scc-mb6	Intel(R) Xeon(R) CPU E5-2650 v2 @ 2.60GHz	rust	PASS	0	0	0	1.938	2.74	8.590000000000002	0.501															0.002036441	0.013897827	0.012063718	0.013752767	0.005195127	0.0	1.478349373	1.525295253	326967296	326967296	329216000	49432926094	1518065369	1518065369	1250020035	10424656	4	4	1e-10	1e-06	0.007327118	0.000499025	0.063235623	0.717321995	0.436516097	15080	13196	9.61321529424e-06	1e-05	29.0	CMG_FULL_V2							21.39871402382781	1.307409218381645	0.1781526438397221	23.0624285298889	7.94903580626e-05	5.7970268034e-05	6.79350204271e-05	6.43061463508e-05	PASS
VCKSS-COMPARATIVE-SCALING-RESULT-V4	first	249	scale_weak_d3_n30720_c4_r3	e1514185445cab36f930c90a44c5a4e23326e027	fbed59bf26bd6cf641bec0946ff6d32cdfe992786852947c530678dd4c86a026	weak_d3	weak	3	30720	10240	3649	4	4	4	4	4	4	3	20260819	1	scc-mb6	Intel(R) Xeon(R) CPU E5-2650 v2 @ 2.60GHz	matlab	PASS	0	0	0	8.239366	414.90999999999997	219.33	4.037207	151.581234	4.938905																					8555982848	8603852800	1984720896	49432926094																				True	29	29	4.4e-11	MAINTAINED_UPSTREAM_INTERNAL	MATLAB_TWISTER_SEED_PLUS_WORKER_INDEX	21.399548362472228	1.3074325739557253	0.17798817556351182	23.062957287554976					PASS
VCKSS-COMPARATIVE-SCALING-RESULT-V4	first	250	scale_weak_d3_n30720_c8_r1	e1514185445cab36f930c90a44c5a4e23326e027	fbed59bf26bd6cf641bec0946ff6d32cdfe992786852947c530678dd4c86a026	weak_d3	weak	3	30720	10240	3649	8	4	4	4	8	8	1	104729	1	scc-te3	Intel(R) Xeon(R) CPU E5-2660 v3 @ 2.60GHz	mata	PASS	0	0	0	60.011	61.68	242.41	1.186			1.985	1.352	0.41	3.775	57.123	0.257	20.368	32.626	0.215	12.253	0.0	39.436									947879936	947879936	945844224	89701465719	1541274368	1541274368														3.46257159915e-14	1e-09	1.0	NONE							21.39856631312309	1.307197852347263	0.1781819216606663	23.06212800879169	7.46836619433e-05	5.56361996009e-05	6.02975466836e-05	5.61108500047e-05	PASS
VCKSS-COMPARATIVE-SCALING-RESULT-V4	first	250	scale_weak_d3_n30720_c8_r1	e1514185445cab36f930c90a44c5a4e23326e027	fbed59bf26bd6cf641bec0946ff6d32cdfe992786852947c530678dd4c86a026	weak_d3	weak	3	30720	10240	3649	8	4	8	4	8	8	1	104729	2	scc-te3	Intel(R) Xeon(R) CPU E5-2660 v3 @ 2.60GHz	rust	PASS	0	0	0	2.077	3.38	13.98	0.847															0.003616623	0.026933683	0.026349881	0.02811747	0.010137219	0.0	1.491988948	1.587143824	345116672	345116672	346849280	89701465719	1703587136	1703587136	1251534761	11686928	8	8	1e-10	1e-06	0.014305832	0.001036687	0.07724241	0.665949178	0.426306411	15164	13271	9.84084536697e-06	1e-05	29.0	CMG_FULL_V2							21.39877239809509	1.307487506247241	0.1780700986657201	23.06240010167376	7.69979804194e-05	5.47593098077e-05	6.64132341485e-05	5.83266307536e-05	PASS
VCKSS-COMPARATIVE-SCALING-RESULT-V4	first	250	scale_weak_d3_n30720_c8_r1	e1514185445cab36f930c90a44c5a4e23326e027	fbed59bf26bd6cf641bec0946ff6d32cdfe992786852947c530678dd4c86a026	weak_d3	weak	3	30720	10240	3649	8	4	8	4	8	8	1	104729	3	scc-te3	Intel(R) Xeon(R) CPU E5-2660 v3 @ 2.60GHz	matlab	PASS	0	0	0	7.265284	282.87	496.32	3.948991	110.889209	6.457614																					15363612672	15427682304	2107568128	89701465719																				True	29	29	4.4e-11	MAINTAINED_UPSTREAM_INTERNAL	MATLAB_TWISTER_SEED_PLUS_WORKER_INDEX	21.39939182274186	1.3073928517628226	0.17814398227206102	23.063072639048805					PASS
VCKSS-COMPARATIVE-SCALING-RESULT-V4	first	251	scale_weak_d3_n30720_c8_r2	e1514185445cab36f930c90a44c5a4e23326e027	fbed59bf26bd6cf641bec0946ff6d32cdfe992786852947c530678dd4c86a026	weak_d3	weak	3	30720	10240	3649	8	4	4	4	8	8	2	8675309	3	scc-tg3	Intel(R) Xeon(R) CPU E5-2660 v3 @ 2.60GHz	mata	PASS	0	0	0	60.092	61.6	242.37	0.959			2.214	1.499	0.459	3.801	56.897	0.26	20.266	32.468	0.219	12.373	0.0	39.039									943730688	943730688	941572096	88831734842	1541274399	1541274399														2.64696818569e-14	1e-09	1.0	NONE							21.39878391571136	1.307453853442727	0.1779918424494615	23.06222145405301	8.46946947906e-05	6.12860617265e-05	7.44065181346e-05	6.24841937968e-05	PASS
VCKSS-COMPARATIVE-SCALING-RESULT-V4	first	251	scale_weak_d3_n30720_c8_r2	e1514185445cab36f930c90a44c5a4e23326e027	fbed59bf26bd6cf641bec0946ff6d32cdfe992786852947c530678dd4c86a026	weak_d3	weak	3	30720	10240	3649	8	4	8	4	8	8	2	8675309	1	scc-tg3	Intel(R) Xeon(R) CPU E5-2660 v3 @ 2.60GHz	rust	PASS	0	0	0	2.584	5.14	14.27	2.118															0.002777766	0.024053467	0.021810909	0.02413519	0.009094074	0.0	1.784885963	1.866757369	355897344	355897344	353853440	88831734842	1703587136	1703587136	1251534761	11686928	8	8	1e-10	1e-06	0.01703006	0.00151049	0.079041192	0.824332508	0.530151855	15171	13276	9.460050361e-06	1e-05	29.0	CMG_FULL_V2							21.39873280524035	1.307405758678049	0.1781018412841736	23.06234224648674	7.44917111599e-05	5.74926637958e-05	6.67997042632e-05	6.3441937307e-05	PASS
VCKSS-COMPARATIVE-SCALING-RESULT-V4	first	251	scale_weak_d3_n30720_c8_r2	e1514185445cab36f930c90a44c5a4e23326e027	fbed59bf26bd6cf641bec0946ff6d32cdfe992786852947c530678dd4c86a026	weak_d3	weak	3	30720	10240	3649	8	4	8	4	8	8	2	8675309	2	scc-tg3	Intel(R) Xeon(R) CPU E5-2660 v3 @ 2.60GHz	matlab	PASS	0	0	0	9.126058	373.0	548.73	7.164808	229.531597	7.005743																					14344556544	15423442944	2033819648	88831734842																				True	29	29	4.4e-11	MAINTAINED_UPSTREAM_INTERNAL	MATLAB_TWISTER_SEED_PLUS_WORKER_INDEX	21.399379888082027	1.3073586851626227	0.17816068534026744	23.063059943925186					PASS
VCKSS-COMPARATIVE-SCALING-RESULT-V4	first	252	scale_weak_d3_n30720_c8_r3	e1514185445cab36f930c90a44c5a4e23326e027	fbed59bf26bd6cf641bec0946ff6d32cdfe992786852947c530678dd4c86a026	weak_d3	weak	3	30720	10240	3649	8	4	4	4	8	8	3	20260819	2	scc-sa6	Intel(R) Xeon(R) CPU E5-2650 v2 @ 2.60GHz	mata	PASS	0	0	0	50.074	51.14	200.82999999999998	0.574			2.089	1.499	0.497	3.503	46.975	0.276	17.393	25.696	0.231	13.049	0.0	28.746									941842432	941842432	939991040	89582280377	1541274393	1541274393														6.33799870357e-14	1e-09	1.0	NONE							21.39881276950858	1.307326255357024	0.178124794935534	23.06238861473668	8.06632062922e-05	5.47885685003e-05	6.70457420781e-05	5.75680791467e-05	PASS
VCKSS-COMPARATIVE-SCALING-RESULT-V4	first	252	scale_weak_d3_n30720_c8_r3	e1514185445cab36f930c90a44c5a4e23326e027	fbed59bf26bd6cf641bec0946ff6d32cdfe992786852947c530678dd4c86a026	weak_d3	weak	3	30720	10240	3649	8	4	8	4	8	8	3	20260819	3	scc-sa6	Intel(R) Xeon(R) CPU E5-2650 v2 @ 2.60GHz	rust	PASS	0	0	0	1.399	2.09	8.979999999999999	0.445															0.002033662	0.014268357	0.012033131	0.013902199	0.005175022	0.0	0.945139721	0.992552092	332877824	332877824	332161024	89582280377	1703587136	1703587136	1251534761	11686928	8	8	1e-10	1e-06	0.007430051	0.001116169	0.051662253	0.424563432	0.265682957	15080	13196	9.61321529424e-06	1e-05	29.0	CMG_FULL_V2							21.39871402382781	1.307409218381645	0.1781526438397221	23.0624285298889	7.94903580626e-05	5.7970268034e-05	6.79350204271e-05	6.43061463508e-05	PASS
VCKSS-COMPARATIVE-SCALING-RESULT-V4	first	252	scale_weak_d3_n30720_c8_r3	e1514185445cab36f930c90a44c5a4e23326e027	fbed59bf26bd6cf641bec0946ff6d32cdfe992786852947c530678dd4c86a026	weak_d3	weak	3	30720	10240	3649	8	4	8	4	8	8	3	20260819	1	scc-sa6	Intel(R) Xeon(R) CPU E5-2650 v2 @ 2.60GHz	matlab	PASS	0	0	0	7.269517	354.08	382.23	4.299029	154.130373	5.530518																					15498944512	15572373504	2090176512	89582280377																				True	29	29	4.4e-11	MAINTAINED_UPSTREAM_INTERNAL	MATLAB_TWISTER_SEED_PLUS_WORKER_INDEX	21.399643755525815	1.3075408764266319	0.17788663315768832	23.062957898267825					PASS
VCKSS-COMPARATIVE-SCALING-RESULT-V4	first	253	scale_weak_d3_n30720_c16_r1	e1514185445cab36f930c90a44c5a4e23326e027	fbed59bf26bd6cf641bec0946ff6d32cdfe992786852947c530678dd4c86a026	weak_d3	weak	3	30720	10240	3649	16	4	4	4	16	16	1	104729	1	scc-to3	Intel(R) Xeon(R) CPU E5-2660 v3 @ 2.60GHz	mata	PASS	0	0	0	58.769	60.16	236.87	0.9319999999999999			1.978	1.371	0.405	4.136	55.905	0.26	19.547	31.858	0.214	11.32	0.0	38.812									940630016	940630016	938770432	177979149779	1541274409	1541274409														3.46257159915e-14	1e-09	1.0	NONE							21.39856631312309	1.307197852347263	0.1781819216606663	23.06212800879169	7.46836619433e-05	5.56361996009e-05	6.02975466836e-05	5.61108500047e-05	PASS
VCKSS-COMPARATIVE-SCALING-RESULT-V4	first	253	scale_weak_d3_n30720_c16_r1	e1514185445cab36f930c90a44c5a4e23326e027	fbed59bf26bd6cf641bec0946ff6d32cdfe992786852947c530678dd4c86a026	weak_d3	weak	3	30720	10240	3649	16	4	16	4	16	16	1	104729	2	scc-to3	Intel(R) Xeon(R) CPU E5-2660 v3 @ 2.60GHz	rust	PASS	0	0	0	2.146	3.47	18.27	0.815															0.004156496	0.031313172	0.02809446	0.028386863	0.007270086	0.0	1.332097527	1.431318604	362688512	362688512	363114496	177979149779	2074630668	2074630668	1254564214	14211472	16	16	1e-10	1e-06	0.016526967	0.002244055	0.081926739	0.542566916	0.349012318	15164	13271	9.84084536697e-06	1e-05	29.0	CMG_FULL_V2							21.39877239809509	1.307487506247241	0.1780700986657201	23.06240010167376	7.69979804194e-05	5.47593098077e-05	6.64132341485e-05	5.83266307536e-05	PASS
VCKSS-COMPARATIVE-SCALING-RESULT-V4	first	253	scale_weak_d3_n30720_c16_r1	e1514185445cab36f930c90a44c5a4e23326e027	fbed59bf26bd6cf641bec0946ff6d32cdfe992786852947c530678dd4c86a026	weak_d3	weak	3	30720	10240	3649	16	4	16	4	16	16	1	104729	3	scc-to3	Intel(R) Xeon(R) CPU E5-2660 v3 @ 2.60GHz	matlab	PASS	0	0	0	6.742739	191.71	867.1	3.494203	89.453864	6.258346																					28652621824	28862828544	2185850880	177979149779																				True	29	29	4.4e-11	MAINTAINED_UPSTREAM_INTERNAL	MATLAB_TWISTER_SEED_PLUS_WORKER_INDEX	21.399395904295556	1.3073544286105552	0.178151107694314	23.06305254829474					PASS
VCKSS-COMPARATIVE-SCALING-RESULT-V4	first	254	scale_weak_d3_n30720_c16_r2	e1514185445cab36f930c90a44c5a4e23326e027	fbed59bf26bd6cf641bec0946ff6d32cdfe992786852947c530678dd4c86a026	weak_d3	weak	3	30720	10240	3649	16	4	4	4	16	16	2	8675309	3	scc-mb5	Intel(R) Xeon(R) CPU E5-2650 v2 @ 2.60GHz	mata	PASS	0	0	0	50.171	51.07	201.23000000000002	0.54			2.076	1.491	0.495	3.502	47.055	0.276	17.484	25.689	0.228	13.122	0.0	28.765									944803840	944803840	942862336	177688165745	1541274433	1541274433														2.64696818569e-14	1e-09	1.0	NONE							21.39878391571136	1.307453853442727	0.1779918424494615	23.06222145405301	8.46946947906e-05	6.12860617265e-05	7.44065181346e-05	6.24841937968e-05	PASS
VCKSS-COMPARATIVE-SCALING-RESULT-V4	first	254	scale_weak_d3_n30720_c16_r2	e1514185445cab36f930c90a44c5a4e23326e027	fbed59bf26bd6cf641bec0946ff6d32cdfe992786852947c530678dd4c86a026	weak_d3	weak	3	30720	10240	3649	16	4	16	4	16	16	2	8675309	1	scc-mb5	Intel(R) Xeon(R) CPU E5-2650 v2 @ 2.60GHz	rust	PASS	0	0	0	1.062	1.79	9.5	0.464															0.001817092	0.012595103	0.011013961	0.012608947	0.004674809	0.0	0.621375919	0.664085831	336322560	336322560	339611648	177688165745	2074630668	2074630668	1254564214	14211472	16	16	1e-10	1e-06	0.006719152	0.001090107	0.049966337	0.234412733	0.150185141	15171	13276	9.460050361e-06	1e-05	29.0	CMG_FULL_V2							21.39873280524035	1.307405758678049	0.1781018412841736	23.06234224648674	7.44917111599e-05	5.74926637958e-05	6.67997042632e-05	6.3441937307e-05	PASS
VCKSS-COMPARATIVE-SCALING-RESULT-V4	first	254	scale_weak_d3_n30720_c16_r2	e1514185445cab36f930c90a44c5a4e23326e027	fbed59bf26bd6cf641bec0946ff6d32cdfe992786852947c530678dd4c86a026	weak_d3	weak	3	30720	10240	3649	16	4	16	4	16	16	2	8675309	2	scc-mb5	Intel(R) Xeon(R) CPU E5-2650 v2 @ 2.60GHz	matlab	PASS	0	0	0	6.231016	252.93	716.8199999999999	4.026292	132.196301	6.051339																					28641243136	28790853632	2150985728	177688165745																				True	29	29	4.4e-11	MAINTAINED_UPSTREAM_INTERNAL	MATLAB_TWISTER_SEED_PLUS_WORKER_INDEX	21.39940304124731	1.3073796841316006	0.1781097952987658	23.063002315976444					PASS
VCKSS-COMPARATIVE-SCALING-RESULT-V4	first	255	scale_weak_d3_n30720_c16_r3	e1514185445cab36f930c90a44c5a4e23326e027	fbed59bf26bd6cf641bec0946ff6d32cdfe992786852947c530678dd4c86a026	weak_d3	weak	3	30720	10240	3649	16	4	4	4	16	16	3	20260819	2	scc-pg1	Intel(R) Xeon(R) CPU E5-2650 v2 @ 2.60GHz	mata	PASS	0	0	0	50.398	53.64	200.41	2.661			2.155	1.499	0.495	3.752	46.859	0.281	17.318	25.396	0.232	13.043	0.0	28.407									954212352	954212352	952270848	176746494165	1541274392	1541274392														6.33799870357e-14	1e-09	1.0	NONE							21.39881276950858	1.307326255357024	0.178124794935534	23.06238861473668	8.06632062922e-05	5.47885685003e-05	6.70457420781e-05	5.75680791467e-05	PASS
VCKSS-COMPARATIVE-SCALING-RESULT-V4	first	255	scale_weak_d3_n30720_c16_r3	e1514185445cab36f930c90a44c5a4e23326e027	fbed59bf26bd6cf641bec0946ff6d32cdfe992786852947c530678dd4c86a026	weak_d3	weak	3	30720	10240	3649	16	4	16	4	16	16	3	20260819	3	scc-pg1	Intel(R) Xeon(R) CPU E5-2650 v2 @ 2.60GHz	rust	PASS	0	0	0	1.033	1.72	9.43	0.43															0.001929301	0.013055814	0.011741562	0.013142136	0.004890856	0.0	0.595299243	0.640058912	365834240	365834240	363950080	176746494165	2074630668	2074630668	1254564214	14211472	16	16	1e-10	1e-06	0.006829805	0.001778918	0.039121018	0.238112208	0.160574527	15080	13196	9.61321529424e-06	1e-05	29.0	CMG_FULL_V2							21.39871402382781	1.307409218381645	0.1781526438397221	23.0624285298889	7.94903580626e-05	5.7970268034e-05	6.79350204271e-05	6.43061463508e-05	PASS
VCKSS-COMPARATIVE-SCALING-RESULT-V4	first	255	scale_weak_d3_n30720_c16_r3	e1514185445cab36f930c90a44c5a4e23326e027	fbed59bf26bd6cf641bec0946ff6d32cdfe992786852947c530678dd4c86a026	weak_d3	weak	3	30720	10240	3649	16	4	16	4	16	16	3	20260819	1	scc-pg1	Intel(R) Xeon(R) CPU E5-2650 v2 @ 2.60GHz	matlab	PASS	0	0	0	7.586191	342.61	752.88	6.542588	158.897735	6.443666																					28613619712	28837208064	2149462016	176746494165																				True	29	29	4.4e-11	MAINTAINED_UPSTREAM_INTERNAL	MATLAB_TWISTER_SEED_PLUS_WORKER_INDEX	21.39962083976563	1.3075494346085195	0.1779143016423755	23.0629988776589					PASS
VCKSS-COMPARATIVE-SCALING-RESULT-V4	repair-full	256	scale_weak_d3_n122880_c1_r1	ca162022833c3d6e6906c11cf4860baf0d52fd86	02d6eb6ffc96e0eb7eea1252605663e3e206c6ce177f3cf7f0e860c2b25f40f9	weak_d3	weak	3	122880	40960	9793	1	1	1	1	1	1	1	104729	1	scc-b19	Intel(R) Xeon(R) 6737P	mata	PASS	0	0	0	79.085	80.55	79.75999999999999	1.079			2.395	1.845	0.854	0.395	75.536	0.21	27.592	47.133	0.75	18.035	15.916	51.33100000000001									1190760448	1190760448	1266413568	18923625907	1786430657	1786430657														6.01998412534e-11	1e-09	12.0	NONE							21.51441458192769	1.307988424531002	0.0275491967113584	22.87750139988141	2.41711332232e-05	1.43678113592e-05	2.04423566364e-05	2.49451748236e-05	PASS
VCKSS-COMPARATIVE-SCALING-RESULT-V4	repair-full	256	scale_weak_d3_n122880_c1_r1	ca162022833c3d6e6906c11cf4860baf0d52fd86	02d6eb6ffc96e0eb7eea1252605663e3e206c6ce177f3cf7f0e860c2b25f40f9	weak_d3	weak	3	122880	40960	9793	1	1	1	1	1	1	1	104729	2	scc-b19	Intel(R) Xeon(R) 6737P	rust	PASS	0	0	0	8.576	9.51	9.39	0.571															0.003491171	0.034170813	0.026939482	0.027382818	0.010479692	0.0	8.215199186	8.317663162	625319936	625319936	624750592	18923625907	3460886489	3460886489	2946074748	26402624	1	1	1e-10	1e-06	0.016214301	0.000496874	0.201891617	3.763798715	3.03179622	15153	13052	9.40753079844e-06	1e-05	28.0	CMG_FULL_V2							21.51437132371235	1.307976216184618	0.0275793158121162	22.8775061715212	2.1425461679e-05	1.38760342592e-05	1.95131765667e-05	2.53564385349e-05	PASS
VCKSS-COMPARATIVE-SCALING-RESULT-V4	repair-full	256	scale_weak_d3_n122880_c1_r1	ca162022833c3d6e6906c11cf4860baf0d52fd86	02d6eb6ffc96e0eb7eea1252605663e3e206c6ce177f3cf7f0e860c2b25f40f9	weak_d3	weak	3	122880	40960	9793	1	1	1	1	1	1	1	104729	3	scc-b19	Intel(R) Xeon(R) 6737P	matlab	PASS	0	0	0	19.347758	102.87	46.4	2.625724	15.770028	2.735673																					3446931456	3462402048	1900285952	18923625907																				True	30	30	1.9e-11	MAINTAINED_UPSTREAM_INTERNAL	MATLAB_TWISTER_SEED_PLUS_WORKER_INDEX	21.51454083231175	1.307989736210326	0.027567504491779873	22.877665577505635					PASS
VCKSS-COMPARATIVE-SCALING-RESULT-V4	repair-full	257	scale_weak_d3_n122880_c1_r2	ca162022833c3d6e6906c11cf4860baf0d52fd86	02d6eb6ffc96e0eb7eea1252605663e3e206c6ce177f3cf7f0e860c2b25f40f9	weak_d3	weak	3	122880	40960	9793	1	1	1	1	1	1	2	8675309	3	scc-sb6	Intel(R) Xeon(R) CPU E5-2650 v2 @ 2.60GHz	mata	PASS	0	0	0	153.837	156.65	154.89999999999998	1.204			6.661	5.403	2.056	0.927	144.531	0.458	56.752	85.982	1.39	51.786	25.838	81.24900000000001									1269706752	1269706752	1271128064	19021336413	1786430700	1786430700														6.01625998273e-11	1e-09	12.0	NONE							21.51440743172962	1.307989614299761	0.0275510520876905	22.87749915020476	2.15790227137e-05	1.30088426074e-05	1.8190745646e-05	2.32634036463e-05	PASS
VCKSS-COMPARATIVE-SCALING-RESULT-V4	repair-full	257	scale_weak_d3_n122880_c1_r2	ca162022833c3d6e6906c11cf4860baf0d52fd86	02d6eb6ffc96e0eb7eea1252605663e3e206c6ce177f3cf7f0e860c2b25f40f9	weak_d3	weak	3	122880	40960	9793	1	1	1	1	1	1	2	8675309	1	scc-sb6	Intel(R) Xeon(R) CPU E5-2650 v2 @ 2.60GHz	rust	PASS	0	0	0	16.288	18.17	17.97	1.139															0.007096975	0.051486754	0.04650536	0.050069777	0.01888092	0.0	15.466511941	15.640551727	622833664	622833664	620806144	19021336413	3460886489	3460886489	2946074748	26402624	1	1	1e-10	1e-06	0.026640683	0.001028673	0.369811407	6.749014271	5.994843599	15120	13024	9.95842325574e-06	1e-05	28.0	CMG_FULL_V2							21.51434990093162	1.307973712261646	0.0275874551465745	22.87749852348641	2.51626317489e-05	1.30724951269e-05	1.94086646046e-05	2.35059256491e-05	PASS
VCKSS-COMPARATIVE-SCALING-RESULT-V4	repair-full	257	scale_weak_d3_n122880_c1_r2	ca162022833c3d6e6906c11cf4860baf0d52fd86	02d6eb6ffc96e0eb7eea1252605663e3e206c6ce177f3cf7f0e860c2b25f40f9	weak_d3	weak	3	122880	40960	9793	1	1	1	1	1	1	2	8675309	2	scc-sb6	Intel(R) Xeon(R) CPU E5-2650 v2 @ 2.60GHz	matlab	PASS	0	0	0	53.133798	280.96	126.29	6.308353	112.201638	4.475564																					3471769600	3471769600	1915490304	19021336413																				True	30	30	1.9e-11	MAINTAINED_UPSTREAM_INTERNAL	MATLAB_TWISTER_SEED_PLUS_WORKER_INDEX	21.514559446736605	1.3079688835743453	0.02757025848877552	22.877668847288504					PASS
VCKSS-COMPARATIVE-SCALING-RESULT-V4	repair-full	258	scale_weak_d3_n122880_c1_r3	ca162022833c3d6e6906c11cf4860baf0d52fd86	02d6eb6ffc96e0eb7eea1252605663e3e206c6ce177f3cf7f0e860c2b25f40f9	weak_d3	weak	3	122880	40960	9793	1	1	1	1	1	1	3	20260819	2	scc-b13	Intel(R) Xeon(R) 6737P	mata	PASS	0	0	0	80.13	81.71000000000001	80.45	0.698			2.514	1.829	0.847	0.51	76.471	0.257	27.734	47.76	0.751	18.051	16.0	52.16									1235636224	1235636224	1280614400	18835579077	1786430673	1786430673														6.26805779244e-11	1e-09	12.0	NONE							21.514411986543	1.307985635894479	0.0275290610189563	22.87745574447539	2.26987271358e-05	1.30570123699e-05	1.92878877365e-05	2.63519690956e-05	PASS
VCKSS-COMPARATIVE-SCALING-RESULT-V4	repair-full	258	scale_weak_d3_n122880_c1_r3	ca162022833c3d6e6906c11cf4860baf0d52fd86	02d6eb6ffc96e0eb7eea1252605663e3e206c6ce177f3cf7f0e860c2b25f40f9	weak_d3	weak	3	122880	40960	9793	1	1	1	1	1	1	3	20260819	3	scc-b13	Intel(R) Xeon(R) 6737P	rust	PASS	0	0	0	8.274000000000001	9.4	9.08	0.59															0.003438397	0.033982536	0.027712098	0.027469204	0.010535649	0.0	7.911669812	8.014807696	624103424	624103424	622047232	18835579077	3460886489	3460886489	2946074748	26402624	1	1	1e-10	1e-06	0.016077194	0.000506682	0.186988902	3.698772106	2.849137404	15166	13063	6.03318643146e-06	1e-05	28.0	CMG_FULL_V2							21.51435396495341	1.307954819031694	0.0275955998671719	22.87749998371945	2.24760113205e-05	1.46614580382e-05	1.90499537305e-05	2.4628552839e-05	PASS
VCKSS-COMPARATIVE-SCALING-RESULT-V4	repair-full	258	scale_weak_d3_n122880_c1_r3	ca162022833c3d6e6906c11cf4860baf0d52fd86	02d6eb6ffc96e0eb7eea1252605663e3e206c6ce177f3cf7f0e860c2b25f40f9	weak_d3	weak	3	122880	40960	9793	1	1	1	1	1	1	3	20260819	1	scc-b13	Intel(R) Xeon(R) 6737P	matlab	PASS	0	0	0	20.759176	249.8	49.07	2.964494	87.917571	2.765734																					3473252352	3488043008	1930149888	18835579077																				True	30	30	1.9e-11	MAINTAINED_UPSTREAM_INTERNAL	MATLAB_TWISTER_SEED_PLUS_WORKER_INDEX	21.51453465405885	1.3079783210236566	0.02758930276775027	22.877691580618006					PASS
VCKSS-COMPARATIVE-SCALING-RESULT-V4	first	259	scale_weak_d3_n122880_c2_r1	e1514185445cab36f930c90a44c5a4e23326e027	fbed59bf26bd6cf641bec0946ff6d32cdfe992786852947c530678dd4c86a026	weak_d3	weak	3	122880	40960	9793	2	2	2	2	2	2	1	104729	1	scc-tg3	Intel(R) Xeon(R) CPU E5-2660 v3 @ 2.60GHz	mata	PASS	0	0	0	132.244	134.98	265.1	1.681			6.653	5.04	1.81	0.839	123.157	0.402	48.555	72.933	0.9940000000000001	48.306	17.721	65.337									1194258432	1194258432	1218379776	30169997771	1786430414	1786430414														6.01998412534e-11	1e-09	12.0	NONE							21.51441458192769	1.307988424531002	0.0275491967113584	22.87750139988141	2.41711332232e-05	1.43678113592e-05	2.04423566364e-05	2.49451748236e-05	PASS
VCKSS-COMPARATIVE-SCALING-RESULT-V4	first	259	scale_weak_d3_n122880_c2_r1	e1514185445cab36f930c90a44c5a4e23326e027	fbed59bf26bd6cf641bec0946ff6d32cdfe992786852947c530678dd4c86a026	weak_d3	weak	3	122880	40960	9793	2	2	2	2	2	2	1	104729	2	scc-tg3	Intel(R) Xeon(R) CPU E5-2660 v3 @ 2.60GHz	rust	PASS	0	0	0	11.361	13.93	25.31	1.642															0.008476243	0.063926507	0.069567658	0.064509183	0.024146318	0.0	10.440179971	10.67080588	572444672	572444672	570351616	30169997771	3643850508	3643850508	2947613417	27684848	2	2	1e-10	1e-06	0.034596055	0.001079415	0.333017708	4.633532883	3.694069282	15153	13052	9.40753079844e-06	1e-05	28.0	CMG_FULL_V2							21.51437132371235	1.307976216184618	0.0275793158121162	22.8775061715212	2.1425461679e-05	1.38760342592e-05	1.95131765667e-05	2.53564385349e-05	PASS
VCKSS-COMPARATIVE-SCALING-RESULT-V4	first	259	scale_weak_d3_n122880_c2_r1	e1514185445cab36f930c90a44c5a4e23326e027	fbed59bf26bd6cf641bec0946ff6d32cdfe992786852947c530678dd4c86a026	weak_d3	weak	3	122880	40960	9793	2	2	2	2	2	2	1	104729	3	scc-tg3	Intel(R) Xeon(R) CPU E5-2660 v3 @ 2.60GHz	matlab	PASS	0	0	0	31.525397	319.91	242.13	4.009908	154.723896	6.340202																					5551333376	5581537280	2204680192	30169997771																				True	30	30	1.9e-11	MAINTAINED_UPSTREAM_INTERNAL	MATLAB_TWISTER_SEED_PLUS_WORKER_INDEX	21.514543801187823	1.307984841699155	0.027563983255014773	22.877656609397008					PASS
VCKSS-COMPARATIVE-SCALING-RESULT-V4	first	260	scale_weak_d3_n122880_c2_r2	e1514185445cab36f930c90a44c5a4e23326e027	fbed59bf26bd6cf641bec0946ff6d32cdfe992786852947c530678dd4c86a026	weak_d3	weak	3	122880	40960	9793	2	2	2	2	2	2	2	8675309	3	scc-md8	Intel(R) Xeon(R) CPU E5-2650 v2 @ 2.60GHz	mata	PASS	0	0	0	136.855	138.81	272.77	0.994			6.74	5.57	2.026	0.97	127.455	0.425	50.276	75.349	1.091	52.998	18.975	64.93599999999999									1211707392	1211707392	1215954944	29618094474	1786430368	1786430368														6.01625998273e-11	1e-09	12.0	NONE							21.51440743172962	1.307989614299761	0.0275510520876905	22.87749915020476	2.15790227137e-05	1.30088426074e-05	1.8190745646e-05	2.32634036463e-05	PASS
VCKSS-COMPARATIVE-SCALING-RESULT-V4	first	260	scale_weak_d3_n122880_c2_r2	e1514185445cab36f930c90a44c5a4e23326e027	fbed59bf26bd6cf641bec0946ff6d32cdfe992786852947c530678dd4c86a026	weak_d3	weak	3	122880	40960	9793	2	2	2	2	2	2	2	8675309	1	scc-md8	Intel(R) Xeon(R) CPU E5-2650 v2 @ 2.60GHz	rust	PASS	0	0	0	9.313	11.12	20.669999999999998	1.058															0.007108098	0.054116828	0.049204839	0.053939231	0.019271047	0.0	8.537968239	8.721608282	576114688	576114688	574078976	29618094474	3643850508	3643850508	2947613417	27684848	2	2	1e-10	1e-06	0.028069581	0.001070324	0.269161999	3.797776518	3.070833564	15120	13024	9.95842325574e-06	1e-05	28.0	CMG_FULL_V2							21.51434990093162	1.307973712261646	0.0275874551465745	22.87749852348641	2.51626317489e-05	1.30724951269e-05	1.94086646046e-05	2.35059256491e-05	PASS
VCKSS-COMPARATIVE-SCALING-RESULT-V4	first	260	scale_weak_d3_n122880_c2_r2	e1514185445cab36f930c90a44c5a4e23326e027	fbed59bf26bd6cf641bec0946ff6d32cdfe992786852947c530678dd4c86a026	weak_d3	weak	3	122880	40960	9793	2	2	2	2	2	2	2	8675309	2	scc-md8	Intel(R) Xeon(R) CPU E5-2650 v2 @ 2.60GHz	matlab	PASS	0	0	0	33.372474	273.42	170.23000000000002	3.022896	157.120561	4.92485																					5400924160	5403697152	2066460672	29618094474																				True	30	30	1.9e-11	MAINTAINED_UPSTREAM_INTERNAL	MATLAB_TWISTER_SEED_PLUS_WORKER_INDEX	21.51457181521283	1.3079746990159844	0.027567507996058515	22.87768153022093					PASS
VCKSS-COMPARATIVE-SCALING-RESULT-V4	first	261	scale_weak_d3_n122880_c2_r3	e1514185445cab36f930c90a44c5a4e23326e027	fbed59bf26bd6cf641bec0946ff6d32cdfe992786852947c530678dd4c86a026	weak_d3	weak	3	122880	40960	9793	2	2	2	2	2	2	3	20260819	2	scc-ke1	Intel(R) Xeon(R) Gold 6426Y	mata	PASS	0	0	0	73.362	74.7	148.17	0.761			2.71	1.93	0.9139999999999999	0.406	69.393	0.223	26.228	42.321	0.607	19.839	12.067	43.092									1192308736	1192308736	1210703872	29690035176	1786430391	1786430391														6.26805779244e-11	1e-09	12.0	NONE							21.514411986543	1.307985635894479	0.0275290610189563	22.87745574447539	2.26987271358e-05	1.30570123699e-05	1.92878877365e-05	2.63519690956e-05	PASS
VCKSS-COMPARATIVE-SCALING-RESULT-V4	first	261	scale_weak_d3_n122880_c2_r3	e1514185445cab36f930c90a44c5a4e23326e027	fbed59bf26bd6cf641bec0946ff6d32cdfe992786852947c530678dd4c86a026	weak_d3	weak	3	122880	40960	9793	2	2	2	2	2	2	3	20260819	3	scc-ke1	Intel(R) Xeon(R) Gold 6426Y	rust	PASS	0	0	0	5.292	6.45	11.17	0.604															0.003797725	0.036095944	0.035195148	0.028411238	0.011595284	0.0	4.821300841	4.93639618	570679296	570679296	568799232	29690035176	3643850508	3643850508	2947613417	27684848	2	2	1e-10	1e-06	0.01643774	0.000570472	0.211945966	2.114992948	1.705141195	15166	13063	6.03318643146e-06	1e-05	28.0	CMG_FULL_V2							21.51435396495341	1.307954819031694	0.0275955998671719	22.87749998371945	2.24760113205e-05	1.46614580382e-05	1.90499537305e-05	2.4628552839e-05	PASS
VCKSS-COMPARATIVE-SCALING-RESULT-V4	first	261	scale_weak_d3_n122880_c2_r3	e1514185445cab36f930c90a44c5a4e23326e027	fbed59bf26bd6cf641bec0946ff6d32cdfe992786852947c530678dd4c86a026	weak_d3	weak	3	122880	40960	9793	2	2	2	2	2	2	3	20260819	1	scc-ke1	Intel(R) Xeon(R) Gold 6426Y	matlab	PASS	0	0	0	14.333728	261.75	87.81	2.65503	153.297711	4.221291																					5633130496	7370629120	2202353664	29690035176																				True	30	30	1.9e-11	MAINTAINED_UPSTREAM_INTERNAL	MATLAB_TWISTER_SEED_PLUS_WORKER_INDEX	21.514572764961386	1.3079956902870904	0.0275629533275517	22.87769436190358					PASS
VCKSS-COMPARATIVE-SCALING-RESULT-V4	first	262	scale_weak_d3_n122880_c4_r1	e1514185445cab36f930c90a44c5a4e23326e027	fbed59bf26bd6cf641bec0946ff6d32cdfe992786852947c530678dd4c86a026	weak_d3	weak	3	122880	40960	9793	4	4	4	4	4	4	1	104729	1	scc-pf3	Intel(R) Xeon(R) CPU E5-2650 v2 @ 2.60GHz	mata	PASS	0	0	0	129.125	130.65	508.78999999999996	0.779			6.87	5.685	2.044	1.119	119.553	0.425	48.079	69.478	0.928	55.01299999999999	14.782	55.791									1237676032	1237676032	1235718144	49636937040	1786430349	1786430349														6.01998412534e-11	1e-09	12.0	NONE							21.51441458192769	1.307988424531002	0.0275491967113584	22.87750139988141	2.41711332232e-05	1.43678113592e-05	2.04423566364e-05	2.49451748236e-05	PASS
VCKSS-COMPARATIVE-SCALING-RESULT-V4	first	262	scale_weak_d3_n122880_c4_r1	e1514185445cab36f930c90a44c5a4e23326e027	fbed59bf26bd6cf641bec0946ff6d32cdfe992786852947c530678dd4c86a026	weak_d3	weak	3	122880	40960	9793	4	4	4	4	4	4	1	104729	2	scc-pf3	Intel(R) Xeon(R) CPU E5-2650 v2 @ 2.60GHz	rust	PASS	0	0	0	5.617	7.21	24.3	0.765															0.007160382	0.056773391	0.052227855	0.055762636	0.019891502	0.0	4.87109679	5.062912556	579141632	579141632	577069056	49636937040	4008992115	4008992115	2949904323	29593936	4	4	1e-10	1e-06	0.029532722	0.001190446	0.207463803	2.086063307	1.647818595	15153	13052	9.40753079844e-06	1e-05	28.0	CMG_FULL_V2							21.51437132371235	1.307976216184618	0.0275793158121162	22.8775061715212	2.1425461679e-05	1.38760342592e-05	1.95131765667e-05	2.53564385349e-05	PASS
VCKSS-COMPARATIVE-SCALING-RESULT-V4	first	262	scale_weak_d3_n122880_c4_r1	e1514185445cab36f930c90a44c5a4e23326e027	fbed59bf26bd6cf641bec0946ff6d32cdfe992786852947c530678dd4c86a026	weak_d3	weak	3	122880	40960	9793	4	4	4	4	4	4	1	104729	3	scc-pf3	Intel(R) Xeon(R) CPU E5-2650 v2 @ 2.60GHz	matlab	PASS	0	0	0	27.38226	331.79	258.78999999999996	9.133774	128.56145	6.501603																					9067032576	9099661312	2106572800	49636937040																				True	30	30	1.9e-11	MAINTAINED_UPSTREAM_INTERNAL	MATLAB_TWISTER_SEED_PLUS_WORKER_INDEX	21.5145443626589	1.3079853588010173	0.027572018937656925	22.877673759335227					PASS
VCKSS-COMPARATIVE-SCALING-RESULT-V4	first	263	scale_weak_d3_n122880_c4_r2	e1514185445cab36f930c90a44c5a4e23326e027	fbed59bf26bd6cf641bec0946ff6d32cdfe992786852947c530678dd4c86a026	weak_d3	weak	3	122880	40960	9793	4	4	4	4	4	4	2	8675309	3	scc-te3	Intel(R) Xeon(R) CPU E5-2660 v3 @ 2.60GHz	mata	PASS	0	0	0	119.554	122.31	474.61	1.739			6.342000000000001	5.048	1.743	0.806	110.851	0.357	43.802	65.463	0.8440000000000001	48.191	13.998	54.433									1203478528	1203478528	1222426624	50198504014	1786430426	1786430426														6.01625998273e-11	1e-09	12.0	NONE							21.51440743172962	1.307989614299761	0.0275510520876905	22.87749915020476	2.15790227137e-05	1.30088426074e-05	1.8190745646e-05	2.32634036463e-05	PASS
VCKSS-COMPARATIVE-SCALING-RESULT-V4	first	263	scale_weak_d3_n122880_c4_r2	e1514185445cab36f930c90a44c5a4e23326e027	fbed59bf26bd6cf641bec0946ff6d32cdfe992786852947c530678dd4c86a026	weak_d3	weak	3	122880	40960	9793	4	4	4	4	4	4	2	8675309	1	scc-te3	Intel(R) Xeon(R) CPU E5-2660 v3 @ 2.60GHz	rust	PASS	0	0	0	6.52	8.97	28.97	1.594															0.007508231	0.063494131	0.068366703	0.062935186	0.023325594	0.0	5.697299532	5.922929377	587415552	587415552	585543680	50198504014	4008992115	4008992115	2949904323	29593936	4	4	1e-10	1e-06	0.033723927	0.001143757	0.252525597	2.455696417	1.900913307	15120	13024	9.95842325574e-06	1e-05	28.0	CMG_FULL_V2							21.51434990093162	1.307973712261646	0.0275874551465745	22.87749852348641	2.51626317489e-05	1.30724951269e-05	1.94086646046e-05	2.35059256491e-05	PASS
VCKSS-COMPARATIVE-SCALING-RESULT-V4	first	263	scale_weak_d3_n122880_c4_r2	e1514185445cab36f930c90a44c5a4e23326e027	fbed59bf26bd6cf641bec0946ff6d32cdfe992786852947c530678dd4c86a026	weak_d3	weak	3	122880	40960	9793	4	4	4	4	4	4	2	8675309	2	scc-te3	Intel(R) Xeon(R) CPU E5-2660 v3 @ 2.60GHz	matlab	PASS	0	0	0	22.180987	307.71	323.79999999999995	4.816786	93.985951	6.154632																					8993685504	9020383232	2168102912	50198504014																				True	30	30	1.9e-11	MAINTAINED_UPSTREAM_INTERNAL	MATLAB_TWISTER_SEED_PLUS_WORKER_INDEX	21.51458593135294	1.3079830156765673	0.027555057310788108	22.877679061651083					PASS
VCKSS-COMPARATIVE-SCALING-RESULT-V4	first	264	scale_weak_d3_n122880_c4_r3	e1514185445cab36f930c90a44c5a4e23326e027	fbed59bf26bd6cf641bec0946ff6d32cdfe992786852947c530678dd4c86a026	weak_d3	weak	3	122880	40960	9793	4	4	4	4	4	4	3	20260819	2	scc-h32	INTEL(R) XEON(R) GOLD 6526Y	mata	PASS	0	0	0	60.341	61.24	243.5	0.576			2.56	1.975	0.883	0.417	56.589	0.194	21.434	34.314	0.472	19.013	8.591999999999999	32.785									1241358336	1241358336	1244516352	49969797006	1786430403	1786430403														6.26805779244e-11	1e-09	12.0	NONE							21.514411986543	1.307985635894479	0.0275290610189563	22.87745574447539	2.26987271358e-05	1.30570123699e-05	1.92878877365e-05	2.63519690956e-05	PASS
VCKSS-COMPARATIVE-SCALING-RESULT-V4	first	264	scale_weak_d3_n122880_c4_r3	e1514185445cab36f930c90a44c5a4e23326e027	fbed59bf26bd6cf641bec0946ff6d32cdfe992786852947c530678dd4c86a026	weak_d3	weak	3	122880	40960	9793	4	4	4	4	4	4	3	20260819	3	scc-h32	INTEL(R) XEON(R) GOLD 6526Y	rust	PASS	0	0	0	2.896	3.74	12.52	0.501															0.003580687	0.037026351	0.028365647	0.028016015	0.011208145	0.0	2.534852713	2.643049558	555339776	555339776	568168448	49969797006	4008992115	4008992115	2949904323	29593936	4	4	1e-10	1e-06	0.016674752	0.000598215	0.126735782	1.124637201	0.816882992	15166	13063	6.03318643146e-06	1e-05	28.0	CMG_FULL_V2							21.51435396495341	1.307954819031694	0.0275955998671719	22.87749998371945	2.24760113205e-05	1.46614580382e-05	1.90499537305e-05	2.4628552839e-05	PASS
VCKSS-COMPARATIVE-SCALING-RESULT-V4	first	264	scale_weak_d3_n122880_c4_r3	e1514185445cab36f930c90a44c5a4e23326e027	fbed59bf26bd6cf641bec0946ff6d32cdfe992786852947c530678dd4c86a026	weak_d3	weak	3	122880	40960	9793	4	4	4	4	4	4	3	20260819	1	scc-h32	INTEL(R) XEON(R) GOLD 6526Y	matlab	PASS	0	0	0	7.954434	85.47	103.52000000000001	1.382984	21.481695	4.152191																					9198149632	9227452416	2178244608	49969797006																				True	30	30	1.9e-11	MAINTAINED_UPSTREAM_INTERNAL	MATLAB_TWISTER_SEED_PLUS_WORKER_INDEX	21.514589019574544	1.307998392204964	0.0275450064815505	22.87767742474261					PASS
VCKSS-COMPARATIVE-SCALING-RESULT-V4	first	265	scale_weak_d3_n122880_c8_r1	e1514185445cab36f930c90a44c5a4e23326e027	fbed59bf26bd6cf641bec0946ff6d32cdfe992786852947c530678dd4c86a026	weak_d3	weak	3	122880	40960	9793	8	4	4	4	8	8	1	104729	1	scc-sa6	Intel(R) Xeon(R) CPU E5-2650 v2 @ 2.60GHz	mata	PASS	0	0	0	130.599	132.12	514.6999999999999	0.81			6.903	5.707	2.057	1.024	121.036	0.419	48.19	70.952	0.9630000000000001	55.22000000000001	15.275	57.067									1202307072	1202307072	1230721024	89378269430	1786430383	1786430383														6.01998412534e-11	1e-09	12.0	NONE							21.51441458192769	1.307988424531002	0.0275491967113584	22.87750139988141	2.41711332232e-05	1.43678113592e-05	2.04423566364e-05	2.49451748236e-05	PASS
VCKSS-COMPARATIVE-SCALING-RESULT-V4	first	265	scale_weak_d3_n122880_c8_r1	e1514185445cab36f930c90a44c5a4e23326e027	fbed59bf26bd6cf641bec0946ff6d32cdfe992786852947c530678dd4c86a026	weak_d3	weak	3	122880	40960	9793	8	4	8	4	8	8	1	104729	2	scc-sa6	Intel(R) Xeon(R) CPU E5-2650 v2 @ 2.60GHz	rust	PASS	0	0	0	3.62	5.03	25.19	0.634															0.00692834	0.057756592	0.052665906	0.055808566	0.020315189	0.0	2.891676768	3.085151361	595791872	595791872	594284544	89378269430	4739275328	4739275328	2954486134	33412112	8	8	1e-10	1e-06	0.029990501	0.001400771	0.16861978	1.143605571	0.874924419	15153	13052	9.40753079844e-06	1e-05	28.0	CMG_FULL_V2							21.51437132371235	1.307976216184618	0.0275793158121162	22.8775061715212	2.1425461679e-05	1.38760342592e-05	1.95131765667e-05	2.53564385349e-05	PASS
VCKSS-COMPARATIVE-SCALING-RESULT-V4	first	265	scale_weak_d3_n122880_c8_r1	e1514185445cab36f930c90a44c5a4e23326e027	fbed59bf26bd6cf641bec0946ff6d32cdfe992786852947c530678dd4c86a026	weak_d3	weak	3	122880	40960	9793	8	4	8	4	8	8	1	104729	3	scc-sa6	Intel(R) Xeon(R) CPU E5-2650 v2 @ 2.60GHz	matlab	PASS	0	0	0	18.57269	260.24	419.98	3.246326	152.420847	5.202664																					15944986624	16025673728	2192560128	89378269430																				True	30	30	1.9e-11	MAINTAINED_UPSTREAM_INTERNAL	MATLAB_TWISTER_SEED_PLUS_WORKER_INDEX	21.514573711066415	1.3079812447172012	0.02756664167194343	22.877688239127504					PASS
VCKSS-COMPARATIVE-SCALING-RESULT-V4	first	266	scale_weak_d3_n122880_c8_r2	e1514185445cab36f930c90a44c5a4e23326e027	fbed59bf26bd6cf641bec0946ff6d32cdfe992786852947c530678dd4c86a026	weak_d3	weak	3	122880	40960	9793	8	4	4	4	8	8	2	8675309	3	scc-to3	Intel(R) Xeon(R) CPU E5-2660 v3 @ 2.60GHz	mata	PASS	0	0	0	113.845	116.05	452.98	1.358			6.037	4.669	1.608	0.772	105.633	0.339	41.879	62.252	0.803	45.50900000000001	13.523	52.34399999999999									1203281920	1203281920	1234960384	89507118449	1786430389	1786430389														6.01625998273e-11	1e-09	12.0	NONE							21.51440743172962	1.307989614299761	0.0275510520876905	22.87749915020476	2.15790227137e-05	1.30088426074e-05	1.8190745646e-05	2.32634036463e-05	PASS
VCKSS-COMPARATIVE-SCALING-RESULT-V4	first	266	scale_weak_d3_n122880_c8_r2	e1514185445cab36f930c90a44c5a4e23326e027	fbed59bf26bd6cf641bec0946ff6d32cdfe992786852947c530678dd4c86a026	weak_d3	weak	3	122880	40960	9793	8	4	8	4	8	8	2	8675309	1	scc-to3	Intel(R) Xeon(R) CPU E5-2660 v3 @ 2.60GHz	rust	PASS	0	0	0	4.793	7.38	33.330000000000005	1.368															0.007174008	0.062159445	0.056384053	0.060613912	0.022858119	0.0	3.986720684	4.195910221	579104768	579104768	577245184	89507118449	4739275328	4739275328	2954486134	33412112	8	8	1e-10	1e-06	0.066746353	0.002824582	0.195787214	1.591601135	1.204662622	15120	13024	9.95842325574e-06	1e-05	28.0	CMG_FULL_V2							21.51434990093162	1.307973712261646	0.0275874551465745	22.87749852348641	2.51626317489e-05	1.30724951269e-05	1.94086646046e-05	2.35059256491e-05	PASS
VCKSS-COMPARATIVE-SCALING-RESULT-V4	first	266	scale_weak_d3_n122880_c8_r2	e1514185445cab36f930c90a44c5a4e23326e027	fbed59bf26bd6cf641bec0946ff6d32cdfe992786852947c530678dd4c86a026	weak_d3	weak	3	122880	40960	9793	8	4	8	4	8	8	2	8675309	2	scc-to3	Intel(R) Xeon(R) CPU E5-2660 v3 @ 2.60GHz	matlab	PASS	0	0	0	14.795225	261.07	528.8	4.444241	101.507001	6.498817																					15983898624	16015712256	2245566464	89507118449																				True	30	30	1.9e-11	MAINTAINED_UPSTREAM_INTERNAL	MATLAB_TWISTER_SEED_PLUS_WORKER_INDEX	21.514582275494565	1.3079855180768873	0.027561728537929736	22.87769125064731					PASS
VCKSS-COMPARATIVE-SCALING-RESULT-V4	first	267	scale_weak_d3_n122880_c8_r3	e1514185445cab36f930c90a44c5a4e23326e027	fbed59bf26bd6cf641bec0946ff6d32cdfe992786852947c530678dd4c86a026	weak_d3	weak	3	122880	40960	9793	8	4	4	4	8	8	3	20260819	2	scc-mb6	Intel(R) Xeon(R) CPU E5-2650 v2 @ 2.60GHz	mata	PASS	0	0	0	129.384	130.99	510.29	0.835			6.835	5.727	2.059	1.019	119.867	0.419	48.113	69.857	0.924	55.106	14.875	56.068									1236611072	1236611072	1256726528	90193239475	1786430413	1786430413														6.26805779244e-11	1e-09	12.0	NONE							21.514411986543	1.307985635894479	0.0275290610189563	22.87745574447539	2.26987271358e-05	1.30570123699e-05	1.92878877365e-05	2.63519690956e-05	PASS
VCKSS-COMPARATIVE-SCALING-RESULT-V4	first	267	scale_weak_d3_n122880_c8_r3	e1514185445cab36f930c90a44c5a4e23326e027	fbed59bf26bd6cf641bec0946ff6d32cdfe992786852947c530678dd4c86a026	weak_d3	weak	3	122880	40960	9793	8	4	8	4	8	8	3	20260819	3	scc-mb6	Intel(R) Xeon(R) CPU E5-2650 v2 @ 2.60GHz	rust	PASS	0	0	0	3.715	5.08	25.03	0.625															0.007543955	0.058129472	0.052344708	0.056199898	0.018816442	0.0	2.988895357	3.181929832	581328896	581328896	587055104	90193239475	4739275328	4739275328	2954486134	33412112	8	8	1e-10	1e-06	0.029429541	0.001387088	0.164175916	1.1538398	0.975317059	15166	13063	6.03318643146e-06	1e-05	28.0	CMG_FULL_V2							21.51435396495341	1.307954819031694	0.0275955998671719	22.87749998371945	2.24760113205e-05	1.46614580382e-05	1.90499537305e-05	2.4628552839e-05	PASS
VCKSS-COMPARATIVE-SCALING-RESULT-V4	first	267	scale_weak_d3_n122880_c8_r3	e1514185445cab36f930c90a44c5a4e23326e027	fbed59bf26bd6cf641bec0946ff6d32cdfe992786852947c530678dd4c86a026	weak_d3	weak	3	122880	40960	9793	8	4	8	4	8	8	3	20260819	1	scc-mb6	Intel(R) Xeon(R) CPU E5-2650 v2 @ 2.60GHz	matlab	PASS	0	0	0	18.090646	268.73	419.93	3.848828	104.523752	5.142498																					15890706432	15959613440	2207141888	90193239475																				True	30	30	1.9e-11	MAINTAINED_UPSTREAM_INTERNAL	MATLAB_TWISTER_SEED_PLUS_WORKER_INDEX	21.514559320756327	1.3079938237996391	0.027564535931998004	22.87768221641996					PASS
VCKSS-COMPARATIVE-SCALING-RESULT-V4	first	268	scale_weak_d3_n122880_c16_r1	e1514185445cab36f930c90a44c5a4e23326e027	fbed59bf26bd6cf641bec0946ff6d32cdfe992786852947c530678dd4c86a026	weak_d3	weak	3	122880	40960	9793	16	4	4	4	16	16	1	104729	1	scc-tr2	Intel(R) Xeon(R) CPU E5-2680 v4 @ 2.40GHz	mata	PASS	0	0	0	121.524	123.54	480.97	1.011			6.369	5.043	1.754	1.036	112.755	0.456	43.46	67.331	0.8740000000000001	45.166	15.224	58.65800000000001									1137278976	1137278976	1245331456	175133733946	1786430415	1786430415														6.01998412534e-11	1e-09	12.0	NONE							21.51441458192769	1.307988424531002	0.0275491967113584	22.87750139988141	2.41711332232e-05	1.43678113592e-05	2.04423566364e-05	2.49451748236e-05	PASS
VCKSS-COMPARATIVE-SCALING-RESULT-V4	first	268	scale_weak_d3_n122880_c16_r1	e1514185445cab36f930c90a44c5a4e23326e027	fbed59bf26bd6cf641bec0946ff6d32cdfe992786852947c530678dd4c86a026	weak_d3	weak	3	122880	40960	9793	16	4	16	4	16	16	1	104729	2	scc-tr2	Intel(R) Xeon(R) CPU E5-2680 v4 @ 2.40GHz	rust	PASS	0	0	0	3.592	5.53	24.88	0.654															0.008312053	0.057237962	0.066218964	0.05645089	0.021847247	0.0	2.784319817	2.994386933	615641088	615641088	627986432	175133733946	6199841753	6199841753	2963649756	41048464	16	16	1e-10	1e-06	0.030317525	0.001448802	0.1930338	0.978751005	0.915362187	15153	13052	9.40753079844e-06	1e-05	28.0	CMG_FULL_V2							21.51437132371235	1.307976216184618	0.0275793158121162	22.8775061715212	2.1425461679e-05	1.38760342592e-05	1.95131765667e-05	2.53564385349e-05	PASS
VCKSS-COMPARATIVE-SCALING-RESULT-V4	first	268	scale_weak_d3_n122880_c16_r1	e1514185445cab36f930c90a44c5a4e23326e027	fbed59bf26bd6cf641bec0946ff6d32cdfe992786852947c530678dd4c86a026	weak_d3	weak	3	122880	40960	9793	16	4	16	4	16	16	1	104729	3	scc-tr2	Intel(R) Xeon(R) CPU E5-2680 v4 @ 2.40GHz	matlab	PASS	0	0	0	12.13434	712.48	707.72	6.789064	204.24737	23.093531																					27372666880	28832894976	2364469248	175133733946																				True	30	30	1.9e-11	MAINTAINED_UPSTREAM_INTERNAL	MATLAB_TWISTER_SEED_PLUS_WORKER_INDEX	21.51454622376116	1.307964254457038	0.027578136154140887	22.87766675052648					PASS
VCKSS-COMPARATIVE-SCALING-RESULT-V4	first	269	scale_weak_d3_n122880_c16_r2	e1514185445cab36f930c90a44c5a4e23326e027	fbed59bf26bd6cf641bec0946ff6d32cdfe992786852947c530678dd4c86a026	weak_d3	weak	3	122880	40960	9793	16	4	4	4	16	16	2	8675309	3	scc-h32	INTEL(R) XEON(R) GOLD 6526Y	mata	PASS	0	0	0	60.302	61.15	243.17000000000002	0.509			2.488	1.929	0.875	0.409	56.634	0.185	21.477	34.349	0.477	19.061	8.652999999999999	32.808									1163374592	1163374592	1236144128	178673860740	1786430408	1786430408														6.01625998273e-11	1e-09	12.0	NONE							21.51440743172962	1.307989614299761	0.0275510520876905	22.87749915020476	2.15790227137e-05	1.30088426074e-05	1.8190745646e-05	2.32634036463e-05	PASS
VCKSS-COMPARATIVE-SCALING-RESULT-V4	first	269	scale_weak_d3_n122880_c16_r2	e1514185445cab36f930c90a44c5a4e23326e027	fbed59bf26bd6cf641bec0946ff6d32cdfe992786852947c530678dd4c86a026	weak_d3	weak	3	122880	40960	9793	16	4	16	4	16	16	2	8675309	1	scc-h32	INTEL(R) XEON(R) GOLD 6526Y	rust	PASS	0	0	0	1.827	2.61	14.44	0.457															0.00368208	0.038239825	0.028894635	0.029362351	0.01191189	0.0	1.455557628	1.567648409	634621952	634621952	640692224	178673860740	6199841753	6199841753	2963649756	41048464	16	16	1e-10	1e-06	0.017187587	0.001310676	0.0992472	0.56271866	0.46466042	15120	13024	9.95842325574e-06	1e-05	28.0	CMG_FULL_V2							21.51434990093162	1.307973712261646	0.0275874551465745	22.87749852348641	2.51626317489e-05	1.30724951269e-05	1.94086646046e-05	2.35059256491e-05	PASS
VCKSS-COMPARATIVE-SCALING-RESULT-V4	first	269	scale_weak_d3_n122880_c16_r2	e1514185445cab36f930c90a44c5a4e23326e027	fbed59bf26bd6cf641bec0946ff6d32cdfe992786852947c530678dd4c86a026	weak_d3	weak	3	122880	40960	9793	16	4	16	4	16	16	2	8675309	2	scc-h32	INTEL(R) XEON(R) GOLD 6526Y	matlab	PASS	0	0	0	4.408849	81.93	330.28000000000003	1.896194	25.050238	4.189637																					30062563328	30228312064	2374471680	178673860740																				True	30	30	1.9e-11	MAINTAINED_UPSTREAM_INTERNAL	MATLAB_TWISTER_SEED_PLUS_WORKER_INDEX	21.514562061567077	1.3079860378192885	0.027574515808703116	22.87769713100377					PASS
VCKSS-COMPARATIVE-SCALING-RESULT-V4	first	270	scale_weak_d3_n122880_c16_r3	e1514185445cab36f930c90a44c5a4e23326e027	fbed59bf26bd6cf641bec0946ff6d32cdfe992786852947c530678dd4c86a026	weak_d3	weak	3	122880	40960	9793	16	4	4	4	16	16	3	20260819	2	scc-mb5	Intel(R) Xeon(R) CPU E5-2650 v2 @ 2.60GHz	mata	PASS	0	0	0	128.905	130.41	508.45000000000005	0.779			6.805	5.698	2.064	1.013	119.419	0.416	48.0	69.541	0.9440000000000001	54.969	14.754	55.746									1207558144	1207558144	1247727616	178058606674	1786430416	1786430416														6.26805779244e-11	1e-09	12.0	NONE							21.514411986543	1.307985635894479	0.0275290610189563	22.87745574447539	2.26987271358e-05	1.30570123699e-05	1.92878877365e-05	2.63519690956e-05	PASS
VCKSS-COMPARATIVE-SCALING-RESULT-V4	first	270	scale_weak_d3_n122880_c16_r3	e1514185445cab36f930c90a44c5a4e23326e027	fbed59bf26bd6cf641bec0946ff6d32cdfe992786852947c530678dd4c86a026	weak_d3	weak	3	122880	40960	9793	16	4	16	4	16	16	3	20260819	3	scc-mb5	Intel(R) Xeon(R) CPU E5-2650 v2 @ 2.60GHz	rust	PASS	0	0	0	2.584	4.04	26.21	0.652															0.008369177	0.054322348	0.048521545	0.05193914	0.019638683	0.0	1.836532145	2.019323038	596606976	596606976	594669568	178058606674	6199841753	6199841753	2963649756	41048464	16	16	1e-10	1e-06	0.028043629	0.001731983	0.150568427	0.618506302	0.497194042	15166	13063	6.03318643146e-06	1e-05	28.0	CMG_FULL_V2							21.51435396495341	1.307954819031694	0.0275955998671719	22.87749998371945	2.24760113205e-05	1.46614580382e-05	1.90499537305e-05	2.4628552839e-05	PASS
VCKSS-COMPARATIVE-SCALING-RESULT-V4	first	270	scale_weak_d3_n122880_c16_r3	e1514185445cab36f930c90a44c5a4e23326e027	fbed59bf26bd6cf641bec0946ff6d32cdfe992786852947c530678dd4c86a026	weak_d3	weak	3	122880	40960	9793	16	4	16	4	16	16	3	20260819	1	scc-mb5	Intel(R) Xeon(R) CPU E5-2650 v2 @ 2.60GHz	matlab	PASS	0	0	0	15.027312	203.44	763.9399999999999	3.158304	94.620659	5.635709																					29402550272	29412139008	2360094720	178058606674																				True	30	30	1.9e-11	MAINTAINED_UPSTREAM_INTERNAL	MATLAB_TWISTER_SEED_PLUS_WORKER_INDEX	21.51454867764466	1.3079824876807256	0.027576017168918703	22.877683199663224					PASS
VCKSS-COMPARATIVE-SCALING-RESULT-V4	repair-full	271	scale_weak_d3_n491520_c1_r1	ca162022833c3d6e6906c11cf4860baf0d52fd86	02d6eb6ffc96e0eb7eea1252605663e3e206c6ce177f3cf7f0e860c2b25f40f9	weak_d3	weak	3	491520	163840	34369	1	1	1	1	1	1	1	104729	1	scc-ke1	Intel(R) Xeon(R) Gold 6426Y	mata	PASS	0	0	0	337.555	339.56	338.62	0.956			9.83	7.97	4.839	1.649	322.257	0.915	124.68	194.078	2.913	80.40700000000001	68.11999999999999	212.596									4147040256	4147040256	4236881920	19228568585	3225142786	3225142786														5.7028842563e-11	1e-09	12.0	NONE							21.49971953253412	1.30349595964943	0.0001901239776945	22.80359574013895	7.09472316752e-06	3.01804867234e-06	6.9923172499e-06	1.13895771884e-05	PASS
VCKSS-COMPARATIVE-SCALING-RESULT-V4	repair-full	271	scale_weak_d3_n491520_c1_r1	ca162022833c3d6e6906c11cf4860baf0d52fd86	02d6eb6ffc96e0eb7eea1252605663e3e206c6ce177f3cf7f0e860c2b25f40f9	weak_d3	weak	3	491520	163840	34369	1	1	1	1	1	1	1	104729	2	scc-ke1	Intel(R) Xeon(R) Gold 6426Y	rust	PASS	0	0	0	32.825	34.92	34.68	0.963															0.014887478	0.148889117	0.151938423	0.117030702	0.049219772	0.0	31.757209224	32.239174716	1761771520	1761771520	1760178176	19228568585	11789129484	11789129484	9735230998	94428992	1	1	1e-10	1e-06	0.073091553	0.001890358	0.847395189	14.303584922	11.702452971	14054	11976	9.75323868894e-06	1e-05	28.0	CMG_FULL_V2							21.49972523602669	1.303492562167695	0.0001793934623832	22.80357658511916	8.08828304992e-06	2.99292825046e-06	7.91434546802e-06	1.19827472726e-05	PASS
VCKSS-COMPARATIVE-SCALING-RESULT-V4	repair-full	271	scale_weak_d3_n491520_c1_r1	ca162022833c3d6e6906c11cf4860baf0d52fd86	02d6eb6ffc96e0eb7eea1252605663e3e206c6ce177f3cf7f0e860c2b25f40f9	weak_d3	weak	3	491520	163840	34369	1	1	1	1	1	1	1	104729	3	scc-ke1	Intel(R) Xeon(R) Gold 6426Y	matlab	PASS	0	0	0	98.253917	294.06	130.43	2.977064	37.9839	2.991664																					3956367360	3956367360	2264453120	19228568585																				True	40	40	9.6e-11	MAINTAINED_UPSTREAM_INTERNAL	MATLAB_TWISTER_SEED_PLUS_WORKER_INDEX	21.49976703628218	1.3034951232668406	0.0001940543275359219	22.803650268204095					PASS
VCKSS-COMPARATIVE-SCALING-RESULT-V4	repair-full	272	scale_weak_d3_n491520_c1_r2	ca162022833c3d6e6906c11cf4860baf0d52fd86	02d6eb6ffc96e0eb7eea1252605663e3e206c6ce177f3cf7f0e860c2b25f40f9	weak_d3	weak	3	491520	163840	34369	1	1	1	1	1	1	2	8675309	3	scc-b18	Intel(R) Xeon(R) 6737P	mata	PASS	0	0	0	397.347	399.34000000000003	398.31	0.877			9.494	7.876	4.56	1.608	382.756	0.87	143.093	236.26	3.082999999999999	73.566	98.888	278.299									4221132800	4221132800	4219326464	19327352832	3225142751	3225142751														5.77008929822e-11	1e-09	12.0	NONE							21.49972281091847	1.303483079178704	0.0001815879822026	22.80356906606158	9.07669297839e-06	2.83415257566e-06	7.73480855404e-06	1.22730743773e-05	PASS
VCKSS-COMPARATIVE-SCALING-RESULT-V4	repair-full	272	scale_weak_d3_n491520_c1_r2	ca162022833c3d6e6906c11cf4860baf0d52fd86	02d6eb6ffc96e0eb7eea1252605663e3e206c6ce177f3cf7f0e860c2b25f40f9	weak_d3	weak	3	491520	163840	34369	1	1	1	1	1	1	2	8675309	1	scc-b18	Intel(R) Xeon(R) 6737P	rust	PASS	0	0	0	33.471	35.43	35.23	0.885															0.015407488	0.142160205	0.132536857	0.11435013	0.047449955	0.0	32.49243827	32.944342905	1766465536	1766465536	1764610048	19327352832	11789129484	11789129484	9735230998	94428992	1	1	1e-10	1e-06	0.071607055	0.001888119	0.796521862	14.91140977	11.776822279	14061	11978	9.89902370144e-06	1e-05	28.0	CMG_FULL_V2							21.49971248069161	1.30348633900471	0.0001882806096171	22.80357538091556	8.6574497553e-06	3.07205670762e-06	7.59665599737e-06	1.1278011741e-05	PASS
VCKSS-COMPARATIVE-SCALING-RESULT-V4	repair-full	272	scale_weak_d3_n491520_c1_r2	ca162022833c3d6e6906c11cf4860baf0d52fd86	02d6eb6ffc96e0eb7eea1252605663e3e206c6ce177f3cf7f0e860c2b25f40f9	weak_d3	weak	3	491520	163840	34369	1	1	1	1	1	1	2	8675309	2	scc-b18	Intel(R) Xeon(R) 6737P	matlab	PASS	0	0	0	82.966884	244.46	112.96	2.149106	65.168682	4.870679																					3923992576	3923992576	2235236352	19327352832																				True	40	40	9.6e-11	MAINTAINED_UPSTREAM_INTERNAL	MATLAB_TWISTER_SEED_PLUS_WORKER_INDEX	21.499775218643233	1.3034916894904547	0.00018733987098440216	22.803641587875656					PASS
VCKSS-COMPARATIVE-SCALING-RESULT-V4	repair-full	273	scale_weak_d3_n491520_c1_r3	ca162022833c3d6e6906c11cf4860baf0d52fd86	02d6eb6ffc96e0eb7eea1252605663e3e206c6ce177f3cf7f0e860c2b25f40f9	weak_d3	weak	3	491520	163840	34369	1	1	1	1	1	1	3	20260819	2	scc-b17	Intel(R) Xeon(R) 6737P	mata	PASS	0	0	0	376.575	378.88	377.57	0.9359999999999999			10.027	8.043	4.674	1.687	361.244	0.9359999999999999	136.027	221.636	3.056	75.56800000000001	82.013	253.28									4248907776	4248907776	4246863872	19177028977	3225142787	3225142787														5.68414383641e-11	1e-09	12.0	NONE							21.49971876461445	1.303483619274268	0.0001879759439217	22.80357833577656	9.56518197707e-06	3.50829308674e-06	7.91937005755e-06	1.2032074993e-05	PASS
VCKSS-COMPARATIVE-SCALING-RESULT-V4	repair-full	273	scale_weak_d3_n491520_c1_r3	ca162022833c3d6e6906c11cf4860baf0d52fd86	02d6eb6ffc96e0eb7eea1252605663e3e206c6ce177f3cf7f0e860c2b25f40f9	weak_d3	weak	3	491520	163840	34369	1	1	1	1	1	1	3	20260819	3	scc-b17	Intel(R) Xeon(R) 6737P	rust	PASS	0	0	0	34.856	37.09	36.66	0.949															0.016627503	0.148147679	0.184415615	0.121120042	0.050864169	0.0	33.666123806	34.187298814	1765351424	1765351424	1763545088	19177028977	11789129484	11789129484	9735230998	94428992	1	1	1e-10	1e-06	0.075231963	0.00202348	0.882309484	14.901281237	12.546406838	14070	11991	9.8442398186e-06	1e-05	28.0	CMG_FULL_V2							21.49971195849249	1.303491807918619	0.0001901063535662	22.80358397911825	8.85414338229e-06	3.40078486759e-06	8.00850818492e-06	1.21470390174e-05	PASS
VCKSS-COMPARATIVE-SCALING-RESULT-V4	repair-full	273	scale_weak_d3_n491520_c1_r3	ca162022833c3d6e6906c11cf4860baf0d52fd86	02d6eb6ffc96e0eb7eea1252605663e3e206c6ce177f3cf7f0e860c2b25f40f9	weak_d3	weak	3	491520	163840	34369	1	1	1	1	1	1	3	20260819	1	scc-b17	Intel(R) Xeon(R) 6737P	matlab	PASS	0	0	0	96.608124	233.54	130.22	2.353146	71.883711	3.432154																					3850457088	3850457088	2230603776	19177028977																				True	40	40	9.6e-11	MAINTAINED_UPSTREAM_INTERNAL	MATLAB_TWISTER_SEED_PLUS_WORKER_INDEX	21.499771305794766	1.3034957004421464	0.00019227274106925864	22.80365155171905					PASS
VCKSS-COMPARATIVE-SCALING-RESULT-V4	first	274	scale_weak_d3_n491520_c2_r1	e1514185445cab36f930c90a44c5a4e23326e027	fbed59bf26bd6cf641bec0946ff6d32cdfe992786852947c530678dd4c86a026	weak_d3	weak	3	491520	163840	34369	2	2	2	2	2	2	1	104729	1	scc-h32	INTEL(R) XEON(R) GOLD 6526Y	mata	PASS	0	0	0	290.555	293.1	574.75	1.397			9.931000000000001	8.153	4.829	1.686	275.226	0.859	108.116	163.622	2.341	79.55599999999998	52.294	170.82									3867967488	3867967488	3873939456	11011222406	3225142508	3225142508														5.70282361865e-11	1e-09	12.0	NONE							21.49971953253412	1.30349595964943	0.0001901239776945	22.80359574013895	7.09472316752e-06	3.01804867234e-06	6.9923172499e-06	1.13895771884e-05	PASS
VCKSS-COMPARATIVE-SCALING-RESULT-V4	first	274	scale_weak_d3_n491520_c2_r1	e1514185445cab36f930c90a44c5a4e23326e027	fbed59bf26bd6cf641bec0946ff6d32cdfe992786852947c530678dd4c86a026	weak_d3	weak	3	491520	163840	34369	2	2	2	2	2	2	1	104729	2	scc-h32	INTEL(R) XEON(R) GOLD 6526Y	rust	PASS	0	0	0	19.97	22.39	40.2	1.345															0.014636421	0.153930353	0.134001452	0.117838185	0.048741615	0.0	18.973440112	19.442588138	1486163968	1486163968	1485574144	11011222406	12518034598	12518034598	9741016400	99250160	2	2	1e-10	1e-06	0.074078066	0.0019818	0.705381531	8.073912297	6.982245288	14054	11976	9.75323868894e-06	1e-05	28.0	CMG_FULL_V2							21.49972523602669	1.303492562167695	0.0001793934623832	22.80357658511916	8.08828304992e-06	2.99292825046e-06	7.91434546802e-06	1.19827472726e-05	PASS
VCKSS-COMPARATIVE-SCALING-RESULT-V4	first	274	scale_weak_d3_n491520_c2_r1	e1514185445cab36f930c90a44c5a4e23326e027	fbed59bf26bd6cf641bec0946ff6d32cdfe992786852947c530678dd4c86a026	weak_d3	weak	3	491520	163840	34369	2	2	2	2	2	2	1	104729	3	scc-h32	INTEL(R) XEON(R) GOLD 6526Y	matlab	PASS	0	0	0	49.00513	488.77	144.73999999999998	3.466071	183.257298	3.044774																					6416367616	6416367616	2653786112	11011222406																				True	40	40	9.6e-11	MAINTAINED_UPSTREAM_INTERNAL	MATLAB_TWISTER_SEED_PLUS_WORKER_INDEX	21.499768875284513	1.3034939751772054	0.00019023047192350597	22.803643311405565					PASS
VCKSS-COMPARATIVE-SCALING-RESULT-V4	first	275	scale_weak_d3_n491520_c2_r2	e1514185445cab36f930c90a44c5a4e23326e027	fbed59bf26bd6cf641bec0946ff6d32cdfe992786852947c530678dd4c86a026	weak_d3	weak	3	491520	163840	34369	2	2	2	2	2	2	2	8675309	3	scc-h32	INTEL(R) XEON(R) GOLD 6526Y	mata	PASS	0	0	0	291.449	293.9	576.7800000000001	1.27			9.797	8.071	4.79	1.639	276.301	0.853	108.056	164.806	2.338	80.07100000000001	52.30500000000001	171.348									3768184832	3768184832	3984613376	30294551823	3225142489	3225142489														5.77014755185e-11	1e-09	12.0	NONE							21.49972281091847	1.303483079178704	0.0001815879822027	22.80356906606158	9.07669297839e-06	2.83415257566e-06	7.73480855404e-06	1.22730743773e-05	PASS
VCKSS-COMPARATIVE-SCALING-RESULT-V4	first	275	scale_weak_d3_n491520_c2_r2	e1514185445cab36f930c90a44c5a4e23326e027	fbed59bf26bd6cf641bec0946ff6d32cdfe992786852947c530678dd4c86a026	weak_d3	weak	3	491520	163840	34369	2	2	2	2	2	2	2	8675309	1	scc-h32	INTEL(R) XEON(R) GOLD 6526Y	rust	PASS	0	0	0	19.541	21.99	40.269999999999996	1.468															0.014320525	0.155185075	0.144278603	0.118579553	0.049791928	0.0	18.555966824	19.038122508	1386057728	1386057728	1383899136	30294551823	12518034598	12518034598	9741016400	99250160	2	2	1e-10	1e-06	0.073712836	0.001957506	0.624322209	7.885174973	6.940364118	14061	11978	9.89902370144e-06	1e-05	28.0	CMG_FULL_V2							21.49971248069161	1.30348633900471	0.0001882806096171	22.80357538091556	8.6574497553e-06	3.07205670762e-06	7.59665599737e-06	1.1278011741e-05	PASS
VCKSS-COMPARATIVE-SCALING-RESULT-V4	first	275	scale_weak_d3_n491520_c2_r2	e1514185445cab36f930c90a44c5a4e23326e027	fbed59bf26bd6cf641bec0946ff6d32cdfe992786852947c530678dd4c86a026	weak_d3	weak	3	491520	163840	34369	2	2	2	2	2	2	2	8675309	2	scc-h32	INTEL(R) XEON(R) GOLD 6526Y	matlab	PASS	0	0	0	52.631552	112.69	139.4	1.949636	16.8613	4.10083																					6381428736	6381428736	2644971520	30294551823																				True	40	40	9.6e-11	MAINTAINED_UPSTREAM_INTERNAL	MATLAB_TWISTER_SEED_PLUS_WORKER_INDEX	21.49977232052938	1.3034895849648027	0.00018965811911629196	22.803641221732413					PASS
VCKSS-COMPARATIVE-SCALING-RESULT-V4	first	276	scale_weak_d3_n491520_c2_r3	e1514185445cab36f930c90a44c5a4e23326e027	fbed59bf26bd6cf641bec0946ff6d32cdfe992786852947c530678dd4c86a026	weak_d3	weak	3	491520	163840	34369	2	2	2	2	2	2	3	20260819	2	scc-sb1	Intel(R) Xeon(R) CPU E5-2650 v2 @ 2.60GHz	mata	PASS	0	0	0	589.791	596.41	1135.73	3.808			25.537	22.464	9.504999999999999	4.133	553.31	1.757	223.579	322.042	4.407	211.568	91.28999999999998	300.645									3874213888	3874213888	3872243712	30495341544	3225142506	3225142506														5.68409519973e-11	1e-09	12.0	NONE							21.49971876461445	1.303483619274268	0.0001879759439218	22.80357833577656	9.56518197707e-06	3.50829308674e-06	7.91937005755e-06	1.2032074993e-05	PASS
VCKSS-COMPARATIVE-SCALING-RESULT-V4	first	276	scale_weak_d3_n491520_c2_r3	e1514185445cab36f930c90a44c5a4e23326e027	fbed59bf26bd6cf641bec0946ff6d32cdfe992786852947c530678dd4c86a026	weak_d3	weak	3	491520	163840	34369	2	2	2	2	2	2	3	20260819	3	scc-sb1	Intel(R) Xeon(R) CPU E5-2650 v2 @ 2.60GHz	rust	PASS	0	0	0	35.662	39.91	73.33	1.853															0.02666975	0.218816221	0.250087932	0.219731231	0.08483633	0.0	33.884070448	34.684211912	1514852352	1514852352	1516003328	30495341544	12518034598	12518034598	9741016400	99250160	2	2	1e-10	1e-06	0.12557456	0.003781786	0.986828621	13.983237623	12.910740803	14070	11991	9.8442398186e-06	1e-05	28.0	CMG_FULL_V2							21.49971195849249	1.303491807918619	0.0001901063535662	22.80358397911825	8.85414338229e-06	3.40078486759e-06	8.00850818492e-06	1.21470390174e-05	PASS
VCKSS-COMPARATIVE-SCALING-RESULT-V4	first	276	scale_weak_d3_n491520_c2_r3	e1514185445cab36f930c90a44c5a4e23326e027	fbed59bf26bd6cf641bec0946ff6d32cdfe992786852947c530678dd4c86a026	weak_d3	weak	3	491520	163840	34369	2	2	2	2	2	2	3	20260819	1	scc-sb1	Intel(R) Xeon(R) CPU E5-2650 v2 @ 2.60GHz	matlab	PASS	0	0	0	126.087565	858.14	329.34999999999997	8.02335	63.819547	5.762071																					6114668544	6138056704	2495844352	30495341544																				True	40	40	9.6e-11	MAINTAINED_UPSTREAM_INTERNAL	MATLAB_TWISTER_SEED_PLUS_WORKER_INDEX	21.49977468940131	1.3034962519552886	0.00018565499169783886	22.803642251339994					PASS
VCKSS-COMPARATIVE-SCALING-RESULT-V4	first	277	scale_weak_d3_n491520_c4_r1	e1514185445cab36f930c90a44c5a4e23326e027	fbed59bf26bd6cf641bec0946ff6d32cdfe992786852947c530678dd4c86a026	weak_d3	weak	3	491520	163840	34369	4	4	4	4	4	4	1	104729	1	scc-tg3	Intel(R) Xeon(R) CPU E5-2660 v3 @ 2.60GHz	mata	PASS	0	0	0	590.545	595.33	2275.01	2.201			24.129	20.022	8.513	3.574	556.828	1.728	214.861	334.623	3.453	195.949	69.11999999999999	324.267									3942989824	3942989824	4009775104	50884625040	3225142477	3225142477														5.70289999714e-11	1e-09	12.0	NONE							21.49971953253412	1.303495959649431	0.0001901239776944	22.80359574013895	7.09472316752e-06	3.01804867234e-06	6.9923172499e-06	1.13895771884e-05	PASS
VCKSS-COMPARATIVE-SCALING-RESULT-V4	first	277	scale_weak_d3_n491520_c4_r1	e1514185445cab36f930c90a44c5a4e23326e027	fbed59bf26bd6cf641bec0946ff6d32cdfe992786852947c530678dd4c86a026	weak_d3	weak	3	491520	163840	34369	4	4	4	4	4	4	1	104729	2	scc-tg3	Intel(R) Xeon(R) CPU E5-2660 v3 @ 2.60GHz	rust	PASS	0	0	0	25.196	30.4	98.58	2.397															0.028440045	0.232331689	0.277713608	0.229131292	0.089831071	0.0	23.380121303	24.237569008	1452785664	1452785664	1450917888	50884625040	13972699097	13972699097	9749441475	106271056	4	4	1e-10	1e-06	0.14932209	0.004044094	0.849583216	9.308597869	8.575676544	14054	11976	9.75323868894e-06	1e-05	28.0	CMG_FULL_V2							21.49972523602669	1.303492562167695	0.0001793934623832	22.80357658511916	8.08828304992e-06	2.99292825046e-06	7.91434546802e-06	1.19827472726e-05	PASS
VCKSS-COMPARATIVE-SCALING-RESULT-V4	first	277	scale_weak_d3_n491520_c4_r1	e1514185445cab36f930c90a44c5a4e23326e027	fbed59bf26bd6cf641bec0946ff6d32cdfe992786852947c530678dd4c86a026	weak_d3	weak	3	491520	163840	34369	4	4	4	4	4	4	1	104729	3	scc-tg3	Intel(R) Xeon(R) CPU E5-2660 v3 @ 2.60GHz	matlab	PASS	0	0	0	66.63876	443.89	507.92	6.485923	183.189019	6.815647																					9823473664	9823473664	2517413888	50884625040																				True	40	40	9.6e-11	MAINTAINED_UPSTREAM_INTERNAL	MATLAB_TWISTER_SEED_PLUS_WORKER_INDEX	21.499766580156454	1.3034963208544423	0.00018755625585999505	22.803638013522615					PASS
VCKSS-COMPARATIVE-SCALING-RESULT-V4	first	278	scale_weak_d3_n491520_c4_r2	e1514185445cab36f930c90a44c5a4e23326e027	fbed59bf26bd6cf641bec0946ff6d32cdfe992786852947c530678dd4c86a026	weak_d3	weak	3	491520	163840	34369	4	4	4	4	4	4	2	8675309	3	scc-eb2	Intel(R) Xeon(R) Gold 6242 CPU @ 2.80GHz	mata	PASS	0	0	0	480.312	483.99	1847.29	1.929			20.519	17.758	7.567	3.197	451.213	1.484	177.717	267.103	3.106	146.8519999999999	66.363	268.866									3922239488	3922239488	3924447232	50280108393	3225142482	3225142482														5.77007364364e-11	1e-09	12.0	NONE							21.49972281091847	1.303483079178704	0.0001815879822026	22.80356906606158	9.0766929784e-06	2.83415257566e-06	7.73480855404e-06	1.22730743773e-05	PASS
VCKSS-COMPARATIVE-SCALING-RESULT-V4	first	278	scale_weak_d3_n491520_c4_r2	e1514185445cab36f930c90a44c5a4e23326e027	fbed59bf26bd6cf641bec0946ff6d32cdfe992786852947c530678dd4c86a026	weak_d3	weak	3	491520	163840	34369	4	4	4	4	4	4	2	8675309	1	scc-eb2	Intel(R) Xeon(R) Gold 6242 CPU @ 2.80GHz	rust	PASS	0	0	0	19.178	22.39	71.2	1.731															0.025357964	0.216009471	0.26329122	0.197580844	0.07778375	0.0	17.625501568	18.405524817	1441665024	1441665024	1439694848	50280108393	13972699097	13972699097	9749441475	106271056	4	4	1e-10	1e-06	0.125266475	0.003265806	0.979524756	6.687545754	6.670908423	14061	11978	9.89902370144e-06	1e-05	28.0	CMG_FULL_V2							21.49971248069161	1.30348633900471	0.0001882806096171	22.80357538091556	8.6574497553e-06	3.07205670762e-06	7.59665599737e-06	1.1278011741e-05	PASS
VCKSS-COMPARATIVE-SCALING-RESULT-V4	first	278	scale_weak_d3_n491520_c4_r2	e1514185445cab36f930c90a44c5a4e23326e027	fbed59bf26bd6cf641bec0946ff6d32cdfe992786852947c530678dd4c86a026	weak_d3	weak	3	491520	163840	34369	4	4	4	4	4	4	2	8675309	2	scc-eb2	Intel(R) Xeon(R) Gold 6242 CPU @ 2.80GHz	matlab	PASS	0	0	0	58.838945	527.84	385.47	5.570427	227.83584	5.557228																					10247483392	10247483392	2808680448	50280108393																				True	40	40	9.6e-11	MAINTAINED_UPSTREAM_INTERNAL	MATLAB_TWISTER_SEED_PLUS_WORKER_INDEX	21.499775375006013	1.3034958082081083	0.0001863321650951729	22.80364384754431					PASS
VCKSS-COMPARATIVE-SCALING-RESULT-V4	first	279	scale_weak_d3_n491520_c4_r3	e1514185445cab36f930c90a44c5a4e23326e027	fbed59bf26bd6cf641bec0946ff6d32cdfe992786852947c530678dd4c86a026	weak_d3	weak	3	491520	163840	34369	4	4	4	4	4	4	3	20260819	2	scc-md3	Intel(R) Xeon(R) CPU E5-2650 v2 @ 2.60GHz	mata	PASS	0	0	0	556.53	560.57	2080.5099999999998	1.586			25.039	22.225	9.097	3.955	521.382	1.718	212.165	301.675	3.805	217.904	73.887	266.388									3925770240	3925770240	3926077440	50247896138	3225142490	3225142490														5.68409631157e-11	1e-09	12.0	NONE							21.49971876461445	1.303483619274268	0.0001879759439217	22.80357833577656	9.56518197707e-06	3.50829308674e-06	7.91937005755e-06	1.2032074993e-05	PASS
VCKSS-COMPARATIVE-SCALING-RESULT-V4	first	279	scale_weak_d3_n491520_c4_r3	e1514185445cab36f930c90a44c5a4e23326e027	fbed59bf26bd6cf641bec0946ff6d32cdfe992786852947c530678dd4c86a026	weak_d3	weak	3	491520	163840	34369	4	4	4	4	4	4	3	20260819	3	scc-md3	Intel(R) Xeon(R) CPU E5-2650 v2 @ 2.60GHz	rust	PASS	0	0	0	20.685	24.6	82.35	1.651															0.02806887	0.221159267	0.237310321	0.220617763	0.083528943	0.0	19.009406431	19.800091595	1458536448	1458536448	1456574464	50247896138	13972699097	13972699097	9749441475	106271056	4	4	1e-10	1e-06	0.127173508	0.004028137	0.690751226	7.370025777	6.976752859	14070	11991	9.8442398186e-06	1e-05	28.0	CMG_FULL_V2							21.49971195849249	1.303491807918619	0.0001901063535662	22.80358397911825	8.85414338229e-06	3.40078486759e-06	8.00850818492e-06	1.21470390174e-05	PASS
VCKSS-COMPARATIVE-SCALING-RESULT-V4	first	279	scale_weak_d3_n491520_c4_r3	e1514185445cab36f930c90a44c5a4e23326e027	fbed59bf26bd6cf641bec0946ff6d32cdfe992786852947c530678dd4c86a026	weak_d3	weak	3	491520	163840	34369	4	4	4	4	4	4	3	20260819	1	scc-md3	Intel(R) Xeon(R) CPU E5-2650 v2 @ 2.60GHz	matlab	PASS	0	0	0	86.796579	527.94	446.58000000000004	4.435417	330.618043	5.628671																					9872977920	9872977920	2550083584	50247896138																				True	40	40	9.6e-11	MAINTAINED_UPSTREAM_INTERNAL	MATLAB_TWISTER_SEED_PLUS_WORKER_INDEX	21.499770598214347	1.3034951883089518	0.00018846868206209348	22.80364272388742					PASS
VCKSS-COMPARATIVE-SCALING-RESULT-V4	first	280	scale_weak_d3_n491520_c8_r1	e1514185445cab36f930c90a44c5a4e23326e027	fbed59bf26bd6cf641bec0946ff6d32cdfe992786852947c530678dd4c86a026	weak_d3	weak	3	491520	163840	34369	8	4	4	4	8	8	1	104729	1	scc-tg1	Intel(R) Xeon(R) CPU E5-2660 v3 @ 2.60GHz	mata	PASS	0	0	0	502.823	507.89	1941.7800000000002	2.454			21.025	17.927	7.824999999999999	3.242	472.993	1.622	192.565	273.745	3.302	187.541	67.33299999999998	250.377									4024324096	4024324096	4022444032	91163902084	3225142460	3225142460														5.70289999714e-11	1e-09	12.0	NONE							21.49971953253412	1.303495959649431	0.0001901239776944	22.80359574013895	7.09472316752e-06	3.01804867234e-06	6.9923172499e-06	1.13895771884e-05	PASS
VCKSS-COMPARATIVE-SCALING-RESULT-V4	first	280	scale_weak_d3_n491520_c8_r1	e1514185445cab36f930c90a44c5a4e23326e027	fbed59bf26bd6cf641bec0946ff6d32cdfe992786852947c530678dd4c86a026	weak_d3	weak	3	491520	163840	34369	8	4	8	4	8	8	1	104729	2	scc-tg1	Intel(R) Xeon(R) CPU E5-2660 v3 @ 2.60GHz	rust	PASS	0	0	0	15.124	20.52	99.72	2.428															0.047993631	0.440893208	0.34815444	0.273270581	0.096697097	0.0	12.771347642	13.978356599	1853022208	1853022208	1853181952	91163902084	16882028096	16882028096	9766291625	120312848	8	8	1e-10	1e-06	0.292878617	0.006645059	0.671530511	4.687391227	4.043965474	14054	11976	9.75323868894e-06	1e-05	28.0	CMG_FULL_V2							21.49972523602669	1.303492562167695	0.0001793934623832	22.80357658511916	8.08828304992e-06	2.99292825046e-06	7.91434546802e-06	1.19827472726e-05	PASS
VCKSS-COMPARATIVE-SCALING-RESULT-V4	first	280	scale_weak_d3_n491520_c8_r1	e1514185445cab36f930c90a44c5a4e23326e027	fbed59bf26bd6cf641bec0946ff6d32cdfe992786852947c530678dd4c86a026	weak_d3	weak	3	491520	163840	34369	8	4	8	4	8	8	1	104729	3	scc-tg1	Intel(R) Xeon(R) CPU E5-2660 v3 @ 2.60GHz	matlab	PASS	0	0	0	58.456313	540.92	747.16	4.81422	246.752489	6.562129																					17995735040	17995735040	3085836288	91163902084																				True	40	40	9.6e-11	MAINTAINED_UPSTREAM_INTERNAL	MATLAB_TWISTER_SEED_PLUS_WORKER_INDEX	21.499766284633978	1.303496761128518	0.00018672791428990288	22.803636501591075					PASS
VCKSS-COMPARATIVE-SCALING-RESULT-V4	first	281	scale_weak_d3_n491520_c8_r2	e1514185445cab36f930c90a44c5a4e23326e027	fbed59bf26bd6cf641bec0946ff6d32cdfe992786852947c530678dd4c86a026	weak_d3	weak	3	491520	163840	34369	8	4	4	4	8	8	2	8675309	3	scc-sa6	Intel(R) Xeon(R) CPU E5-2650 v2 @ 2.60GHz	mata	PASS	0	0	0	554.09	558.02	2051.2799999999997	1.634			25.003	22.201	8.958	3.946	519.135	1.703	211.399	300.233	3.777	218.5	73.57600000000001	263.784									3838525440	3838525440	3910496256	91284161168	3225142495	3225142495														5.77007364364e-11	1e-09	12.0	NONE							21.49972281091847	1.303483079178704	0.0001815879822026	22.80356906606158	9.0766929784e-06	2.83415257566e-06	7.73480855404e-06	1.22730743773e-05	PASS
VCKSS-COMPARATIVE-SCALING-RESULT-V4	first	281	scale_weak_d3_n491520_c8_r2	e1514185445cab36f930c90a44c5a4e23326e027	fbed59bf26bd6cf641bec0946ff6d32cdfe992786852947c530678dd4c86a026	weak_d3	weak	3	491520	163840	34369	8	4	8	4	8	8	2	8675309	1	scc-sa6	Intel(R) Xeon(R) CPU E5-2650 v2 @ 2.60GHz	rust	PASS	0	0	0	12.421	15.88	84.47	1.185															0.028142918	0.223265534	0.240827169	0.210075412	0.076739787	0.0	10.714251634	11.493302454	1468493824	1468493824	1468657664	91284161168	16882028096	16882028096	9766291625	120312848	8	8	1e-10	1e-06	0.125445669	0.004610271	0.543005153	3.987504429	3.701590025	14061	11978	9.89902370144e-06	1e-05	28.0	CMG_FULL_V2							21.49971248069161	1.30348633900471	0.0001882806096171	22.80357538091556	8.6574497553e-06	3.07205670762e-06	7.59665599737e-06	1.1278011741e-05	PASS
VCKSS-COMPARATIVE-SCALING-RESULT-V4	first	281	scale_weak_d3_n491520_c8_r2	e1514185445cab36f930c90a44c5a4e23326e027	fbed59bf26bd6cf641bec0946ff6d32cdfe992786852947c530678dd4c86a026	weak_d3	weak	3	491520	163840	34369	8	4	8	4	8	8	2	8675309	2	scc-sa6	Intel(R) Xeon(R) CPU E5-2650 v2 @ 2.60GHz	matlab	PASS	0	0	0	70.941292	494.09	643.59	5.598284	228.905891	5.260642																					17643233280	17643233280	2923073536	91284161168																				True	40	40	9.6e-11	MAINTAINED_UPSTREAM_INTERNAL	MATLAB_TWISTER_SEED_PLUS_WORKER_INDEX	21.499773207087916	1.3034963129253674	0.0001882194859754678	22.803645958985236					PASS
VCKSS-COMPARATIVE-SCALING-RESULT-V4	first	282	scale_weak_d3_n491520_c8_r3	e1514185445cab36f930c90a44c5a4e23326e027	fbed59bf26bd6cf641bec0946ff6d32cdfe992786852947c530678dd4c86a026	weak_d3	weak	3	491520	163840	34369	8	4	4	4	8	8	3	20260819	2	scc-mb5	Intel(R) Xeon(R) CPU E5-2650 v2 @ 2.60GHz	mata	PASS	0	0	0	556.817	560.89	2080.73	1.551			25.028	22.232	8.986	3.938	521.786	1.707	212.074	302.206	3.817	218.143	73.92800000000001	266.514									3920850944	3920850944	3919249408	90671054586	3225142501	3225142501														5.68409631157e-11	1e-09	12.0	NONE							21.49971876461445	1.303483619274268	0.0001879759439217	22.80357833577656	9.56518197707e-06	3.50829308674e-06	7.91937005755e-06	1.2032074993e-05	PASS
VCKSS-COMPARATIVE-SCALING-RESULT-V4	first	282	scale_weak_d3_n491520_c8_r3	e1514185445cab36f930c90a44c5a4e23326e027	fbed59bf26bd6cf641bec0946ff6d32cdfe992786852947c530678dd4c86a026	weak_d3	weak	3	491520	163840	34369	8	4	8	4	8	8	3	20260819	3	scc-mb5	Intel(R) Xeon(R) CPU E5-2650 v2 @ 2.60GHz	rust	PASS	0	0	0	12.346	16.67	84.64	1.318															0.028877221	0.220148902	0.233691329	0.208124923	0.076331226	0.0	10.678788932	11.445962533	1819209728	1819209728	1817333760	90671054586	16882028096	16882028096	9766291625	120312848	8	8	1e-10	1e-06	0.123245587	0.003930606	0.563871974	3.941508674	3.689852558	14070	11991	9.8442398186e-06	1e-05	28.0	CMG_FULL_V2							21.49971195849249	1.303491807918619	0.0001901063535662	22.80358397911825	8.85414338229e-06	3.40078486759e-06	8.00850818492e-06	1.21470390174e-05	PASS
VCKSS-COMPARATIVE-SCALING-RESULT-V4	first	282	scale_weak_d3_n491520_c8_r3	e1514185445cab36f930c90a44c5a4e23326e027	fbed59bf26bd6cf641bec0946ff6d32cdfe992786852947c530678dd4c86a026	weak_d3	weak	3	491520	163840	34369	8	4	8	4	8	8	3	20260819	1	scc-mb5	Intel(R) Xeon(R) CPU E5-2650 v2 @ 2.60GHz	matlab	PASS	0	0	0	67.437188	406.81	647.5	4.927682	178.955388	5.316616																					17703067648	17703067648	2999205888	90671054586																				True	40	40	9.6e-11	MAINTAINED_UPSTREAM_INTERNAL	MATLAB_TWISTER_SEED_PLUS_WORKER_INDEX	21.499766574773073	1.3034941725472096	0.00018996107841995244	22.803640669477122					PASS
VCKSS-COMPARATIVE-SCALING-RESULT-V4	first	283	scale_weak_d3_n491520_c16_r1	e1514185445cab36f930c90a44c5a4e23326e027	fbed59bf26bd6cf641bec0946ff6d32cdfe992786852947c530678dd4c86a026	weak_d3	weak	3	491520	163840	34369	16	4	4	4	16	16	1	104729	1	scc-mb6	Intel(R) Xeon(R) CPU E5-2650 v2 @ 2.60GHz	mata	PASS	0	0	0	555.364	559.66	2059.37	1.68			24.918	22.137	8.949000000000002	3.938	520.451	1.701	211.202	301.773	3.768	219.153	73.68100000000001	264.48									3954110464	3954110464	3952566272	179603721159	3225142497	3225142497														5.70289999714e-11	1e-09	12.0	NONE							21.49971953253412	1.303495959649431	0.0001901239776944	22.80359574013895	7.09472316752e-06	3.01804867234e-06	6.9923172499e-06	1.13895771884e-05	PASS
VCKSS-COMPARATIVE-SCALING-RESULT-V4	first	283	scale_weak_d3_n491520_c16_r1	e1514185445cab36f930c90a44c5a4e23326e027	fbed59bf26bd6cf641bec0946ff6d32cdfe992786852947c530678dd4c86a026	weak_d3	weak	3	491520	163840	34369	16	4	16	4	16	16	1	104729	2	scc-mb6	Intel(R) Xeon(R) CPU E5-2650 v2 @ 2.60GHz	rust	PASS	0	0	0	8.947	12.95	90.58	1.341															0.025764873	0.216861053	0.238718691	0.214049999	0.083252926	0.0	7.280079174	8.058726716	1777303552	1777303552	1775398912	179603721159	22700686092	22700686092	9799991926	148396432	16	16	1e-10	1e-06	0.131997492	0.004770679	0.550084808	2.327166376	2.255011026	14054	11976	9.75323868894e-06	1e-05	28.0	CMG_FULL_V2							21.49972523602669	1.303492562167695	0.0001793934623832	22.80357658511916	8.08828304992e-06	2.99292825046e-06	7.91434546802e-06	1.19827472726e-05	PASS
VCKSS-COMPARATIVE-SCALING-RESULT-V4	first	283	scale_weak_d3_n491520_c16_r1	e1514185445cab36f930c90a44c5a4e23326e027	fbed59bf26bd6cf641bec0946ff6d32cdfe992786852947c530678dd4c86a026	weak_d3	weak	3	491520	163840	34369	16	4	16	4	16	16	1	104729	3	scc-mb6	Intel(R) Xeon(R) CPU E5-2650 v2 @ 2.60GHz	matlab	PASS	0	0	0	53.252412	443.75	994.86	3.866415	76.429881	6.953406																					33330606080	33330606080	3607986176	179603721159																				True	40	40	9.6e-11	MAINTAINED_UPSTREAM_INTERNAL	MATLAB_TWISTER_SEED_PLUS_WORKER_INDEX	21.499773388719024	1.3034940770932246	0.0001854936144761314	22.8036384530412					PASS
VCKSS-COMPARATIVE-SCALING-RESULT-V4	first	284	scale_weak_d3_n491520_c16_r2	e1514185445cab36f930c90a44c5a4e23326e027	fbed59bf26bd6cf641bec0946ff6d32cdfe992786852947c530678dd4c86a026	weak_d3	weak	3	491520	163840	34369	16	4	4	4	16	16	2	8675309	3	scc-mc7	Intel(R) Xeon(R) CPU E5-2650 v2 @ 2.60GHz	mata	PASS	0	0	0	554.064	558.35	2055.48	1.738			25.158	22.353	8.977	3.951	518.906	1.716	211.489	299.897	3.773	218.854	73.37299999999999	263.2569999999999									3928932352	3928932352	3927207936	179067923989	3225142506	3225142506														5.77007364364e-11	1e-09	12.0	NONE							21.49972281091847	1.303483079178704	0.0001815879822026	22.80356906606158	9.0766929784e-06	2.83415257566e-06	7.73480855404e-06	1.22730743773e-05	PASS
VCKSS-COMPARATIVE-SCALING-RESULT-V4	first	284	scale_weak_d3_n491520_c16_r2	e1514185445cab36f930c90a44c5a4e23326e027	fbed59bf26bd6cf641bec0946ff6d32cdfe992786852947c530678dd4c86a026	weak_d3	weak	3	491520	163840	34369	16	4	16	4	16	16	2	8675309	1	scc-mc7	Intel(R) Xeon(R) CPU E5-2650 v2 @ 2.60GHz	rust	PASS	0	0	0	8.958	12.6	88.47	1.365															0.02549762	0.216686729	0.229780052	0.205963189	0.084572618	0.0	7.261975259	8.024475467	1781358592	1781358592	1779331072	179067923989	22700686092	22700686092	9799991926	148396432	16	16	1e-10	1e-06	0.126220406	0.004451366	0.576217851	2.298702719	2.242533948	14061	11978	9.89902370144e-06	1e-05	28.0	CMG_FULL_V2							21.49971248069161	1.30348633900471	0.0001882806096171	22.80357538091556	8.6574497553e-06	3.07205670762e-06	7.59665599737e-06	1.1278011741e-05	PASS
VCKSS-COMPARATIVE-SCALING-RESULT-V4	first	284	scale_weak_d3_n491520_c16_r2	e1514185445cab36f930c90a44c5a4e23326e027	fbed59bf26bd6cf641bec0946ff6d32cdfe992786852947c530678dd4c86a026	weak_d3	weak	3	491520	163840	34369	16	4	16	4	16	16	2	8675309	2	scc-mc7	Intel(R) Xeon(R) CPU E5-2650 v2 @ 2.60GHz	matlab	PASS	0	0	0	52.767108	485.79	1012.98	3.628905	194.533326	5.639457																					33091354624	33091354624	3318452224	179067923989																				True	40	40	9.6e-11	MAINTAINED_UPSTREAM_INTERNAL	MATLAB_TWISTER_SEED_PLUS_WORKER_INDEX	21.499763898040506	1.3034957593559189	0.0001918277794423705	22.80364331295531					PASS
VCKSS-COMPARATIVE-SCALING-RESULT-V4	first	285	scale_weak_d3_n491520_c16_r3	e1514185445cab36f930c90a44c5a4e23326e027	fbed59bf26bd6cf641bec0946ff6d32cdfe992786852947c530678dd4c86a026	weak_d3	weak	3	491520	163840	34369	16	4	4	4	16	16	3	20260819	2	scc-ph7	Intel(R) Xeon(R) CPU E5-2650 v2 @ 2.60GHz	mata	PASS	0	0	0	551.092	557.47	2054.41	3.421			25.053	22.231	8.864999999999998	4.639	515.798	1.732	210.807	296.7	3.773999999999999	218.629	73.341	259.547									3951255552	3951255552	3962793984	180729002591	3225142492	3225142492														5.68409631157e-11	1e-09	12.0	NONE							21.49971876461445	1.303483619274268	0.0001879759439217	22.80357833577656	9.56518197707e-06	3.50829308674e-06	7.91937005755e-06	1.2032074993e-05	PASS
VCKSS-COMPARATIVE-SCALING-RESULT-V4	first	285	scale_weak_d3_n491520_c16_r3	e1514185445cab36f930c90a44c5a4e23326e027	fbed59bf26bd6cf641bec0946ff6d32cdfe992786852947c530678dd4c86a026	weak_d3	weak	3	491520	163840	34369	16	4	16	4	16	16	3	20260819	3	scc-ph7	Intel(R) Xeon(R) CPU E5-2650 v2 @ 2.60GHz	rust	PASS	0	0	0	8.859	12.55	88.58	1.249															0.025136823	0.213079131	0.227692765	0.214768526	0.082775074	0.0	7.223861974	7.987314293	1527885824	1527885824	1526042624	180729002591	22700686092	22700686092	9799991926	148396432	16	16	1e-10	1e-06	0.122012966	0.004441825	0.555693332	2.296398435	2.225334378	14070	11991	9.8442398186e-06	1e-05	28.0	CMG_FULL_V2							21.49971195849249	1.303491807918619	0.0001901063535662	22.80358397911825	8.85414338229e-06	3.40078486759e-06	8.00850818492e-06	1.21470390174e-05	PASS
VCKSS-COMPARATIVE-SCALING-RESULT-V4	first	285	scale_weak_d3_n491520_c16_r3	e1514185445cab36f930c90a44c5a4e23326e027	fbed59bf26bd6cf641bec0946ff6d32cdfe992786852947c530678dd4c86a026	weak_d3	weak	3	491520	163840	34369	16	4	16	4	16	16	3	20260819	1	scc-ph7	Intel(R) Xeon(R) CPU E5-2650 v2 @ 2.60GHz	matlab	PASS	0	0	0	56.349925	631.82	1010.0899999999999	6.772638	208.995377	6.394913																					32868372480	32868372480	3603025920	180729002591																				True	40	40	9.6e-11	MAINTAINED_UPSTREAM_INTERNAL	MATLAB_TWISTER_SEED_PLUS_WORKER_INDEX	21.499769124675318	1.3034935391410314	0.00019138595630378122	22.803645435728956					PASS
VCKSS-COMPARATIVE-SCALING-RESULT-V4	repair-full	286	scale_weak_d3_n1966080_c1_r1	ca162022833c3d6e6906c11cf4860baf0d52fd86	02d6eb6ffc96e0eb7eea1252605663e3e206c6ce177f3cf7f0e860c2b25f40f9	weak_d3	weak	3	1966080	655360	132673	1	1	1	1	1	1	1	104729	1	scc-sa7	Intel(R) Xeon(R) CPU E5-2650 v2 @ 2.60GHz	mata	PASS	0	0	0	2910.017	2922.86	2915.66	3.664			102.699	89.918	52.684	15.859	2751.727	7.825	1093.578	1626.869	22.286	838.5699999999999	491.058	1712.094									14490968064	14490968064	14488846336	20920785699	8983135771	8983135771														5.70931585098e-11	1e-09	12.0	NONE							21.50096784173438	1.304173709404188	-0.0019311748784347	22.80127920138169	4.37044187509e-06	7.03542060769e-07	3.75267841084e-06	5.98921365493e-06	PASS
VCKSS-COMPARATIVE-SCALING-RESULT-V4	repair-full	286	scale_weak_d3_n1966080_c1_r1	ca162022833c3d6e6906c11cf4860baf0d52fd86	02d6eb6ffc96e0eb7eea1252605663e3e206c6ce177f3cf7f0e860c2b25f40f9	weak_d3	weak	3	1966080	655360	132673	1	1	1	1	1	1	1	104729	2	scc-sa7	Intel(R) Xeon(R) CPU E5-2650 v2 @ 2.60GHz	rust	PASS	0	0	0	276.09	288.97	287.84	3.689															0.101054721	0.915550224	1.011126959	0.870330792	0.347459415	0.0	269.017845131	272.263367242	4668657664	4668657664	4682641408	20920785699	45102101465	45102101465	36891855996	366534464	1	1	1e-10	1e-06	0.562357226	0.01656584	6.648785147	113.590184088	109.090297586	13629	11228	6.50839354464e-06	1e-05	25.0	CMG_FULL_V2							21.50097535109133	1.304175463611378	-0.0019325932306535	22.80128562824141	4.23770018477e-06	6.7963149124e-07	3.77228879394e-06	5.63661422789e-06	PASS
VCKSS-COMPARATIVE-SCALING-RESULT-V4	repair-full	286	scale_weak_d3_n1966080_c1_r1	ca162022833c3d6e6906c11cf4860baf0d52fd86	02d6eb6ffc96e0eb7eea1252605663e3e206c6ce177f3cf7f0e860c2b25f40f9	weak_d3	weak	3	1966080	655360	132673	1	1	1	1	1	1	1	104729	3	scc-sa7	Intel(R) Xeon(R) CPU E5-2650 v2 @ 2.60GHz	matlab	PASS	0	0	0	825.70746	1003.96	896.6899999999999	8.555645	45.673375	3.581822																					5298315264	5298315264	3219558400	20920785699																				True	41	41	5e-11	MAINTAINED_UPSTREAM_INTERNAL	MATLAB_TWISTER_SEED_PLUS_WORKER_INDEX	21.500983745753093	1.3041751695943027	-0.0019356638468759114	22.801287587653643					PASS
VCKSS-COMPARATIVE-SCALING-RESULT-V4	repair-full	287	scale_weak_d3_n1966080_c1_r2	ca162022833c3d6e6906c11cf4860baf0d52fd86	02d6eb6ffc96e0eb7eea1252605663e3e206c6ce177f3cf7f0e860c2b25f40f9	weak_d3	weak	3	1966080	655360	132673	1	1	1	1	1	1	2	8675309	3	scc-sb4	Intel(R) Xeon(R) CPU E5-2650 v2 @ 2.60GHz	mata	PASS	0	0	0	2957.959	2971.09	2963.36	3.802			103.753	90.777	53.476	16.074	2797.737	7.952	1108.99	1657.022	22.702	848.906	500.158	1744.544									14489567232	14489567232	14487973888	20920785699	8983135782	8983135782														5.71618621999e-11	1e-09	12.0	NONE							21.50096112932785	1.304171751265632	-0.001928795400306	22.80127528979287	4.23983879812e-06	6.98538579363e-07	3.72723226276e-06	5.80796356499e-06	PASS
VCKSS-COMPARATIVE-SCALING-RESULT-V4	repair-full	287	scale_weak_d3_n1966080_c1_r2	ca162022833c3d6e6906c11cf4860baf0d52fd86	02d6eb6ffc96e0eb7eea1252605663e3e206c6ce177f3cf7f0e860c2b25f40f9	weak_d3	weak	3	1966080	655360	132673	1	1	1	1	1	1	2	8675309	1	scc-sb4	Intel(R) Xeon(R) CPU E5-2650 v2 @ 2.60GHz	rust	PASS	0	0	0	280.027	293.02	292.06	3.753															0.101726953	0.924434092	1.031049996	0.878979792	0.349195586	0.0	272.942327954	276.227714373	4676444160	4676444160	4681916416	20920785699	45102101465	45102101465	36891855996	366534464	1	1	1e-10	1e-06	0.571336561	0.017516317	6.681341104	115.522806773	110.358268006	13628	11227	7.41232535452e-06	1e-05	25.0	CMG_FULL_V2							21.50098063808329	1.304176514290328	-0.0019392945719979	22.80127856322963	3.82780359457e-06	6.62892928267e-07	3.85736264712e-06	6.7091606708e-06	PASS
VCKSS-COMPARATIVE-SCALING-RESULT-V4	repair-full	287	scale_weak_d3_n1966080_c1_r2	ca162022833c3d6e6906c11cf4860baf0d52fd86	02d6eb6ffc96e0eb7eea1252605663e3e206c6ce177f3cf7f0e860c2b25f40f9	weak_d3	weak	3	1966080	655360	132673	1	1	1	1	1	1	2	8675309	2	scc-sb4	Intel(R) Xeon(R) CPU E5-2650 v2 @ 2.60GHz	matlab	PASS	0	0	0	835.773343	1044.71	905.53	6.100674	37.55643	3.870343																					5251325952	5251325952	3170795520	20920785699																				True	41	41	5e-11	MAINTAINED_UPSTREAM_INTERNAL	MATLAB_TWISTER_SEED_PLUS_WORKER_INDEX	21.50098530727051	1.3041754827370358	-0.0019378971090142085	22.80128499578952					PASS
VCKSS-COMPARATIVE-SCALING-RESULT-V4	repair-full	288	scale_weak_d3_n1966080_c1_r3	ca162022833c3d6e6906c11cf4860baf0d52fd86	02d6eb6ffc96e0eb7eea1252605663e3e206c6ce177f3cf7f0e860c2b25f40f9	weak_d3	weak	3	1966080	655360	132673	1	1	1	1	1	1	3	20260819	2	scc-b19	Intel(R) Xeon(R) 6737P	mata	PASS	0	0	0	1648.143	1653.88	1651.27	1.807			38.307	31.828	23.797	6.875	1584.358	3.641	577.353	992.427	11.822	296.196	403.475	1149.645									14492147712	14492147712	14489927680	20942260536	8983135756	8983135756														5.68754986343e-11	1e-09	12.0	NONE							21.50097624249695	1.304170472117337	-0.0019355177247729	22.80127567916475	4.01242310273e-06	6.8829496748e-07	3.77443775449e-06	6.46217842752e-06	PASS
VCKSS-COMPARATIVE-SCALING-RESULT-V4	repair-full	288	scale_weak_d3_n1966080_c1_r3	ca162022833c3d6e6906c11cf4860baf0d52fd86	02d6eb6ffc96e0eb7eea1252605663e3e206c6ce177f3cf7f0e860c2b25f40f9	weak_d3	weak	3	1966080	655360	132673	1	1	1	1	1	1	3	20260819	3	scc-b19	Intel(R) Xeon(R) 6737P	rust	PASS	0	0	0	145.933	151.76	151.23	1.745															0.060633454	0.594663165	0.633606177	0.461194148	0.202632774	0.0	142.244129345	144.196859063	4668846080	4668846080	4680343552	20942260536	45102101465	45102101465	36891855996	366534464	1	1	1e-10	1e-06	0.309787709	0.007235168	3.951040166	62.067767432	54.586426106	13624	11223	7.58463056884e-06	1e-05	25.0	CMG_FULL_V2							21.50097287910556	1.304174688233697	-0.0019386680635027	22.80127023121226	4.17452527497e-06	7.35965850472e-07	3.58703794625e-06	6.37321646568e-06	PASS
VCKSS-COMPARATIVE-SCALING-RESULT-V4	repair-full	288	scale_weak_d3_n1966080_c1_r3	ca162022833c3d6e6906c11cf4860baf0d52fd86	02d6eb6ffc96e0eb7eea1252605663e3e206c6ce177f3cf7f0e860c2b25f40f9	weak_d3	weak	3	1966080	655360	132673	1	1	1	1	1	1	3	20260819	1	scc-b19	Intel(R) Xeon(R) 6737P	matlab	PASS	0	0	0	352.202405	631.91	383.12	5.01008	177.351814	2.640854																					5216268288	5216268288	3150966784	20942260536																				True	41	41	5e-11	MAINTAINED_UPSTREAM_INTERNAL	MATLAB_TWISTER_SEED_PLUS_WORKER_INDEX	21.500981175829043	1.304176349017199	-0.0019335237037687017	22.8012904774387					PASS
VCKSS-COMPARATIVE-SCALING-RESULT-V4	first	289	scale_weak_d3_n1966080_c2_r1	e1514185445cab36f930c90a44c5a4e23326e027	fbed59bf26bd6cf641bec0946ff6d32cdfe992786852947c530678dd4c86a026	weak_d3	weak	3	1966080	655360	132673	2	2	2	2	2	2	1	104729	1	scc-sb8	Intel(R) Xeon(R) CPU E5-2650 v2 @ 2.60GHz	mata	PASS	0	0	0	2594.431	2607.86	4417.97	4.478			100.767	90.09	44.917	15.96	2445.825	7.381	980.71	1434.176	17.50700000000001	824.461	362.9379999999999	1454.372									15467577344	15467577344	15465615360	32024349901	8983135465	8983135465														5.70934311442e-11	1e-09	12.0	NONE							21.50096784173438	1.304173709404188	-0.0019311748784345	22.80127920138169	4.37044187509e-06	7.03542060769e-07	3.75267841084e-06	5.98921365493e-06	PASS
VCKSS-COMPARATIVE-SCALING-RESULT-V4	first	289	scale_weak_d3_n1966080_c2_r1	e1514185445cab36f930c90a44c5a4e23326e027	fbed59bf26bd6cf641bec0946ff6d32cdfe992786852947c530678dd4c86a026	weak_d3	weak	3	1966080	655360	132673	2	2	2	2	2	2	1	104729	2	scc-sb8	Intel(R) Xeon(R) CPU E5-2650 v2 @ 2.60GHz	rust	PASS	0	0	0	161.514	175.21	324.92	4.5															0.098770401	0.918663995	1.044754729	0.869112465	0.344792417	0.0	155.366108742	158.642202749	5662404608	5662404608	5683421184	32024349901	48014770956	48014770956	36914628329	385511408	2	2	1e-10	1e-06	0.573280376	0.016700408	4.567975002	65.313166059	61.26831089	13629	11228	6.50839354464e-06	1e-05	25.0	CMG_FULL_V2							21.50097535109133	1.304175463611378	-0.0019325932306534	22.80128562824141	4.23770018477e-06	6.7963149124e-07	3.77228879394e-06	5.63661422789e-06	PASS
VCKSS-COMPARATIVE-SCALING-RESULT-V4	first	289	scale_weak_d3_n1966080_c2_r1	e1514185445cab36f930c90a44c5a4e23326e027	fbed59bf26bd6cf641bec0946ff6d32cdfe992786852947c530678dd4c86a026	weak_d3	weak	3	1966080	655360	132673	2	2	2	2	2	2	1	104729	3	scc-sb8	Intel(R) Xeon(R) CPU E5-2650 v2 @ 2.60GHz	matlab	PASS	0	0	0	516.355187	1113.0	1017.28	9.857401	229.260637	6.446519																					7782711296	7782711296	3475406848	32024349901																				True	41	41	5e-11	MAINTAINED_UPSTREAM_INTERNAL	MATLAB_TWISTER_SEED_PLUS_WORKER_INDEX	21.50098257216758	1.304175470248737	-0.0019334748586299635	22.801291092699056					PASS
VCKSS-COMPARATIVE-SCALING-RESULT-V4	first	290	scale_weak_d3_n1966080_c2_r2	e1514185445cab36f930c90a44c5a4e23326e027	fbed59bf26bd6cf641bec0946ff6d32cdfe992786852947c530678dd4c86a026	weak_d3	weak	3	1966080	655360	132673	2	2	2	2	2	2	2	8675309	3	scc-h32	INTEL(R) XEON(R) GOLD 6526Y	mata	PASS	0	0	0	1259.896	1267.87	2345.27	4.116			40.435	33.547	22.657	7.093	1195.048	3.721	462.667	717.415	9.618	323.761	212.455	767.3059999999999									15791464448	15791464448	15789613056	29663191630	8983135474	8983135474														5.71625012135e-11	1e-09	12.0	NONE							21.50096112932785	1.304171751265631	-0.0019287954003058	22.80127528979287	4.23983879812e-06	6.98538579363e-07	3.72723226276e-06	5.80796356499e-06	PASS
VCKSS-COMPARATIVE-SCALING-RESULT-V4	first	290	scale_weak_d3_n1966080_c2_r2	e1514185445cab36f930c90a44c5a4e23326e027	fbed59bf26bd6cf641bec0946ff6d32cdfe992786852947c530678dd4c86a026	weak_d3	weak	3	1966080	655360	132673	2	2	2	2	2	2	2	8675309	1	scc-h32	INTEL(R) XEON(R) GOLD 6526Y	rust	PASS	0	0	0	87.423	95.27000000000001	175.35999999999999	4.02															0.060595182	0.669593925	0.708764999	0.488440408	0.213695671	0.0	83.683783879	85.824874064	5765771264	5765771264	5764804608	29663191630	48014770956	48014770956	36914628329	385511408	2	2	1e-10	1e-06	0.326472553	0.008788916	3.170165685	32.679575134	34.979934268	13628	11227	7.41232535452e-06	1e-05	25.0	CMG_FULL_V2							21.50098063808329	1.304176514290328	-0.0019392945719978	22.80127856322963	3.82780359457e-06	6.62892928267e-07	3.85736264712e-06	6.7091606708e-06	PASS
VCKSS-COMPARATIVE-SCALING-RESULT-V4	first	290	scale_weak_d3_n1966080_c2_r2	e1514185445cab36f930c90a44c5a4e23326e027	fbed59bf26bd6cf641bec0946ff6d32cdfe992786852947c530678dd4c86a026	weak_d3	weak	3	1966080	655360	132673	2	2	2	2	2	2	2	8675309	2	scc-h32	INTEL(R) XEON(R) GOLD 6526Y	matlab	PASS	0	0	0	226.275788	416.54	470.67	3.512766	40.92167	2.946329																					8211107840	8211107840	3749265408	29663191630																				True	41	41	5e-11	MAINTAINED_UPSTREAM_INTERNAL	MATLAB_TWISTER_SEED_PLUS_WORKER_INDEX	21.500980016452242	1.3041743080580435	-0.0019353793361564558	22.801283565837974					PASS
VCKSS-COMPARATIVE-SCALING-RESULT-V4	first	291	scale_weak_d3_n1966080_c2_r3	e1514185445cab36f930c90a44c5a4e23326e027	fbed59bf26bd6cf641bec0946ff6d32cdfe992786852947c530678dd4c86a026	weak_d3	weak	3	1966080	655360	132673	2	2	2	2	2	2	3	20260819	2	scc-sb7	Intel(R) Xeon(R) CPU E5-2650 v2 @ 2.60GHz	mata	PASS	0	0	0	2596.204	2611.8	4426.4	6.504			100.982	90.281	44.759	16.118	2447.219	7.522	979.978	1436.051	17.488	826.8520000000001	363.4110000000001	1453.457									15408971776	15408971776	15407104000	32038308545	8983135485	8983135485														5.68753055411e-11	1e-09	12.0	NONE							21.50097624249695	1.304170472117337	-0.0019355177247727	22.80127567916475	4.01242310273e-06	6.8829496748e-07	3.77443775449e-06	6.46217842752e-06	PASS
VCKSS-COMPARATIVE-SCALING-RESULT-V4	first	291	scale_weak_d3_n1966080_c2_r3	e1514185445cab36f930c90a44c5a4e23326e027	fbed59bf26bd6cf641bec0946ff6d32cdfe992786852947c530678dd4c86a026	weak_d3	weak	3	1966080	655360	132673	2	2	2	2	2	2	3	20260819	3	scc-sb7	Intel(R) Xeon(R) CPU E5-2650 v2 @ 2.60GHz	rust	PASS	0	0	0	161.978	175.34	326.44	4.59															0.09738328	0.916156952	1.034481801	0.842852477	0.340797772	0.0	155.935263949	159.166936231	5827211264	5827211264	5825581056	32038308545	48014770956	48014770956	36914628329	385511408	2	2	1e-10	1e-06	0.558372264	0.01647169	4.556449117	66.529892917	60.812621061	13624	11223	7.58463056884e-06	1e-05	25.0	CMG_FULL_V2							21.50097287910557	1.304174688233697	-0.0019386680635026	22.80127023121226	4.17452527497e-06	7.35965850472e-07	3.58703794625e-06	6.37321646568e-06	PASS
VCKSS-COMPARATIVE-SCALING-RESULT-V4	first	291	scale_weak_d3_n1966080_c2_r3	e1514185445cab36f930c90a44c5a4e23326e027	fbed59bf26bd6cf641bec0946ff6d32cdfe992786852947c530678dd4c86a026	weak_d3	weak	3	1966080	655360	132673	2	2	2	2	2	2	3	20260819	1	scc-sb7	Intel(R) Xeon(R) CPU E5-2650 v2 @ 2.60GHz	matlab	PASS	0	0	0	513.041416	1153.59	1005.6500000000001	10.700429	110.222015	5.01424																					8127078400	8127078400	3707449344	32038308545																				True	41	41	5e-11	MAINTAINED_UPSTREAM_INTERNAL	MATLAB_TWISTER_SEED_PLUS_WORKER_INDEX	21.500979058389778	1.3041750507719259	-0.001933517328363662	22.801287074504973					PASS
VCKSS-COMPARATIVE-SCALING-RESULT-V4	first	292	scale_weak_d3_n1966080_c4_r1	e1514185445cab36f930c90a44c5a4e23326e027	fbed59bf26bd6cf641bec0946ff6d32cdfe992786852947c530678dd4c86a026	weak_d3	weak	3	1966080	655360	132673	4	4	4	4	4	4	1	104729	1	scc-ti2	Intel(R) Xeon(R) CPU E5-2660 v3 @ 2.60GHz	mata	PASS	0	0	0	2459.581	2473.55	7738.5599999999995	5.369			89.078	77.376	40.852	16.088	2326.32	6.962	917.581	1376.123	14.395	766.203	282.809	1402.913									15451770880	15451770880	15449825280	52868899931	8983135461	8983135461														5.70933278799e-11	1e-09	12.0	NONE							21.50096784173438	1.304173709404189	-0.0019311748784348	22.80127920138169	4.37044187509e-06	7.03542060769e-07	3.75267841084e-06	5.98921365493e-06	PASS
VCKSS-COMPARATIVE-SCALING-RESULT-V4	first	292	scale_weak_d3_n1966080_c4_r1	e1514185445cab36f930c90a44c5a4e23326e027	fbed59bf26bd6cf641bec0946ff6d32cdfe992786852947c530678dd4c86a026	weak_d3	weak	3	1966080	655360	132673	4	4	4	4	4	4	1	104729	2	scc-ti2	Intel(R) Xeon(R) CPU E5-2660 v3 @ 2.60GHz	rust	PASS	0	0	0	119.119	134.02	446.14	5.239															0.097549735	0.939381735	1.380197475	0.928933783	0.364479548	0.0	112.78305307	116.493595346	5559599104	5559599104	5574459392	52868899931	53827527027	53827527027	36947590083	412979536	4	4	1e-10	1e-06	0.771493276	0.021829847	4.356912459	48.254153928	41.551237836	13629	11228	6.50839354464e-06	1e-05	25.0	CMG_FULL_V2							21.50097535109133	1.304175463611378	-0.0019325932306534	22.80128562824141	4.23770018477e-06	6.7963149124e-07	3.77228879394e-06	5.63661422789e-06	PASS
VCKSS-COMPARATIVE-SCALING-RESULT-V4	first	292	scale_weak_d3_n1966080_c4_r1	e1514185445cab36f930c90a44c5a4e23326e027	fbed59bf26bd6cf641bec0946ff6d32cdfe992786852947c530678dd4c86a026	weak_d3	weak	3	1966080	655360	132673	4	4	4	4	4	4	1	104729	3	scc-ti2	Intel(R) Xeon(R) CPU E5-2660 v3 @ 2.60GHz	matlab	PASS	0	0	0	282.875341	620.87	1136.1899999999998	15.393289	144.953636	8.772995																					12567891968	12567891968	3694968832	52868899931																				True	41	41	5e-11	MAINTAINED_UPSTREAM_INTERNAL	MATLAB_TWISTER_SEED_PLUS_WORKER_INDEX	21.50098531460947	1.3041754517501547	-0.0019353657248521593	22.80129003490992					PASS
VCKSS-COMPARATIVE-SCALING-RESULT-V4	first	293	scale_weak_d3_n1966080_c4_r2	e1514185445cab36f930c90a44c5a4e23326e027	fbed59bf26bd6cf641bec0946ff6d32cdfe992786852947c530678dd4c86a026	weak_d3	weak	3	1966080	655360	132673	4	4	4	4	4	4	2	8675309	3	scc-ti1	Intel(R) Xeon(R) CPU E5-2660 v3 @ 2.60GHz	mata	PASS	0	0	0	2484.858	2500.59	7789.0	5.365			98.12400000000001	85.879	41.442	16.516	2341.75	7.353	926.543	1380.998	14.234	772.2810000000002	285.024	1410.51									15499169792	15499169792	15497109504	52780853101	8983135494	8983135494														5.71622918074e-11	1e-09	12.0	NONE							21.50096112932785	1.304171751265632	-0.001928795400306	22.80127528979287	4.23983879812e-06	6.98538579363e-07	3.72723226276e-06	5.80796356499e-06	PASS
VCKSS-COMPARATIVE-SCALING-RESULT-V4	first	293	scale_weak_d3_n1966080_c4_r2	e1514185445cab36f930c90a44c5a4e23326e027	fbed59bf26bd6cf641bec0946ff6d32cdfe992786852947c530678dd4c86a026	weak_d3	weak	3	1966080	655360	132673	4	4	4	4	4	4	2	8675309	1	scc-ti1	Intel(R) Xeon(R) CPU E5-2660 v3 @ 2.60GHz	rust	PASS	0	0	0	127.105	141.24	456.04999999999995	5.696															0.095593448	0.913254805	1.330530808	0.90085928	0.354488016	0.0	120.685140826	124.279867183	5744025600	5744025600	5761728512	52780853101	53827527027	53827527027	36947590083	412979536	4	4	1e-10	1e-06	0.634812282	0.019255234	4.522834701	50.708270253	46.840038876	13628	11227	7.41232535452e-06	1e-05	25.0	CMG_FULL_V2							21.50098063808329	1.304176514290328	-0.0019392945719978	22.80127856322963	3.82780359457e-06	6.62892928267e-07	3.85736264712e-06	6.7091606708e-06	PASS
VCKSS-COMPARATIVE-SCALING-RESULT-V4	first	293	scale_weak_d3_n1966080_c4_r2	e1514185445cab36f930c90a44c5a4e23326e027	fbed59bf26bd6cf641bec0946ff6d32cdfe992786852947c530678dd4c86a026	weak_d3	weak	3	1966080	655360	132673	4	4	4	4	4	4	2	8675309	2	scc-ti1	Intel(R) Xeon(R) CPU E5-2660 v3 @ 2.60GHz	matlab	PASS	0	0	0	273.47991	797.37	1136.47	9.843137	145.904602	8.792049																					12267663360	12267663360	3554709504	52780853101																				True	41	41	5e-11	MAINTAINED_UPSTREAM_INTERNAL	MATLAB_TWISTER_SEED_PLUS_WORKER_INDEX	21.500982919413307	1.3041748924137944	-0.0019366664087734832	22.801284479009553					PASS
VCKSS-COMPARATIVE-SCALING-RESULT-V4	first	294	scale_weak_d3_n1966080_c4_r3	e1514185445cab36f930c90a44c5a4e23326e027	fbed59bf26bd6cf641bec0946ff6d32cdfe992786852947c530678dd4c86a026	weak_d3	weak	3	1966080	655360	132673	4	4	4	4	4	4	3	20260819	2	scc-th3	Intel(R) Xeon(R) CPU E5-2660 v3 @ 2.60GHz	mata	PASS	0	0	0	2482.191	2496.22	7803.85	5.265			95.388	83.46	40.299	16.02	2343.189	7.089	927.192	1383.491	14.875	768.1020000000001	284.953	1417.721									15422414848	15422414848	15420268544	52915070829	8983135492	8983135492														5.68761678924e-11	1e-09	12.0	NONE							21.50097624249695	1.304170472117338	-0.001935517724773	22.80127567916474	4.01242310273e-06	6.8829496748e-07	3.77443775449e-06	6.46217842752e-06	PASS
VCKSS-COMPARATIVE-SCALING-RESULT-V4	first	294	scale_weak_d3_n1966080_c4_r3	e1514185445cab36f930c90a44c5a4e23326e027	fbed59bf26bd6cf641bec0946ff6d32cdfe992786852947c530678dd4c86a026	weak_d3	weak	3	1966080	655360	132673	4	4	4	4	4	4	3	20260819	3	scc-th3	Intel(R) Xeon(R) CPU E5-2660 v3 @ 2.60GHz	rust	PASS	0	0	0	118.347	132.04	442.88	5.311															0.0988305	0.939812734	1.379702865	0.923526489	0.360326519	0.0	111.520709006	115.222908113	5700026368	5700026368	5754888192	52915070829	53827527027	53827527027	36947590083	412979536	4	4	1e-10	1e-06	0.656676152	0.020080926	4.204032137	48.361166367	40.507203498	13624	11223	7.58463056884e-06	1e-05	25.0	CMG_FULL_V2							21.50097287910557	1.304174688233697	-0.0019386680635026	22.80127023121226	4.17452527497e-06	7.35965850472e-07	3.58703794625e-06	6.37321646568e-06	PASS
VCKSS-COMPARATIVE-SCALING-RESULT-V4	first	294	scale_weak_d3_n1966080_c4_r3	e1514185445cab36f930c90a44c5a4e23326e027	fbed59bf26bd6cf641bec0946ff6d32cdfe992786852947c530678dd4c86a026	weak_d3	weak	3	1966080	655360	132673	4	4	4	4	4	4	3	20260819	1	scc-th3	Intel(R) Xeon(R) CPU E5-2660 v3 @ 2.60GHz	matlab	PASS	0	0	0	286.007335	834.45	1092.33	10.276525	62.649606	7.601098																					12312395776	12312395776	3650248704	52915070829																				True	41	41	5e-11	MAINTAINED_UPSTREAM_INTERNAL	MATLAB_TWISTER_SEED_PLUS_WORKER_INDEX	21.500981816504446	1.3041749624151227	-0.0019332742684930939	22.80129023038258					PASS
VCKSS-COMPARATIVE-SCALING-RESULT-V4	first	295	scale_weak_d3_n1966080_c8_r1	e1514185445cab36f930c90a44c5a4e23326e027	fbed59bf26bd6cf641bec0946ff6d32cdfe992786852947c530678dd4c86a026	weak_d3	weak	3	1966080	655360	132673	8	4	4	4	8	8	1	104729	1	scc-mh4	Intel(R) Xeon(R) CPU E5-2650 v2 @ 2.60GHz	mata	PASS	0	0	0	2427.412	2439.86	7339.3	3.889			99.765	90.025	41.062	16.057	2283.72	7.289	923.272	1329.468	15.138	825.137	294.973	1308.862									15442198528	15442198528	15440412672	95249489724	8983135457	8983135457														5.70933278799e-11	1e-09	12.0	NONE							21.50096784173438	1.304173709404189	-0.0019311748784348	22.80127920138169	4.37044187509e-06	7.03542060769e-07	3.75267841084e-06	5.98921365493e-06	PASS
VCKSS-COMPARATIVE-SCALING-RESULT-V4	first	295	scale_weak_d3_n1966080_c8_r1	e1514185445cab36f930c90a44c5a4e23326e027	fbed59bf26bd6cf641bec0946ff6d32cdfe992786852947c530678dd4c86a026	weak_d3	weak	3	1966080	655360	132673	8	4	8	4	8	8	1	104729	2	scc-mh4	Intel(R) Xeon(R) CPU E5-2650 v2 @ 2.60GHz	rust	PASS	0	0	0	59.951	71.42	400.65000000000003	2.902															0.099562767	0.921685605	1.033302337	0.871706834	0.344012116	0.0	54.189332383	57.459602042	5490331648	5490331648	5515325440	95249489724	65453039168	65453039168	37013513590	467915792	8	8	1e-10	1e-06	0.558071797	0.016649449	2.886731587	21.414158463	19.24158632	13629	11228	6.50839354464e-06	1e-05	25.0	CMG_FULL_V2							21.50097535109133	1.304175463611378	-0.0019325932306534	22.80128562824141	4.23770018477e-06	6.7963149124e-07	3.77228879394e-06	5.63661422789e-06	PASS
VCKSS-COMPARATIVE-SCALING-RESULT-V4	first	295	scale_weak_d3_n1966080_c8_r1	e1514185445cab36f930c90a44c5a4e23326e027	fbed59bf26bd6cf641bec0946ff6d32cdfe992786852947c530678dd4c86a026	weak_d3	weak	3	1966080	655360	132673	8	4	8	4	8	8	1	104729	3	scc-mh4	Intel(R) Xeon(R) CPU E5-2650 v2 @ 2.60GHz	matlab	PASS	0	0	0	278.401985	893.77	1645.8700000000001	9.857874	231.95874	6.019872																					21862187008	21862187008	4468191232	95249489724																				True	41	41	5e-11	MAINTAINED_UPSTREAM_INTERNAL	MATLAB_TWISTER_SEED_PLUS_WORKER_INDEX	21.500981842466572	1.3041750246896933	-0.0019337961056984695	22.80128927494487					PASS
VCKSS-COMPARATIVE-SCALING-RESULT-V4	first	296	scale_weak_d3_n1966080_c8_r2	e1514185445cab36f930c90a44c5a4e23326e027	fbed59bf26bd6cf641bec0946ff6d32cdfe992786852947c530678dd4c86a026	weak_d3	weak	3	1966080	655360	132673	8	4	4	4	8	8	2	8675309	3	scc-sb2	Intel(R) Xeon(R) CPU E5-2650 v2 @ 2.60GHz	mata	PASS	0	0	0	2437.046	2450.18	7358.06	3.983			100.014	89.994	40.919	16.313	2293.213	7.312	926.944	1335.028	14.9	834.8410000000001	293.6469999999999	1308.761									15526719488	15526719488	15524872192	94589138502	8983135499	8983135499														5.71622918074e-11	1e-09	12.0	NONE							21.50096112932785	1.304171751265632	-0.001928795400306	22.80127528979287	4.23983879812e-06	6.98538579363e-07	3.72723226276e-06	5.80796356499e-06	PASS
VCKSS-COMPARATIVE-SCALING-RESULT-V4	first	296	scale_weak_d3_n1966080_c8_r2	e1514185445cab36f930c90a44c5a4e23326e027	fbed59bf26bd6cf641bec0946ff6d32cdfe992786852947c530678dd4c86a026	weak_d3	weak	3	1966080	655360	132673	8	4	8	4	8	8	2	8675309	1	scc-sb2	Intel(R) Xeon(R) CPU E5-2650 v2 @ 2.60GHz	rust	PASS	0	0	0	62.405	76.76	412.49	5.367															0.098287177	0.922635125	1.024154726	0.835448215	0.346785985	0.0	56.122920083	59.350231311	5658857472	5658857472	5657780224	94589138502	65453039168	65453039168	37013513590	467915792	8	8	1e-10	1e-06	0.584887625	0.016816423	2.927188713	21.954633711	19.93721433	13628	11227	7.41232535452e-06	1e-05	25.0	CMG_FULL_V2							21.50098063808329	1.304176514290328	-0.0019392945719978	22.80127856322963	3.82780359457e-06	6.62892928267e-07	3.85736264712e-06	6.7091606708e-06	PASS
VCKSS-COMPARATIVE-SCALING-RESULT-V4	first	296	scale_weak_d3_n1966080_c8_r2	e1514185445cab36f930c90a44c5a4e23326e027	fbed59bf26bd6cf641bec0946ff6d32cdfe992786852947c530678dd4c86a026	weak_d3	weak	3	1966080	655360	132673	8	4	8	4	8	8	2	8675309	2	scc-sb2	Intel(R) Xeon(R) CPU E5-2650 v2 @ 2.60GHz	matlab	PASS	0	0	0	295.109576	1058.41	1738.87	12.028465	253.939609	6.074879																					21398650880	21398650880	4427530240	94589138502																				True	41	41	5e-11	MAINTAINED_UPSTREAM_INTERNAL	MATLAB_TWISTER_SEED_PLUS_WORKER_INDEX	21.500983713113175	1.3041748856952178	-0.0019379991151260469	22.80128260057814					PASS
VCKSS-COMPARATIVE-SCALING-RESULT-V4	first	297	scale_weak_d3_n1966080_c8_r3	e1514185445cab36f930c90a44c5a4e23326e027	fbed59bf26bd6cf641bec0946ff6d32cdfe992786852947c530678dd4c86a026	weak_d3	weak	3	1966080	655360	132673	8	4	4	4	8	8	3	20260819	2	scc-tr2	Intel(R) Xeon(R) CPU E5-2680 v4 @ 2.40GHz	mata	PASS	0	0	0	2429.621	2443.51	7598.85	4.888			97.578	86.149	41.847	16.286	2286.802	7.26	907.996	1345.696	14.269	725.0129999999999	300.903	1406.81									15480631296	15480631296	15478497280	95098092127	8983135508	8983135508														5.68761678924e-11	1e-09	12.0	NONE							21.50097624249695	1.304170472117338	-0.001935517724773	22.80127567916474	4.01242310273e-06	6.8829496748e-07	3.77443775449e-06	6.46217842752e-06	PASS
VCKSS-COMPARATIVE-SCALING-RESULT-V4	first	297	scale_weak_d3_n1966080_c8_r3	e1514185445cab36f930c90a44c5a4e23326e027	fbed59bf26bd6cf641bec0946ff6d32cdfe992786852947c530678dd4c86a026	weak_d3	weak	3	1966080	655360	132673	8	4	8	4	8	8	3	20260819	3	scc-tr2	Intel(R) Xeon(R) CPU E5-2680 v4 @ 2.40GHz	rust	PASS	0	0	0	63.925	76.08	406.84999999999997	3.531															0.108138787	1.010776564	1.476667204	0.97109707	0.392554477	0.0	57.678530321	61.637764423	5558059008	5558059008	5565444096	95098092127	65453039168	65453039168	37013513590	467915792	8	8	1e-10	1e-06	0.691641044	0.021406761	3.253214833	23.547266848	19.596046076	13624	11223	7.58463056884e-06	1e-05	25.0	CMG_FULL_V2							21.50097287910557	1.304174688233697	-0.0019386680635026	22.80127023121226	4.17452527497e-06	7.35965850472e-07	3.58703794625e-06	6.37321646568e-06	PASS
VCKSS-COMPARATIVE-SCALING-RESULT-V4	first	297	scale_weak_d3_n1966080_c8_r3	e1514185445cab36f930c90a44c5a4e23326e027	fbed59bf26bd6cf641bec0946ff6d32cdfe992786852947c530678dd4c86a026	weak_d3	weak	3	1966080	655360	132673	8	4	8	4	8	8	3	20260819	1	scc-tr2	Intel(R) Xeon(R) CPU E5-2680 v4 @ 2.40GHz	matlab	PASS	0	0	0	185.665017	659.28	1269.02	7.523193	243.466071	6.087631																					21536444416	21536444416	4226945024	95098092127																				True	41	41	5e-11	MAINTAINED_UPSTREAM_INTERNAL	MATLAB_TWISTER_SEED_PLUS_WORKER_INDEX	21.50097837066465	1.3041745299050143	-0.0019343720694519936	22.801284156430764					PASS
VCKSS-COMPARATIVE-SCALING-RESULT-V4	first	298	scale_weak_d3_n1966080_c16_r1	e1514185445cab36f930c90a44c5a4e23326e027	fbed59bf26bd6cf641bec0946ff6d32cdfe992786852947c530678dd4c86a026	weak_d3	weak	3	1966080	655360	132673	16	4	4	4	16	16	1	104729	1	scc-na4	Intel(R) Xeon(R) CPU E5-2650 v2 @ 2.60GHz	mata	PASS	0	0	0	2484.385	2496.96	7531.87	3.98			100.083	90.203	41.136	16.118	2340.282	7.373	942.403	1366.76	15.22	832.05	300.794	1354.886									14719029248	14719029248	14717095936	186217970795	8983135475	8983135475														5.70933278799e-11	1e-09	12.0	NONE							21.50096784173438	1.304173709404189	-0.0019311748784348	22.80127920138169	4.37044187509e-06	7.03542060769e-07	3.75267841084e-06	5.98921365493e-06	PASS
VCKSS-COMPARATIVE-SCALING-RESULT-V4	first	298	scale_weak_d3_n1966080_c16_r1	e1514185445cab36f930c90a44c5a4e23326e027	fbed59bf26bd6cf641bec0946ff6d32cdfe992786852947c530678dd4c86a026	weak_d3	weak	3	1966080	655360	132673	16	4	16	4	16	16	1	104729	2	scc-na4	Intel(R) Xeon(R) CPU E5-2650 v2 @ 2.60GHz	rust	PASS	0	0	0	43.767	57.23	454.93	3.767															0.09746251	0.931642821	1.050334029	0.894106714	0.35084567	0.0	37.953616315	41.278008059	5563043840	5563043840	5564030976	186217970795	88704063449	88704063449	37145360604	577788304	16	16	1e-10	1e-06	0.570660829	0.017393612	2.860158725	12.888115619	12.808900734	13629	11228	6.50839354464e-06	1e-05	25.0	CMG_FULL_V2							21.50097535109133	1.304175463611378	-0.0019325932306534	22.80128562824141	4.23770018477e-06	6.7963149124e-07	3.77228879394e-06	5.63661422789e-06	PASS
VCKSS-COMPARATIVE-SCALING-RESULT-V4	first	298	scale_weak_d3_n1966080_c16_r1	e1514185445cab36f930c90a44c5a4e23326e027	fbed59bf26bd6cf641bec0946ff6d32cdfe992786852947c530678dd4c86a026	weak_d3	weak	3	1966080	655360	132673	16	4	16	4	16	16	1	104729	3	scc-na4	Intel(R) Xeon(R) CPU E5-2650 v2 @ 2.60GHz	matlab	PASS	0	0	0	230.265377	472.24	2231.47	5.866595	70.011768	5.855571																					39025881088	39025881088	5256884224	186217970795																				True	41	41	5e-11	MAINTAINED_UPSTREAM_INTERNAL	MATLAB_TWISTER_SEED_PLUS_WORKER_INDEX	21.50098037949367	1.3041742997871835	-0.0019330741135470265	22.80128853105376					PASS
VCKSS-COMPARATIVE-SCALING-RESULT-V4	first	299	scale_weak_d3_n1966080_c16_r2	e1514185445cab36f930c90a44c5a4e23326e027	fbed59bf26bd6cf641bec0946ff6d32cdfe992786852947c530678dd4c86a026	weak_d3	weak	3	1966080	655360	132673	16	4	4	4	16	16	2	8675309	3	scc-sb5	Intel(R) Xeon(R) CPU E5-2650 v2 @ 2.60GHz	mata	PASS	0	0	0	2440.614	2453.24	7391.49	3.909			99.942	90.119	41.333	16.16	2296.427	7.314	925.819	1339.521	15.222	824.0340000000001	295.858	1321.458									15445417984	15445417984	15443468288	190918812500	8983135491	8983135491														5.71622918074e-11	1e-09	12.0	NONE							21.50096112932785	1.304171751265632	-0.001928795400306	22.80127528979287	4.23983879812e-06	6.98538579363e-07	3.72723226276e-06	5.80796356499e-06	PASS
VCKSS-COMPARATIVE-SCALING-RESULT-V4	first	299	scale_weak_d3_n1966080_c16_r2	e1514185445cab36f930c90a44c5a4e23326e027	fbed59bf26bd6cf641bec0946ff6d32cdfe992786852947c530678dd4c86a026	weak_d3	weak	3	1966080	655360	132673	16	4	16	4	16	16	2	8675309	1	scc-sb5	Intel(R) Xeon(R) CPU E5-2650 v2 @ 2.60GHz	rust	PASS	0	0	0	42.583	55.13	432.52	3.763															0.098178793	0.916343711	1.041925532	0.860381305	0.35279993	0.0	36.879356883	40.148986154	5604802560	5604802560	5602762752	190918812500	88704063449	88704063449	37145360604	577788304	16	16	1e-10	1e-06	0.573974055	0.016937394	2.765909264	12.921689044	12.022015485	13628	11227	7.41232535452e-06	1e-05	25.0	CMG_FULL_V2							21.50098063808329	1.304176514290328	-0.0019392945719978	22.80127856322963	3.82780359457e-06	6.62892928267e-07	3.85736264712e-06	6.7091606708e-06	PASS
VCKSS-COMPARATIVE-SCALING-RESULT-V4	first	299	scale_weak_d3_n1966080_c16_r2	e1514185445cab36f930c90a44c5a4e23326e027	fbed59bf26bd6cf641bec0946ff6d32cdfe992786852947c530678dd4c86a026	weak_d3	weak	3	1966080	655360	132673	16	4	16	4	16	16	2	8675309	2	scc-sb5	Intel(R) Xeon(R) CPU E5-2650 v2 @ 2.60GHz	matlab	PASS	0	0	0	218.408292	816.68	2159.42	6.667394	328.437174	6.554624																					43417960448	43417960448	7214104576	190918812500																				True	41	41	5e-11	MAINTAINED_UPSTREAM_INTERNAL	MATLAB_TWISTER_SEED_PLUS_WORKER_INDEX	21.500982274163317	1.3041758144423399	-0.0019383360984426639	22.80128141640877					PASS
VCKSS-COMPARATIVE-SCALING-RESULT-V4	first	300	scale_weak_d3_n1966080_c16_r3	e1514185445cab36f930c90a44c5a4e23326e027	fbed59bf26bd6cf641bec0946ff6d32cdfe992786852947c530678dd4c86a026	weak_d3	weak	3	1966080	655360	132673	16	4	4	4	16	16	3	20260819	2	scc-ne4	Intel(R) Xeon(R) CPU E5-2650 v2 @ 2.60GHz	mata	PASS	0	0	0	2435.536	2448.59	7379.2699999999995	4.126			99.559	89.771	40.982	16.027	2292.165	7.312	925.188	1336.082	15.047	825.208	294.8	1316.778									15369502720	15369502720	15367528448	186329639945	8983135495	8983135495														5.68761678924e-11	1e-09	12.0	NONE							21.50097624249695	1.304170472117338	-0.001935517724773	22.80127567916474	4.01242310273e-06	6.8829496748e-07	3.77443775449e-06	6.46217842752e-06	PASS
VCKSS-COMPARATIVE-SCALING-RESULT-V4	first	300	scale_weak_d3_n1966080_c16_r3	e1514185445cab36f930c90a44c5a4e23326e027	fbed59bf26bd6cf641bec0946ff6d32cdfe992786852947c530678dd4c86a026	weak_d3	weak	3	1966080	655360	132673	16	4	16	4	16	16	3	20260819	3	scc-ne4	Intel(R) Xeon(R) CPU E5-2650 v2 @ 2.60GHz	rust	PASS	0	0	0	42.223	54.81	428.75	3.678															0.101942129	0.931446431	1.023148666	0.87109896	0.342559492	0.0	36.547720448	39.817916126	5593468928	5593468928	5593534464	186329639945	88704063449	88704063449	37145360604	577788304	16	16	1e-10	1e-06	0.563535052	0.016642188	2.772556827	12.593009053	11.905010093	13624	11223	7.58463056884e-06	1e-05	25.0	CMG_FULL_V2							21.50097287910557	1.304174688233697	-0.0019386680635026	22.80127023121226	4.17452527497e-06	7.35965850472e-07	3.58703794625e-06	6.37321646568e-06	PASS
VCKSS-COMPARATIVE-SCALING-RESULT-V4	first	300	scale_weak_d3_n1966080_c16_r3	e1514185445cab36f930c90a44c5a4e23326e027	fbed59bf26bd6cf641bec0946ff6d32cdfe992786852947c530678dd4c86a026	weak_d3	weak	3	1966080	655360	132673	16	4	16	4	16	16	3	20260819	1	scc-ne4	Intel(R) Xeon(R) CPU E5-2650 v2 @ 2.60GHz	matlab	PASS	0	0	0	223.418961	455.22	2105.7200000000003	6.618382	133.902201	5.890638																					39009656832	39009656832	5264318464	186329639945																				True	41	41	5e-11	MAINTAINED_UPSTREAM_INTERNAL	MATLAB_TWISTER_SEED_PLUS_WORKER_INDEX	21.500982270129754	1.3041753572558876	-0.0019355001742834541	22.801286627037072					PASS
