generation_source_commit	generation_bundle_sha256	attempt_id	task_id	experiment_id	jobnumber	taskid	hostname	cpu_model	task_start_utc	task_end_utc	task_start_epoch	task_end_epoch	overlapping_own_tasks	own_array_overlap_seconds	maximum_own_array_concurrency	qacct_wall_seconds	qacct_cpu_seconds	qacct_maxvmem_bytes	validation_sha256
ca162022833c3d6e6906c11cf4860baf0d52fd86	02d6eb6ffc96e0eb7eea1252605663e3e206c6ce177f3cf7f0e860c2b25f40f9	repair-full	1	scale_strong_d2_n7680_c1_r1	7358890	1	scc-ei3.scc.bu.edu	Intel(R) Xeon(R) Gold 6226R CPU @ 2.90GHz	2026-08-29T08:19:34.525591795Z	2026-08-29T08:22:10.062944243Z	1787991574.5235245	1787991730.060184	0	0.0	1	156.0	84.103	18890339910	6f4078ca3ce7948b3cbb43a6c9b4d1144b02d15497a29f12aae373088b57dfae
ca162022833c3d6e6906c11cf4860baf0d52fd86	02d6eb6ffc96e0eb7eea1252605663e3e206c6ce177f3cf7f0e860c2b25f40f9	repair-full	2	scale_strong_d2_n7680_c1_r2	7358890	2	scc-pf4.scc.bu.edu	Intel(R) Xeon(R) CPU E5-2650 v2 @ 2.60GHz	2026-08-29T08:19:34.909100010Z	2026-08-29T08:23:25.645772006Z	1787991574.9077754	1787991805.644182	0	0.0	1	231.0	114.882	18911814747	8d664a09dc4aeec69d7e84ad31c77638f3838f4baeef8b7defb04a843fdff22e
ca162022833c3d6e6906c11cf4860baf0d52fd86	02d6eb6ffc96e0eb7eea1252605663e3e206c6ce177f3cf7f0e860c2b25f40f9	repair-full	3	scale_strong_d2_n7680_c1_r3	7358890	3	scc-ph4.scc.bu.edu	Intel(R) Xeon(R) CPU E5-2650 v2 @ 2.60GHz	2026-08-29T08:19:34.669564523Z	2026-08-29T08:23:24.094913626Z	1787991574.6682427	1787991804.0932784	0	0.0	1	230.0	117.747	18825915401	1ddb553cf7b479ba5ee1ca57d84a9121aa16abda292143e29a8659d53c75ac68
e1514185445cab36f930c90a44c5a4e23326e027	fbed59bf26bd6cf641bec0946ff6d32cdfe992786852947c530678dd4c86a026	first	4	scale_strong_d2_n7680_c2_r1	7354867	4	scc-mf4.scc.bu.edu	Intel(R) Xeon(R) CPU E5-2650 v2 @ 2.60GHz	2026-08-28T23:57:37.810056582Z	2026-08-29T00:03:51.824227708Z	1787961457.8088353	1787961831.8226583	0	0.0	1	374.0	175.96	29293824443	47c147625ff9076e7052351174788f170a7dc575cb7d64c22cdefdd40b789cb9
e1514185445cab36f930c90a44c5a4e23326e027	fbed59bf26bd6cf641bec0946ff6d32cdfe992786852947c530678dd4c86a026	first	5	scale_strong_d2_n7680_c2_r2	7354867	5	scc-mc6.scc.bu.edu	Intel(R) Xeon(R) CPU E5-2650 v2 @ 2.60GHz	2026-08-28T23:58:39.301336181Z	2026-08-29T00:08:57.265536439Z	1787961519.3000815	1787962137.2639995	0	0.0	1	618.0	204.127	29823179162	2b94a229e8aef358976951ebc76851c13bef605d97d1f1248b0b0b23a20b029e
e1514185445cab36f930c90a44c5a4e23326e027	fbed59bf26bd6cf641bec0946ff6d32cdfe992786852947c530678dd4c86a026	first	6	scale_strong_d2_n7680_c2_r3	7354867	6	scc-nd7.scc.bu.edu	Intel(R) Xeon(R) CPU E5-2650 v2 @ 2.60GHz	2026-08-28T23:58:39.310265305Z	2026-08-29T00:08:59.042128443Z	1787961519.3089814	1787962139.040516	0	0.0	1	620.0	214.443	29675002790	6ebd9e5ecf1c59d4e03d1e50b8b0fc8bf1366c64017acd43d6e1c202471b0a7a
e1514185445cab36f930c90a44c5a4e23326e027	fbed59bf26bd6cf641bec0946ff6d32cdfe992786852947c530678dd4c86a026	first	7	scale_strong_d2_n7680_c4_r1	7354867	7	scc-na8.scc.bu.edu	Intel(R) Xeon(R) CPU E5-2650 v2 @ 2.60GHz	2026-08-28T23:58:39.281745984Z	2026-08-29T00:08:59.534343729Z	1787961519.2804742	1787962139.5328166	0	0.0	1	620.0	302.406	49641232008	83ae57dc6977f480504fa1fa26cd587bbf35b838b1298b7f352254b45ec122cf
e1514185445cab36f930c90a44c5a4e23326e027	fbed59bf26bd6cf641bec0946ff6d32cdfe992786852947c530678dd4c86a026	first	8	scale_strong_d2_n7680_c4_r2	7354867	8	scc-gm2.scc.bu.edu	Intel(R) Xeon(R) Gold 6242 CPU @ 2.80GHz	2026-08-29T00:00:40.554092520Z	2026-08-29T00:13:00.600595777Z	1787961640.5523157	1787962380.5982525	0	0.0	1	740.0	304.938	50022410355	a28de7803e7fdf7d3c64fcaabd6b32cad3a243b3bd4e0bdada0a4413b2e5dcde
e1514185445cab36f930c90a44c5a4e23326e027	fbed59bf26bd6cf641bec0946ff6d32cdfe992786852947c530678dd4c86a026	first	9	scale_strong_d2_n7680_c4_r3	7354867	9	scc-tg3.scc.bu.edu	Intel(R) Xeon(R) CPU E5-2660 v3 @ 2.60GHz	2026-08-29T00:02:34.255317894Z	2026-08-29T00:13:13.904270827Z	1787961754.2530854	1787962393.901371	0	0.0	1	640.0	485.283	49568217564	fada4c2ce655cad587a3b434fd965ea3cf1cc22ac61453403964ee7733c2257b
e1514185445cab36f930c90a44c5a4e23326e027	fbed59bf26bd6cf641bec0946ff6d32cdfe992786852947c530678dd4c86a026	first	10	scale_strong_d2_n7680_c8_r1	7354867	10	scc-eg1.scc.bu.edu	Intel(R) Xeon(R) Gold 6226R CPU @ 2.90GHz	2026-08-29T00:05:05.070402817Z	2026-08-29T00:12:56.845515735Z	1787961905.0682693	1787962376.842434	0	0.0	1	472.0	450.124	90127741223	26ff93a0a42ee9946f7749ae160ef36f34c90efb9b539bdb361ee30e8ae46a51
e1514185445cab36f930c90a44c5a4e23326e027	fbed59bf26bd6cf641bec0946ff6d32cdfe992786852947c530678dd4c86a026	first	11	scale_strong_d2_n7680_c8_r2	7354867	11	scc-mf4.scc.bu.edu	Intel(R) Xeon(R) CPU E5-2650 v2 @ 2.60GHz	2026-08-29T00:05:04.970073433Z	2026-08-29T00:13:05.441240535Z	1787961904.9687974	1787962385.439671	0	0.0	1	481.0	453.938	90089086518	0e6bd2e3a970c9a1605d411c537bdfb94844adb4920487a664815b93f6a9b30f
e1514185445cab36f930c90a44c5a4e23326e027	fbed59bf26bd6cf641bec0946ff6d32cdfe992786852947c530678dd4c86a026	first	12	scale_strong_d2_n7680_c8_r3	7354867	12	scc-kc1.scc.bu.edu	Intel(R) Xeon(R) Gold 6426Y	2026-08-29T00:06:11.869524293Z	2026-08-29T00:13:00.003860492Z	1787961971.8687322	1787962380.0026736	0	0.0	1	409.0	266.9	89081916687	1ffd25c6ab79697be8afe374e776d29cb610aac0f09fcab54309d6db32f62de0
e1514185445cab36f930c90a44c5a4e23326e027	fbed59bf26bd6cf641bec0946ff6d32cdfe992786852947c530678dd4c86a026	first	13	scale_strong_d2_n7680_c16_r1	7354867	13	scc-ke1.scc.bu.edu	Intel(R) Xeon(R) Gold 6426Y	2026-08-29T00:06:11.871324289Z	2026-08-29T00:12:54.515968055Z	1787961971.8702226	1787962374.514654	0	0.0	1	403.0	477.518	177046068134	879427cc33ab94669d315c7ca65f83a8b55578b9b5f5b2d680e3fb60f12bdce7
e1514185445cab36f930c90a44c5a4e23326e027	fbed59bf26bd6cf641bec0946ff6d32cdfe992786852947c530678dd4c86a026	first	14	scale_strong_d2_n7680_c16_r2	7354867	14	scc-tg4.scc.bu.edu	Intel(R) Xeon(R) CPU E5-2660 v3 @ 2.60GHz	2026-08-29T00:07:06.647509322Z	2026-08-29T00:16:56.391865469Z	1787962026.6449983	1787962616.3892035	0	0.0	1	590.0	1088.983	178735064024	b005ef7a236be13e23404f1222c9e37bffafbcb98f2b28ed2cdf7d65dc9829b9
e1514185445cab36f930c90a44c5a4e23326e027	fbed59bf26bd6cf641bec0946ff6d32cdfe992786852947c530678dd4c86a026	first	15	scale_strong_d2_n7680_c16_r3	7354867	15	scc-sc5.scc.bu.edu	Intel(R) Xeon(R) CPU E5-2650 v2 @ 2.60GHz	2026-08-29T00:07:06.377289494Z	2026-08-29T00:17:07.969532844Z	1787962026.3760817	1787962627.9680088	0	0.0	1	602.0	871.185	176289080148	539690056f7875988d2a2c9b8cfbc0012549201d35fc4adbd78cc9be6893fbd8
ca162022833c3d6e6906c11cf4860baf0d52fd86	02d6eb6ffc96e0eb7eea1252605663e3e206c6ce177f3cf7f0e860c2b25f40f9	repair-full	16	scale_strong_d2_n30720_c1_r1	7358890	16	scc-kc1.scc.bu.edu	Intel(R) Xeon(R) Gold 6426Y	2026-08-29T08:19:34.368735723Z	2026-08-29T08:22:06.793747065Z	1787991574.3679168	1787991726.7925222	0	0.0	1	152.0	54.77	18959059387	ece28a335a2a96d5e8de1f3302cee5cf15999f59797eda561ca7daaa32636ece
ca162022833c3d6e6906c11cf4860baf0d52fd86	02d6eb6ffc96e0eb7eea1252605663e3e206c6ce177f3cf7f0e860c2b25f40f9	repair-full	17	scale_strong_d2_n30720_c1_r2	7358890	17	scc-ke1.scc.bu.edu	Intel(R) Xeon(R) Gold 6426Y	2026-08-29T08:19:34.371577792Z	2026-08-29T08:22:17.613325658Z	1787991574.3708007	1787991737.6121132	0	0.0	1	163.0	60.067	18908593521	6366f9304739cb81d93adf5a20603a66b3d3fbb09861c897e5e390804fb5a1c4
ca162022833c3d6e6906c11cf4860baf0d52fd86	02d6eb6ffc96e0eb7eea1252605663e3e206c6ce177f3cf7f0e860c2b25f40f9	repair-full	18	scale_strong_d2_n30720_c1_r3	7358890	18	scc-sb8.scc.bu.edu	Intel(R) Xeon(R) CPU E5-2650 v2 @ 2.60GHz	2026-08-29T08:19:34.512735796Z	2026-08-29T08:22:56.542649372Z	1787991574.5114367	1787991776.5411203	0	0.0	1	202.0	132.319	18712098767	a30333d112d3f4f65e4264995773df74467f2fbb4048ee215dc3b5fce4228150
e1514185445cab36f930c90a44c5a4e23326e027	fbed59bf26bd6cf641bec0946ff6d32cdfe992786852947c530678dd4c86a026	first	19	scale_strong_d2_n30720_c2_r1	7354867	19	scc-mh4.scc.bu.edu	Intel(R) Xeon(R) CPU E5-2650 v2 @ 2.60GHz	2026-08-29T00:12:05.444778935Z	2026-08-29T00:18:35.500484523Z	1787962325.4435282	1787962715.4990275	0	0.0	1	390.0	217.338	29822105420	fa47f16701beffca4ac700a46d3d6dda329d4832872773fa824b3efa6c1b7482
e1514185445cab36f930c90a44c5a4e23326e027	fbed59bf26bd6cf641bec0946ff6d32cdfe992786852947c530678dd4c86a026	first	20	scale_strong_d2_n30720_c2_r2	7354867	20	scc-mf8.scc.bu.edu	Intel(R) Xeon(R) CPU E5-2650 v2 @ 2.60GHz	2026-08-29T00:13:07.217208425Z	2026-08-29T00:20:59.308904836Z	1787962387.2159302	1787962859.3072891	0	0.0	1	472.0	233.932	29707215045	46db5d792ed5fb0a096a66b2c05f6cc5fd6eb9e1dea09c9e3e2769ea69f5d722
e1514185445cab36f930c90a44c5a4e23326e027	fbed59bf26bd6cf641bec0946ff6d32cdfe992786852947c530678dd4c86a026	first	21	scale_strong_d2_n30720_c2_r3	7354867	21	scc-eg1.scc.bu.edu	Intel(R) Xeon(R) Gold 6226R CPU @ 2.90GHz	2026-08-29T00:14:07.178602299Z	2026-08-29T00:18:49.049472912Z	1787962447.1760688	1787962729.046439	0	0.0	1	283.0	191.288	29606283314	56b3b8497480383783a809db21909fe3325834102870a932804137615f2fece0
e1514185445cab36f930c90a44c5a4e23326e027	fbed59bf26bd6cf641bec0946ff6d32cdfe992786852947c530678dd4c86a026	first	22	scale_strong_d2_n30720_c4_r1	7354867	22	scc-kc1.scc.bu.edu	Intel(R) Xeon(R) Gold 6426Y	2026-08-29T00:14:06.974991827Z	2026-08-29T00:19:48.324246977Z	1787962446.974094	1787962788.3228972	0	0.0	1	342.0	193.696	48639430886	0fe61fd494bbfc9e9f59fbed392d1e6b2afcf042cc892de37c5d8a235e4fa2c1
e1514185445cab36f930c90a44c5a4e23326e027	fbed59bf26bd6cf641bec0946ff6d32cdfe992786852947c530678dd4c86a026	first	23	scale_strong_d2_n30720_c4_r2	7354867	23	scc-gm2.scc.bu.edu	Intel(R) Xeon(R) Gold 6242 CPU @ 2.80GHz	2026-08-29T00:14:07.287851782Z	2026-08-29T00:20:03.489623257Z	1787962447.28567	1787962803.486965	0	0.0	1	357.0	292.108	48975512077	1d19b2c3c57c1198295d4e91b564826cda6fc692f9082111f9d86fff0bedc93e
e1514185445cab36f930c90a44c5a4e23326e027	fbed59bf26bd6cf641bec0946ff6d32cdfe992786852947c530678dd4c86a026	first	24	scale_strong_d2_n30720_c4_r3	7354867	24	scc-ke1.scc.bu.edu	Intel(R) Xeon(R) Gold 6426Y	2026-08-29T00:14:06.980926006Z	2026-08-29T00:20:00.903873021Z	1787962446.979978	1787962800.902823	0	0.0	1	354.0	192.045	48373142914	032b8ffacbe5ed92a22ae7e9c2c47e2620fa60c98d0e37fbba29d63185f2fb8a
e1514185445cab36f930c90a44c5a4e23326e027	fbed59bf26bd6cf641bec0946ff6d32cdfe992786852947c530678dd4c86a026	first	25	scale_strong_d2_n30720_c8_r1	7354867	25	scc-mf4.scc.bu.edu	Intel(R) Xeon(R) CPU E5-2650 v2 @ 2.60GHz	2026-08-29T00:14:07.056269248Z	2026-08-29T00:21:54.350728946Z	1787962447.0549402	1787962914.349103	0	0.0	1	468.0	518.226	89873264411	30d198e61159f390da7f8927d3c65375745103ab4cd1a2eb008f8336b58e85bc
e1514185445cab36f930c90a44c5a4e23326e027	fbed59bf26bd6cf641bec0946ff6d32cdfe992786852947c530678dd4c86a026	first	26	scale_strong_d2_n30720_c8_r2	7354867	26	scc-ph1.scc.bu.edu	Intel(R) Xeon(R) CPU E5-2650 v2 @ 2.60GHz	2026-08-29T00:15:12.880647153Z	2026-08-29T00:23:50.680900115Z	1787962512.879443	1787963030.6792934	0	0.0	1	518.0	518.531	89457726325	a1ecf51bcd756be3be1a1aac0ff2e51fd57caa6b9db42ef231a1d06a56084306
e1514185445cab36f930c90a44c5a4e23326e027	fbed59bf26bd6cf641bec0946ff6d32cdfe992786852947c530678dd4c86a026	first	27	scale_strong_d2_n30720_c8_r3	7354867	27	scc-eb2.scc.bu.edu	Intel(R) Xeon(R) Gold 6242 CPU @ 2.80GHz	2026-08-29T00:15:12.992461848Z	2026-08-29T00:18:43.830893651Z	1787962512.9905758	1787962723.8282063	0	0.0	1	211.0	382.877	90009629623	4f617321fb7729c072917d3444cb139ca9c3b5c970e31c749245089364a37e33
e1514185445cab36f930c90a44c5a4e23326e027	fbed59bf26bd6cf641bec0946ff6d32cdfe992786852947c530678dd4c86a026	first	28	scale_strong_d2_n30720_c16_r1	7354867	28	scc-mf5.scc.bu.edu	Intel(R) Xeon(R) CPU E5-2650 v2 @ 2.60GHz	2026-08-29T00:17:16.304680972Z	2026-08-29T00:23:18.676248029Z	1787962636.3034086	1787962998.6746175	0	0.0	1	362.0	840.849	178128399893	a38d283b38c958b7b36d139f26026e768d47efd377177283d021ac0f99b7a551
e1514185445cab36f930c90a44c5a4e23326e027	fbed59bf26bd6cf641bec0946ff6d32cdfe992786852947c530678dd4c86a026	first	29	scale_strong_d2_n30720_c16_r2	7354867	29	scc-pg4.scc.bu.edu	Intel(R) Xeon(R) CPU E5-2650 v2 @ 2.60GHz	2026-08-29T00:18:12.000373563Z	2026-08-29T00:28:33.402238647Z	1787962691.9991107	1787963313.400627	0	0.0	1	622.0	932.344	176154862420	2da7641fcb0f128a4be1b8d79ccd924025d7f39c22c692a59fedbdb3aef5f2ba
e1514185445cab36f930c90a44c5a4e23326e027	fbed59bf26bd6cf641bec0946ff6d32cdfe992786852947c530678dd4c86a026	first	30	scale_strong_d2_n30720_c16_r3	7354867	30	scc-sc5.scc.bu.edu	Intel(R) Xeon(R) CPU E5-2650 v2 @ 2.60GHz	2026-08-29T00:18:12.266253506Z	2026-08-29T00:23:07.940913545Z	1787962692.2650123	1787962987.9393249	0	0.0	1	296.0	841.543	176926882792	b9316114c1818208488abc4ddbb8186fd91d3bde6922c73e77f35f27e408a5a9
ca162022833c3d6e6906c11cf4860baf0d52fd86	02d6eb6ffc96e0eb7eea1252605663e3e206c6ce177f3cf7f0e860c2b25f40f9	repair-full	31	scale_strong_d2_n122880_c1_r1	7358890	31	scc-sb4.scc.bu.edu	Intel(R) Xeon(R) CPU E5-2650 v2 @ 2.60GHz	2026-08-29T08:19:34.478014047Z	2026-08-29T08:26:36.189793958Z	1787991574.4767559	1787991996.188228	0	0.0	1	422.0	356.811	18956911903	230ba3be0517ab8de6938371363c1037fdae3ddea18a85c4f16d0f1f19078f02
ca162022833c3d6e6906c11cf4860baf0d52fd86	02d6eb6ffc96e0eb7eea1252605663e3e206c6ce177f3cf7f0e860c2b25f40f9	repair-full	32	scale_strong_d2_n122880_c1_r2	7358890	32	scc-sb7.scc.bu.edu	Intel(R) Xeon(R) CPU E5-2650 v2 @ 2.60GHz	2026-08-29T08:19:34.483295521Z	2026-08-29T08:26:07.145947032Z	1787991574.482075	1787991967.1446104	0	0.0	1	393.0	349.672	19039590024	8b880b1abc34a35290033102f4da7edab27ba04eb967e3ba2fb11b6028c62b73
ca162022833c3d6e6906c11cf4860baf0d52fd86	02d6eb6ffc96e0eb7eea1252605663e3e206c6ce177f3cf7f0e860c2b25f40f9	repair-full	33	scale_strong_d2_n122880_c1_r3	7358890	33	scc-sb6.scc.bu.edu	Intel(R) Xeon(R) CPU E5-2650 v2 @ 2.60GHz	2026-08-29T08:19:34.476419400Z	2026-08-29T08:27:57.512878671Z	1787991574.4752	1787992077.5112724	0	0.0	1	503.0	366.371	19177028977	22a3e721c8f0e901618da5315cb6641628efdcc5bbb20eb9ec956741b9ba384b
e1514185445cab36f930c90a44c5a4e23326e027	fbed59bf26bd6cf641bec0946ff6d32cdfe992786852947c530678dd4c86a026	first	34	scale_strong_d2_n122880_c2_r1	7354867	34	scc-gm2.scc.bu.edu	Intel(R) Xeon(R) Gold 6242 CPU @ 2.80GHz	2026-08-29T00:20:06.780593396Z	2026-08-29T00:27:42.643029962Z	1787962806.778316	1787963262.6402485	1	369.8184652328491	2	456.0	396.928	28856811520	c3fe1a97433fda4830b6294d62776b003a3575582754ac5e8e48999f30d191b2
e1514185445cab36f930c90a44c5a4e23326e027	fbed59bf26bd6cf641bec0946ff6d32cdfe992786852947c530678dd4c86a026	first	35	scale_strong_d2_n122880_c2_r2	7354867	35	scc-mh4.scc.bu.edu	Intel(R) Xeon(R) CPU E5-2650 v2 @ 2.60GHz	2026-08-29T00:20:06.768671194Z	2026-08-29T00:25:10.896351718Z	1787962806.767378	1787963110.8947375	0	0.0	1	304.0	471.248	30050812429	2046e69b5e6740adc58d253b4e275b221c51cbf32f9edd6b029043d49bb93299
e1514185445cab36f930c90a44c5a4e23326e027	fbed59bf26bd6cf641bec0946ff6d32cdfe992786852947c530678dd4c86a026	first	36	scale_strong_d2_n122880_c2_r3	7354867	36	scc-kc1.scc.bu.edu	Intel(R) Xeon(R) Gold 6426Y	2026-08-29T00:21:09.122447943Z	2026-08-29T00:28:10.926758706Z	1787962869.1214476	1787963290.92543	0	0.0	1	422.0	245.373	29941290763	d2c330b57b9b81b300c7a30249c1cbec683789c1a044550cb9790a9e2ef6b44d
e1514185445cab36f930c90a44c5a4e23326e027	fbed59bf26bd6cf641bec0946ff6d32cdfe992786852947c530678dd4c86a026	first	37	scale_strong_d2_n122880_c4_r1	7354867	37	scc-gm2.scc.bu.edu	Intel(R) Xeon(R) Gold 6242 CPU @ 2.80GHz	2026-08-29T00:21:09.227428658Z	2026-08-29T00:27:19.046461766Z	1787962869.2252727	1787963239.043738	1	369.8184652328491	2	371.0	570.587	49476949509	2b8007b1c926073c8012ea1cb13aa49f0c15df5ca1dc1225f570c27aed763d41
e1514185445cab36f930c90a44c5a4e23326e027	fbed59bf26bd6cf641bec0946ff6d32cdfe992786852947c530678dd4c86a026	first	38	scale_strong_d2_n122880_c4_r2	7354867	38	scc-ke1.scc.bu.edu	Intel(R) Xeon(R) Gold 6426Y	2026-08-29T00:21:09.121825175Z	2026-08-29T00:27:48.259392159Z	1787962869.1208878	1787963268.258087	0	0.0	1	400.0	377.324	49548890211	9d3a33aa74cba4f0e8483ced5f5107052d72abf630caa26404a1776d23c7ec41
e1514185445cab36f930c90a44c5a4e23326e027	fbed59bf26bd6cf641bec0946ff6d32cdfe992786852947c530678dd4c86a026	first	39	scale_strong_d2_n122880_c4_r3	7354867	39	scc-mf8.scc.bu.edu	Intel(R) Xeon(R) CPU E5-2650 v2 @ 2.60GHz	2026-08-29T00:22:11.579872613Z	2026-08-29T00:28:20.754050668Z	1787962931.5786414	1787963300.7524145	0	0.0	1	369.0	742.26	49927921075	214551148ae53fe60c91fd8edf00b21603fee858c516d0f5dce6599574ad25d7
e1514185445cab36f930c90a44c5a4e23326e027	fbed59bf26bd6cf641bec0946ff6d32cdfe992786852947c530678dd4c86a026	first	40	scale_strong_d2_n122880_c8_r1	7354867	40	scc-mf4.scc.bu.edu	Intel(R) Xeon(R) CPU E5-2650 v2 @ 2.60GHz	2026-08-29T00:23:08.357086430Z	2026-08-29T00:31:08.457643252Z	1787962988.3558352	1787963468.456056	0	0.0	1	480.0	952.082	89975269884	5eba9dbca94a83887f187b030a943d0c5935f0089e73dec4acee1af67b8cd320
e1514185445cab36f930c90a44c5a4e23326e027	fbed59bf26bd6cf641bec0946ff6d32cdfe992786852947c530678dd4c86a026	first	41	scale_strong_d2_n122880_c8_r2	7354867	41	scc-sc5.scc.bu.edu	Intel(R) Xeon(R) CPU E5-2650 v2 @ 2.60GHz	2026-08-29T00:24:10.399314406Z	2026-08-29T00:30:51.919281761Z	1787963050.3980649	1787963451.917605	0	0.0	1	401.0	944.471	89489938580	6406f8d79b1085e2fad2bd64216c95c8d86df7679a97c5fabbe12bec4be442b2
e1514185445cab36f930c90a44c5a4e23326e027	fbed59bf26bd6cf641bec0946ff6d32cdfe992786852947c530678dd4c86a026	first	42	scale_strong_d2_n122880_c8_r3	7354867	42	scc-sc4.scc.bu.edu	Intel(R) Xeon(R) CPU E5-2650 v2 @ 2.60GHz	2026-08-29T00:24:10.424530370Z	2026-08-29T00:34:52.746207826Z	1787963050.4233348	1787963692.744658	0	0.0	1	642.0	990.69	89701465719	578a97cbd4f676e3d9f24c775e30690a22d65fc4982a8203e2f4a8ddd6a175b8
e1514185445cab36f930c90a44c5a4e23326e027	fbed59bf26bd6cf641bec0946ff6d32cdfe992786852947c530678dd4c86a026	first	43	scale_strong_d2_n122880_c16_r1	7354867	43	scc-ph1.scc.bu.edu	Intel(R) Xeon(R) CPU E5-2650 v2 @ 2.60GHz	2026-08-29T00:25:11.172409520Z	2026-08-29T00:33:19.085853039Z	1787963111.1711264	1787963599.0843813	0	0.0	1	489.0	1322.021	176764747776	82dd6e941f2348a9159c4e8b1f4b0da355d8a99f60ee3da84ec601acec684802
e1514185445cab36f930c90a44c5a4e23326e027	fbed59bf26bd6cf641bec0946ff6d32cdfe992786852947c530678dd4c86a026	first	44	scale_strong_d2_n122880_c16_r2	7354867	44	scc-eg1.scc.bu.edu	Intel(R) Xeon(R) Gold 6226R CPU @ 2.90GHz	2026-08-29T00:25:11.309755610Z	2026-08-29T00:33:48.681986549Z	1787963111.3073936	1787963628.6790326	0	0.0	1	517.0	1198.006	178437637538	8e725780097c5f2b1946d98347d3abb2e4340b29cc7ef60bacc6a99462374581
e1514185445cab36f930c90a44c5a4e23326e027	fbed59bf26bd6cf641bec0946ff6d32cdfe992786852947c530678dd4c86a026	first	45	scale_strong_d2_n122880_c16_r3	7354867	45	scc-eb2.scc.bu.edu	Intel(R) Xeon(R) Gold 6242 CPU @ 2.80GHz	2026-08-29T00:25:11.321957044Z	2026-08-29T00:33:50.443578346Z	1787963111.3205073	1787963630.4411483	0	0.0	1	519.0	1134.7	178577223975	810d0a353be00af286aa0f4d6412d63088428e5c0b291f8ff2c64647a41c7595
ca162022833c3d6e6906c11cf4860baf0d52fd86	02d6eb6ffc96e0eb7eea1252605663e3e206c6ce177f3cf7f0e860c2b25f40f9	repair-full	46	scale_strong_d2_n491520_c1_r1	7358890	46	scc-sb1.scc.bu.edu	Intel(R) Xeon(R) CPU E5-2650 v2 @ 2.60GHz	2026-08-29T08:19:34.478768669Z	2026-08-29T09:04:35.899931513Z	1787991574.4774332	1787994275.898364	0	0.0	1	2701.0	2917.286	19527068812	9a0a2a5a7640d23c86e89da85b8721eecc8bf3e1f4e9dc4c7e0b6bb880c09868
ca162022833c3d6e6906c11cf4860baf0d52fd86	02d6eb6ffc96e0eb7eea1252605663e3e206c6ce177f3cf7f0e860c2b25f40f9	repair-full	47	scale_strong_d2_n491520_c1_r2	7358890	47	scc-sa6.scc.bu.edu	Intel(R) Xeon(R) CPU E5-2650 v2 @ 2.60GHz	2026-08-29T08:19:34.484657118Z	2026-08-29T09:02:52.784841078Z	1787991574.4833515	1787994172.7833393	0	0.0	1	2598.0	2898.39	19339163993	c8d3ab278e68a91ba4faa08748633ff6cf707738272302aaba20ee0c9abcde6c
ca162022833c3d6e6906c11cf4860baf0d52fd86	02d6eb6ffc96e0eb7eea1252605663e3e206c6ce177f3cf7f0e860c2b25f40f9	repair-full	48	scale_strong_d2_n491520_c1_r3	7358890	48	scc-sb5.scc.bu.edu	Intel(R) Xeon(R) CPU E5-2650 v2 @ 2.60GHz	2026-08-29T08:20:07.089628716Z	2026-08-29T09:03:28.962666892Z	1787991607.0883806	1787994208.9610205	0	0.0	1	2603.0	2847.035	19405735986	edf818bfbb794711a68d856b607cd27fc5610e36c57899917afa64af87cc2589
e1514185445cab36f930c90a44c5a4e23326e027	fbed59bf26bd6cf641bec0946ff6d32cdfe992786852947c530678dd4c86a026	first	49	scale_strong_d2_n491520_c2_r1	7354867	49	scc-te2.scc.bu.edu	Intel(R) Xeon(R) CPU E5-2660 v3 @ 2.60GHz	2026-08-29T00:25:48.195533564Z	2026-08-29T01:00:05.688135191Z	1787963148.192924	1787965205.6854582	0	0.0	1	2058.0	3425.833	30853971313	e9473d04d9e40d5840abe24157173a9cb965070c2942189343367f8679f2361a
e1514185445cab36f930c90a44c5a4e23326e027	fbed59bf26bd6cf641bec0946ff6d32cdfe992786852947c530678dd4c86a026	first	50	scale_strong_d2_n491520_c2_r2	7354867	50	scc-td4.scc.bu.edu	Intel(R) Xeon(R) CPU E5-2660 v3 @ 2.60GHz	2026-08-29T00:25:48.229249700Z	2026-08-29T00:59:56.304257108Z	1787963148.2266772	1787965196.3013935	0	0.0	1	2049.0	3447.668	30594125792	4684bd690e1625bca0b68428ca328b4d00d7a3d2fc24861774e877fe250930f5
e1514185445cab36f930c90a44c5a4e23326e027	fbed59bf26bd6cf641bec0946ff6d32cdfe992786852947c530678dd4c86a026	first	51	scale_strong_d2_n491520_c2_r3	7354867	51	scc-tf3.scc.bu.edu	Intel(R) Xeon(R) CPU E5-2660 v3 @ 2.60GHz	2026-08-29T00:25:48.193142852Z	2026-08-29T00:56:45.381656304Z	1787963148.1905189	1787965005.379831	0	0.0	1	1858.0	3344.248	30865782473	c688ce73d0ba0a11e081fb19d11236aa3bf4356961400e71e8ec6702241bf98d
e1514185445cab36f930c90a44c5a4e23326e027	fbed59bf26bd6cf641bec0946ff6d32cdfe992786852947c530678dd4c86a026	first	52	scale_strong_d2_n491520_c4_r1	7354867	52	scc-te1.scc.bu.edu	Intel(R) Xeon(R) CPU E5-2660 v3 @ 2.60GHz	2026-08-29T00:25:48.218169134Z	2026-08-29T00:52:52.997472291Z	1787963148.2155879	1787964772.9944599	0	0.0	1	1626.0	4328.868	50749333570	8c8eb06fb314e406a5be3eb01bd9234e72beb40d30ebc2c1ac74456b8c1d48ff
e1514185445cab36f930c90a44c5a4e23326e027	fbed59bf26bd6cf641bec0946ff6d32cdfe992786852947c530678dd4c86a026	first	53	scale_strong_d2_n491520_c4_r2	7354867	53	scc-te4.scc.bu.edu	Intel(R) Xeon(R) CPU E5-2660 v3 @ 2.60GHz	2026-08-29T00:26:18.479472914Z	2026-08-29T00:52:33.595383700Z	1787963178.4769835	1787964753.593591	0	0.0	1	1575.0	4353.67	51641613026	6121ff183fa5b8aa40a0474e40437dcb45bc6ec3697fe97a18a880cf357b4cd0
e1514185445cab36f930c90a44c5a4e23326e027	fbed59bf26bd6cf641bec0946ff6d32cdfe992786852947c530678dd4c86a026	first	54	scale_strong_d2_n491520_c4_r3	7354867	54	scc-td1.scc.bu.edu	Intel(R) Xeon(R) CPU E5-2660 v3 @ 2.60GHz	2026-08-29T00:26:18.514986231Z	2026-08-29T00:48:36.369639499Z	1787963178.512472	1787964516.3671587	0	0.0	1	1338.0	4182.396	51005957866	1f108c759c134dfc3208feb9926d7fc88cc6a074853ddd7397d30302955b76c3
e1514185445cab36f930c90a44c5a4e23326e027	fbed59bf26bd6cf641bec0946ff6d32cdfe992786852947c530678dd4c86a026	first	55	scale_strong_d2_n491520_c8_r1	7354867	55	scc-gm2.scc.bu.edu	Intel(R) Xeon(R) Gold 6242 CPU @ 2.80GHz	2026-08-29T00:28:11.742051648Z	2026-08-29T00:43:00.076831746Z	1787963291.7399004	1787964180.0743432	1	837.4194874763489	2	889.0	3244.404	92049739088	c94a51b9774e2d17759abdd5a6c10df3df62d97065f00e5c5cb00592e9fe6e7a
e1514185445cab36f930c90a44c5a4e23326e027	fbed59bf26bd6cf641bec0946ff6d32cdfe992786852947c530678dd4c86a026	first	56	scale_strong_d2_n491520_c8_r2	7354867	56	scc-nd7.scc.bu.edu	Intel(R) Xeon(R) CPU E5-2650 v2 @ 2.60GHz	2026-08-29T00:28:11.647062455Z	2026-08-29T00:47:18.426108194Z	1787963291.6458504	1787964438.4244735	0	0.0	1	1147.0	5615.979	91280939942	18bffc9da15fc493fc85f98c83609842e061632dcf47f6671f669b1d03f321d0
e1514185445cab36f930c90a44c5a4e23326e027	fbed59bf26bd6cf641bec0946ff6d32cdfe992786852947c530678dd4c86a026	first	57	scale_strong_d2_n491520_c8_r3	7354867	57	scc-mf8.scc.bu.edu	Intel(R) Xeon(R) CPU E5-2650 v2 @ 2.60GHz	2026-08-29T00:29:02.584936372Z	2026-08-29T00:50:59.467086805Z	1787963342.5836806	1787964659.4654362	0	0.0	1	1317.0	5610.006	91603062490	f5a7a52949355582d6242d682d7c032da0071d5cf1d6960edcc4021d7ce992ea
e1514185445cab36f930c90a44c5a4e23326e027	fbed59bf26bd6cf641bec0946ff6d32cdfe992786852947c530678dd4c86a026	first	58	scale_strong_d2_n491520_c16_r1	7354867	58	scc-kc1.scc.bu.edu	Intel(R) Xeon(R) Gold 6426Y	2026-08-29T00:29:02.530158695Z	2026-08-29T00:39:25.249271788Z	1787963342.5291116	1787963965.2480166	0	0.0	1	623.0	2836.328	182030377681	b7b52771dce9959a40243d17e7bb1032892cd9f11f19855b1111b9b26a83ee1b
e1514185445cab36f930c90a44c5a4e23326e027	fbed59bf26bd6cf641bec0946ff6d32cdfe992786852947c530678dd4c86a026	first	59	scale_strong_d2_n491520_c16_r2	7354867	59	scc-gm2.scc.bu.edu	Intel(R) Xeon(R) Gold 6242 CPU @ 2.80GHz	2026-08-29T00:29:02.656654656Z	2026-08-29T00:43:28.524381366Z	1787963342.6548557	1787964208.5217192	1	837.4194874763489	2	866.0	3819.7	180242597544	faba0a85dca46106ac5d06f3b89a0b45a5bfa308744a90458eebe934582a58ba
e1514185445cab36f930c90a44c5a4e23326e027	fbed59bf26bd6cf641bec0946ff6d32cdfe992786852947c530678dd4c86a026	first	60	scale_strong_d2_n491520_c16_r3	7354867	60	scc-h32.scc.bu.edu	INTEL(R) XEON(R) GOLD 6526Y	2026-08-29T00:29:02.517465200Z	2026-08-29T00:42:54.979207978Z	1787963342.5168133	1787964174.9782546	0	0.0	1	833.0	2521.622	179921548739	3328e1afac7ae11f0eec40e81aaa801ff10f52155ab0e818bbe6d2ce9be5f386
e1514185445cab36f930c90a44c5a4e23326e027	fbed59bf26bd6cf641bec0946ff6d32cdfe992786852947c530678dd4c86a026	first	64	scale_strong_d2_n1966080_c2_r1	7354867	64	scc-h32.scc.bu.edu	INTEL(R) XEON(R) GOLD 6526Y	2026-08-29T00:43:56.552550652Z	2026-08-29T02:56:28.902434995Z	1787964236.5519094	1787972188.9010825	5	1145.2641999721527	2	7952.0	15387.762	31712964772	d6d1bfc96405b5e6411bb2a797ac2b7b7d44ae70ca23da6e412ebdb65e2df2c2
e1514185445cab36f930c90a44c5a4e23326e027	fbed59bf26bd6cf641bec0946ff6d32cdfe992786852947c530678dd4c86a026	first	65	scale_strong_d2_n1966080_c2_r2	7354867	65	scc-mb8.scc.bu.edu	Intel(R) Xeon(R) CPU E5-2650 v2 @ 2.60GHz	2026-08-29T00:43:56.804717477Z	2026-08-29T04:55:47.141665848Z	1787964236.8035083	1787979347.1401389	0	0.0	1	15111.0	29677.649	32301375292	b54ed5e1e99372843de0fe2616624dce794a3262454f7e9a4fce09bab4d8fe6c
e1514185445cab36f930c90a44c5a4e23326e027	fbed59bf26bd6cf641bec0946ff6d32cdfe992786852947c530678dd4c86a026	first	66	scale_strong_d2_n1966080_c2_r3	7354867	66	scc-kc1.scc.bu.edu	Intel(R) Xeon(R) Gold 6426Y	2026-08-29T00:45:58.493857423Z	2026-08-29T02:59:12.722439887Z	1787964358.492764	1787972352.7210014	0	0.0	1	7994.0	15502.758	32358283609	aa3ad3d1e07a0ad441dbf171815f371cfa84550e3825664ca20b8d7929061c1c
e1514185445cab36f930c90a44c5a4e23326e027	fbed59bf26bd6cf641bec0946ff6d32cdfe992786852947c530678dd4c86a026	first	67	scale_strong_d2_n1966080_c4_r1	7354867	67	scc-ke1.scc.bu.edu	Intel(R) Xeon(R) Gold 6426Y	2026-08-29T00:46:53.978505645Z	2026-08-29T02:27:23.199946064Z	1787964413.9775708	1787970443.198666	0	0.0	1	6030.0	21121.333	52922587022	88e082196e7ee52df938bf55342eb2e02dada3828d6c7c3fc80ab8ad728990e8
e1514185445cab36f930c90a44c5a4e23326e027	fbed59bf26bd6cf641bec0946ff6d32cdfe992786852947c530678dd4c86a026	first	68	scale_strong_d2_n1966080_c4_r2	7354867	68	scc-na4.scc.bu.edu	Intel(R) Xeon(R) CPU E5-2650 v2 @ 2.60GHz	2026-08-29T00:46:54.210497982Z	2026-08-29T03:53:11.957920481Z	1787964414.2092612	1787975591.9563258	0	0.0	1	11179.0	39985.397	53349936268	9b6816f3b45d0aa4bdb1e88c2eaa1b83d2c51c65274f2f1466ae4231a402863a
e1514185445cab36f930c90a44c5a4e23326e027	fbed59bf26bd6cf641bec0946ff6d32cdfe992786852947c530678dd4c86a026	first	69	scale_strong_d2_n1966080_c4_r3	7354867	69	scc-tg4.scc.bu.edu	Intel(R) Xeon(R) CPU E5-2660 v3 @ 2.60GHz	2026-08-29T00:47:59.956971355Z	2026-08-29T03:29:10.821365476Z	1787964479.9545276	1787974150.8189213	0	0.0	1	9671.0	35116.831	53652731462	f43e2a8b73f7ec7e5db93db71152bca6335872781da46bf2cb5c2feecf2aa7a0
e1514185445cab36f930c90a44c5a4e23326e027	fbed59bf26bd6cf641bec0946ff6d32cdfe992786852947c530678dd4c86a026	first	70	scale_strong_d2_n1966080_c8_r1	7354867	70	scc-nd7.scc.bu.edu	Intel(R) Xeon(R) CPU E5-2650 v2 @ 2.60GHz	2026-08-29T00:47:59.670558457Z	2026-08-29T03:13:06.894465713Z	1787964479.669246	1787973186.8928337	0	0.0	1	8707.0	45481.721	96394098508	0a1ae9bbf11cba8049a643a3fd0e64583a770fcf7caa3d5238a496ec264eaa63
e1514185445cab36f930c90a44c5a4e23326e027	fbed59bf26bd6cf641bec0946ff6d32cdfe992786852947c530678dd4c86a026	first	71	scale_strong_d2_n1966080_c8_r2	7354867	71	scc-eb2.scc.bu.edu	Intel(R) Xeon(R) Gold 6242 CPU @ 2.80GHz	2026-08-29T00:50:17.058399975Z	2026-08-29T02:51:35.194321453Z	1787964617.0559099	1787971895.1928132	0	0.0	1	7279.0	33447.636	95278480753	233146bb5234000ee030bf38800eeb49ae46d0e7062a02218a50e07cf8a784eb
e1514185445cab36f930c90a44c5a4e23326e027	fbed59bf26bd6cf641bec0946ff6d32cdfe992786852947c530678dd4c86a026	first	72	scale_strong_d2_n1966080_c8_r3	7354867	72	scc-mb5.scc.bu.edu	Intel(R) Xeon(R) CPU E5-2650 v2 @ 2.60GHz	2026-08-29T00:51:17.823682465Z	2026-08-29T03:24:27.313947139Z	1787964677.8224719	1787973867.3123882	0	0.0	1	9190.0	48009.682	96069828477	9cbb4f37eac4d4c62ef06406e4244b8667007f2dc4d145fc6bd7b89718360882
e1514185445cab36f930c90a44c5a4e23326e027	fbed59bf26bd6cf641bec0946ff6d32cdfe992786852947c530678dd4c86a026	first	73	scale_strong_d2_n1966080_c16_r1	7354867	73	scc-mc6.scc.bu.edu	Intel(R) Xeon(R) CPU E5-2650 v2 @ 2.60GHz	2026-08-29T00:52:18.925915340Z	2026-08-29T02:51:23.076122022Z	1787964738.9246438	1787971883.0744815	0	0.0	1	7145.0	45328.329	185298847794	ffaeac05c3e235c70e8cb1e7b99a8739c21b58381ad6d4ff85420807ae92f351
e1514185445cab36f930c90a44c5a4e23326e027	fbed59bf26bd6cf641bec0946ff6d32cdfe992786852947c530678dd4c86a026	first	74	scale_strong_d2_n1966080_c16_r2	7354867	74	scc-te1.scc.bu.edu	Intel(R) Xeon(R) CPU E5-2660 v3 @ 2.60GHz	2026-08-29T00:53:19.941011416Z	2026-08-29T02:58:21.378758537Z	1787964799.9384744	1787972301.376951	0	0.0	1	7502.0	48175.805	186441309094	609a270426d6abfc8e6bb26b49d5cacc4fd315727bc90cfed1857308a72a315c
e1514185445cab36f930c90a44c5a4e23326e027	fbed59bf26bd6cf641bec0946ff6d32cdfe992786852947c530678dd4c86a026	first	75	scale_strong_d2_n1966080_c16_r3	7354867	75	scc-eg1.scc.bu.edu	Intel(R) Xeon(R) Gold 6226R CPU @ 2.90GHz	2026-08-29T00:53:19.794484461Z	2026-08-29T02:39:48.976051556Z	1787964799.791934	1787971188.9731562	0	0.0	1	6390.0	39062.139	187866164495	590a002e64e7f472676aeaeafd7763a7a888341a2793c4b4a0c9b9a1c28641ef
ca162022833c3d6e6906c11cf4860baf0d52fd86	02d6eb6ffc96e0eb7eea1252605663e3e206c6ce177f3cf7f0e860c2b25f40f9	repair-full	76	scale_strong_d3_n7680_c1_r1	7358890	76	scc-kc2.scc.bu.edu	Intel(R) Xeon(R) Gold 6426Y	2026-08-29T08:20:41.585823877Z	2026-08-29T08:24:39.624118255Z	1787991641.5849931	1787991879.622997	0	0.0	1	238.0	55.005	18784039470	6664c8fb12e53330c79a7f5d44eac335fce531cfe5f572ef1135ef23114831e8
ca162022833c3d6e6906c11cf4860baf0d52fd86	02d6eb6ffc96e0eb7eea1252605663e3e206c6ce177f3cf7f0e860c2b25f40f9	repair-full	77	scale_strong_d3_n7680_c1_r2	7358890	77	scc-b11.scc.bu.edu	Intel(R) Xeon(R) 6737P	2026-08-29T08:21:34.286362300Z	2026-08-29T08:24:12.757066323Z	1787991694.2857192	1787991852.7561326	0	0.0	1	158.0	51.107	18909667263	2f7f6be3b88acb47f0773fc515f8591dd3f761c049c4aa28e1af49165bf86e44
ca162022833c3d6e6906c11cf4860baf0d52fd86	02d6eb6ffc96e0eb7eea1252605663e3e206c6ce177f3cf7f0e860c2b25f40f9	repair-full	78	scale_strong_d3_n7680_c1_r3	7358890	78	scc-ei3.scc.bu.edu	Intel(R) Xeon(R) Gold 6226R CPU @ 2.90GHz	2026-08-29T08:22:56.585406775Z	2026-08-29T08:24:04.923500203Z	1787991776.5831013	1787991844.9209092	0	0.0	1	68.0	62.463	18861348881	13239e71277df17bff05da898465aedcff1ab7469db23db739f3075ce30dbbe5
e1514185445cab36f930c90a44c5a4e23326e027	fbed59bf26bd6cf641bec0946ff6d32cdfe992786852947c530678dd4c86a026	first	79	scale_strong_d3_n7680_c2_r1	7354867	79	scc-na2.scc.bu.edu	Intel(R) Xeon(R) CPU E5-2650 v2 @ 2.60GHz	2026-08-29T01:00:23.661683147Z	2026-08-29T01:10:19.995058924Z	1787965223.660425	1787965819.9935477	0	0.0	1	597.0	220.306	29629905634	8ca4371524b69a75c520c71ddeb33d9a01a6f162bfb124bd30618af12c4aac55
e1514185445cab36f930c90a44c5a4e23326e027	fbed59bf26bd6cf641bec0946ff6d32cdfe992786852947c530678dd4c86a026	first	80	scale_strong_d3_n7680_c2_r2	7354867	80	scc-td2.scc.bu.edu	Intel(R) Xeon(R) CPU E5-2660 v3 @ 2.60GHz	2026-08-29T01:01:21.141708576Z	2026-08-29T01:10:31.790968620Z	1787965281.1393547	1787965831.7889633	0	0.0	1	551.0	357.33	29582660994	05b02319eacf908de4072d69db5ee77fe9fd39da8ac5bed5a47677d4f1962eb0
e1514185445cab36f930c90a44c5a4e23326e027	fbed59bf26bd6cf641bec0946ff6d32cdfe992786852947c530678dd4c86a026	first	81	scale_strong_d3_n7680_c2_r3	7354867	81	scc-mh5.scc.bu.edu	Intel(R) Xeon(R) CPU E5-2650 v2 @ 2.60GHz	2026-08-29T01:01:20.967432640Z	2026-08-29T01:10:26.796239179Z	1787965280.9662118	1787965826.7947142	0	0.0	1	546.0	202.191	29083371045	afb8dc689dc9d8083528c7298a5b7bb5d7c62961b99f99301b777e9a4ad67639
e1514185445cab36f930c90a44c5a4e23326e027	fbed59bf26bd6cf641bec0946ff6d32cdfe992786852947c530678dd4c86a026	first	82	scale_strong_d3_n7680_c4_r1	7354867	82	scc-te3.scc.bu.edu	Intel(R) Xeon(R) CPU E5-2660 v3 @ 2.60GHz	2026-08-29T01:02:20.739985489Z	2026-08-29T01:10:23.221561722Z	1787965340.7375689	1787965823.218602	0	0.0	1	483.0	474.892	49413598741	e0586abd897d59f83395c31648268f393f60cc1ed7bfa18294a70249707e8b45
e1514185445cab36f930c90a44c5a4e23326e027	fbed59bf26bd6cf641bec0946ff6d32cdfe992786852947c530678dd4c86a026	first	83	scale_strong_d3_n7680_c4_r2	7354867	83	scc-cb6.scc.bu.edu	Intel(R) Xeon(R) CPU E5-2650 v2 @ 2.60GHz	2026-08-29T01:02:51.899922687Z	2026-08-29T01:10:25.797176707Z	1787965371.8987014	1787965825.7955742	0	0.0	1	454.0	283.996	48913235051	1c9c744c16f3fee346d347e1aa88fd5aea85fd34c9ab7bd663dcb6fb6ecdcd6a
e1514185445cab36f930c90a44c5a4e23326e027	fbed59bf26bd6cf641bec0946ff6d32cdfe992786852947c530678dd4c86a026	first	84	scale_strong_d3_n7680_c4_r3	7354867	84	scc-md1.scc.bu.edu	Intel(R) Xeon(R) CPU E5-2650 v2 @ 2.60GHz	2026-08-29T01:03:47.733311182Z	2026-08-29T01:13:37.831427174Z	1787965427.732011	1787966017.8298547	0	0.0	1	590.0	304.71	49767933543	1bd8ce68d8901fc49bfb901d8cf8585d005b6df19c46b181f6d08215a2f8901d
e1514185445cab36f930c90a44c5a4e23326e027	fbed59bf26bd6cf641bec0946ff6d32cdfe992786852947c530678dd4c86a026	first	85	scale_strong_d3_n7680_c8_r1	7354867	85	scc-te4.scc.bu.edu	Intel(R) Xeon(R) CPU E5-2660 v3 @ 2.60GHz	2026-08-29T01:03:48.004171370Z	2026-08-29T01:13:31.100386335Z	1787965428.0015628	1787966011.0976822	0	0.0	1	584.0	723.957	89845347124	ad0d3f59449085f519b52779eb7a9999fdb1877965bdcdfd8a1db9248ed28a0e
e1514185445cab36f930c90a44c5a4e23326e027	fbed59bf26bd6cf641bec0946ff6d32cdfe992786852947c530678dd4c86a026	first	86	scale_strong_d3_n7680_c8_r2	7354867	86	scc-mf8.scc.bu.edu	Intel(R) Xeon(R) CPU E5-2650 v2 @ 2.60GHz	2026-08-29T01:05:50.128426869Z	2026-08-29T01:13:55.336446186Z	1787965550.1271012	1787966035.3349464	0	0.0	1	486.0	448.309	89972048659	575dabe3905be51c5fa978b7710efd778f6834c1a3e6016ca17ebb23ebab4016
e1514185445cab36f930c90a44c5a4e23326e027	fbed59bf26bd6cf641bec0946ff6d32cdfe992786852947c530678dd4c86a026	first	87	scale_strong_d3_n7680_c8_r3	7354867	87	scc-mh4.scc.bu.edu	Intel(R) Xeon(R) CPU E5-2650 v2 @ 2.60GHz	2026-08-29T01:05:50.098307564Z	2026-08-29T01:13:33.791542174Z	1787965550.0971358	1787966013.7899435	0	0.0	1	464.0	442.047	90132036191	7d66868635a09d6d56418f8ca21232c0e3a355d9b882345f8b6dbbe8ed0e6eb2
e1514185445cab36f930c90a44c5a4e23326e027	fbed59bf26bd6cf641bec0946ff6d32cdfe992786852947c530678dd4c86a026	first	88	scale_strong_d3_n7680_c16_r1	7354867	88	scc-md4.scc.bu.edu	Intel(R) Xeon(R) CPU E5-2650 v2 @ 2.60GHz	2026-08-29T01:09:52.333269379Z	2026-08-29T01:17:38.464388540Z	1787965792.3229024	1787966258.4626951	0	0.0	1	466.0	818.866	176026013402	7402c5973d678c3fe1becb8c0029eceb2ef7ff8e73defb4fa68dd554867becfc
e1514185445cab36f930c90a44c5a4e23326e027	fbed59bf26bd6cf641bec0946ff6d32cdfe992786852947c530678dd4c86a026	first	89	scale_strong_d3_n7680_c16_r2	7354867	89	scc-te3.scc.bu.edu	Intel(R) Xeon(R) CPU E5-2660 v3 @ 2.60GHz	2026-08-29T01:10:50.352525757Z	2026-08-29T01:17:49.530398512Z	1787965850.3501358	1787966269.5289383	0	0.0	1	420.0	1099.894	177308061139	bda542ca8ee49305329ce902f5854657412399c9bdb6f04f14f746c3ed60d504
e1514185445cab36f930c90a44c5a4e23326e027	fbed59bf26bd6cf641bec0946ff6d32cdfe992786852947c530678dd4c86a026	first	90	scale_strong_d3_n7680_c16_r3	7354867	90	scc-na2.scc.bu.edu	Intel(R) Xeon(R) CPU E5-2650 v2 @ 2.60GHz	2026-08-29T01:10:50.156789653Z	2026-08-29T01:18:32.236983702Z	1787965850.1555681	1787966312.2353752	0	0.0	1	463.0	824.511	177635552396	c24b0b32768e63d45a85c9c8a77e76e0fb5b5f024a7e6c9eef28b2244632c42b
ca162022833c3d6e6906c11cf4860baf0d52fd86	02d6eb6ffc96e0eb7eea1252605663e3e206c6ce177f3cf7f0e860c2b25f40f9	repair-full	91	scale_strong_d3_n30720_c1_r1	7358890	91	scc-kc1.scc.bu.edu	Intel(R) Xeon(R) Gold 6426Y	2026-08-29T08:22:56.421630685Z	2026-08-29T08:24:19.465671014Z	1787991776.4207761	1787991859.46439	0	0.0	1	83.0	50.417	18970870547	b31b6eecddf9bfc0c717a78ab9261814599b16f1f635f110c71b170c760ee40b
ca162022833c3d6e6906c11cf4860baf0d52fd86	02d6eb6ffc96e0eb7eea1252605663e3e206c6ce177f3cf7f0e860c2b25f40f9	repair-full	92	scale_strong_d3_n30720_c1_r2	7358890	92	scc-b19.scc.bu.edu	Intel(R) Xeon(R) 6737P	2026-08-29T08:23:42.668686310Z	2026-08-29T08:28:05.675789334Z	1787991822.6680799	1787992085.67493	0	0.0	1	263.0	55.851	18771154568	f25280b0a510b50c410417f082f31a58c51f1a75a3a1ad605335708f08e72ec3
ca162022833c3d6e6906c11cf4860baf0d52fd86	02d6eb6ffc96e0eb7eea1252605663e3e206c6ce177f3cf7f0e860c2b25f40f9	repair-full	93	scale_strong_d3_n30720_c1_r3	7358890	93	scc-ke1.scc.bu.edu	Intel(R) Xeon(R) Gold 6426Y	2026-08-29T08:23:42.649090544Z	2026-08-29T08:24:47.121601489Z	1787991822.6481605	1787991887.1204824	0	0.0	1	65.0	52.489	18979460482	755d3a3531ea176e2debea874a5c5e39f2b8755239c4bee601d277824908ca9e
e1514185445cab36f930c90a44c5a4e23326e027	fbed59bf26bd6cf641bec0946ff6d32cdfe992786852947c530678dd4c86a026	first	94	scale_strong_d3_n30720_c2_r1	7354867	94	scc-tf4.scc.bu.edu	Intel(R) Xeon(R) CPU E5-2660 v3 @ 2.60GHz	2026-08-29T01:12:51.283257122Z	2026-08-29T01:21:51.852740991Z	1787965971.2807176	1787966511.850498	0	0.0	1	541.0	363.577	29757680911	08b6b5a0d49f144e36d6a1fd49fd03887219128fe445b3626d3d4a867ed9c686
e1514185445cab36f930c90a44c5a4e23326e027	fbed59bf26bd6cf641bec0946ff6d32cdfe992786852947c530678dd4c86a026	first	95	scale_strong_d3_n30720_c2_r2	7354867	95	scc-sc4.scc.bu.edu	Intel(R) Xeon(R) CPU E5-2650 v2 @ 2.60GHz	2026-08-29T01:12:51.023378504Z	2026-08-29T01:17:58.851901275Z	1787965971.0221698	1787966278.85043	0	0.0	1	308.0	209.046	29615946990	e28fe66d88024166611766119f9deb5c5544f0783935325345fc9c04a369bfdf
e1514185445cab36f930c90a44c5a4e23326e027	fbed59bf26bd6cf641bec0946ff6d32cdfe992786852947c530678dd4c86a026	first	96	scale_strong_d3_n30720_c2_r3	7354867	96	scc-mf8.scc.bu.edu	Intel(R) Xeon(R) CPU E5-2650 v2 @ 2.60GHz	2026-08-29T01:14:39.023988420Z	2026-08-29T01:18:44.789575081Z	1787966079.0227451	1787966324.788036	0	0.0	1	246.0	188.677	29266980897	0155fd77cebba29c0b12677a72206186e405e2276890a44106ae98b9b3287ca8
e1514185445cab36f930c90a44c5a4e23326e027	fbed59bf26bd6cf641bec0946ff6d32cdfe992786852947c530678dd4c86a026	first	97	scale_strong_d3_n30720_c4_r1	7354867	97	scc-mh4.scc.bu.edu	Intel(R) Xeon(R) CPU E5-2650 v2 @ 2.60GHz	2026-08-29T01:14:39.015525174Z	2026-08-29T01:19:46.097646776Z	1787966079.0142953	1787966386.096025	0	0.0	1	308.0	323.012	49297634624	86e2401893105125ab33d8dcef943474b100ce1e9531f0b6feb01e29a2b2847d
e1514185445cab36f930c90a44c5a4e23326e027	fbed59bf26bd6cf641bec0946ff6d32cdfe992786852947c530678dd4c86a026	first	98	scale_strong_d3_n30720_c4_r2	7354867	98	scc-tf3.scc.bu.edu	Intel(R) Xeon(R) CPU E5-2660 v3 @ 2.60GHz	2026-08-29T01:14:39.273165180Z	2026-08-29T01:18:58.831031156Z	1787966079.2706437	1787966338.8293343	0	0.0	1	260.0	405.781	49610093495	56f419cd77f3be0df0fb4cb5fb0be9eea07b93551004ee4f527e51f8b80ed640
e1514185445cab36f930c90a44c5a4e23326e027	fbed59bf26bd6cf641bec0946ff6d32cdfe992786852947c530678dd4c86a026	first	99	scale_strong_d3_n30720_c4_r3	7354867	99	scc-mc7.scc.bu.edu	Intel(R) Xeon(R) CPU E5-2650 v2 @ 2.60GHz	2026-08-29T01:14:39.082615720Z	2026-08-29T01:23:06.572517143Z	1787966079.081374	1787966586.5710125	0	0.0	1	508.0	345.315	49988050617	096c713e8773963eab847308f892842138b7fee4636be1f2b5d11639bd1c289a
e1514185445cab36f930c90a44c5a4e23326e027	fbed59bf26bd6cf641bec0946ff6d32cdfe992786852947c530678dd4c86a026	first	100	scale_strong_d3_n30720_c8_r1	7354867	100	scc-td3.scc.bu.edu	Intel(R) Xeon(R) CPU E5-2660 v3 @ 2.60GHz	2026-08-29T01:15:57.220571840Z	2026-08-29T01:19:44.756899053Z	1787966157.2195034	1787966384.7555058	0	0.0	1	227.0	422.428	89715424363	fa6de5267fae58dffa97b0bb042ec624b82caf8526072a58fe48b75de5655f88
e1514185445cab36f930c90a44c5a4e23326e027	fbed59bf26bd6cf641bec0946ff6d32cdfe992786852947c530678dd4c86a026	first	101	scale_strong_d3_n30720_c8_r2	7354867	101	scc-mc8.scc.bu.edu	Intel(R) Xeon(R) CPU E5-2650 v2 @ 2.60GHz	2026-08-29T01:15:57.384139242Z	2026-08-29T01:25:20.114839779Z	1787966157.382872	1787966720.113325	0	0.0	1	563.0	519.265	89451283874	ab4c201756b6635a37222c366c44a2e7ba9ff54df50bb33df5743165771869a3
e1514185445cab36f930c90a44c5a4e23326e027	fbed59bf26bd6cf641bec0946ff6d32cdfe992786852947c530678dd4c86a026	first	102	scale_strong_d3_n30720_c8_r3	7354867	102	scc-mh5.scc.bu.edu	Intel(R) Xeon(R) CPU E5-2650 v2 @ 2.60GHz	2026-08-29T01:17:55.876517512Z	2026-08-29T01:21:52.798080213Z	1787966275.8752804	1787966512.7965453	0	0.0	1	237.0	465.007	89073326752	28646709ebf46d02a9b9decf1b6e556ac88264255fa11397404a6bb7bfe52756
e1514185445cab36f930c90a44c5a4e23326e027	fbed59bf26bd6cf641bec0946ff6d32cdfe992786852947c530678dd4c86a026	first	103	scale_strong_d3_n30720_c16_r1	7354867	103	scc-td2.scc.bu.edu	Intel(R) Xeon(R) CPU E5-2660 v3 @ 2.60GHz	2026-08-29T01:18:58.090202071Z	2026-08-29T01:25:04.257355258Z	1787966338.087652	1787966704.2545526	0	0.0	1	367.0	1222.04	176790517580	f934fbf30199f6fc64e20353e8b766dce7d4633834701483264eadf04c6f2690
e1514185445cab36f930c90a44c5a4e23326e027	fbed59bf26bd6cf641bec0946ff6d32cdfe992786852947c530678dd4c86a026	first	104	scale_strong_d3_n30720_c16_r2	7354867	104	scc-cb6.scc.bu.edu	Intel(R) Xeon(R) CPU E5-2650 v2 @ 2.60GHz	2026-08-29T01:18:57.858965239Z	2026-08-29T01:25:19.785722176Z	1787966337.857688	1787966719.7842295	0	0.0	1	382.0	871.231	177317724816	e7e9ac3f421d11ff32eb53c0667373b2c2176f1733bc9dc17937a3bc97baa719
e1514185445cab36f930c90a44c5a4e23326e027	fbed59bf26bd6cf641bec0946ff6d32cdfe992786852947c530678dd4c86a026	first	105	scale_strong_d3_n30720_c16_r3	7354867	105	scc-md4.scc.bu.edu	Intel(R) Xeon(R) CPU E5-2650 v2 @ 2.60GHz	2026-08-29T01:18:57.883203849Z	2026-08-29T01:23:02.783992278Z	1787966337.8820412	1787966582.7824152	0	0.0	1	245.0	817.755	176763674035	3d794c58ee35e86c388e02a77140909ca11be1a577fd4d8e4e8aba15edcb1728
ca162022833c3d6e6906c11cf4860baf0d52fd86	02d6eb6ffc96e0eb7eea1252605663e3e206c6ce177f3cf7f0e860c2b25f40f9	repair-full	106	scale_strong_d3_n122880_c1_r1	7358890	106	scc-sb8.scc.bu.edu	Intel(R) Xeon(R) CPU E5-2650 v2 @ 2.60GHz	2026-08-29T08:23:42.768313394Z	2026-08-29T08:28:38.401124148Z	1787991822.7671385	1787992118.399662	0	0.0	1	296.0	250.365	18909667263	61e2f14fe123a5637c089c2f31f3c9e0d6ab03dd8e02055a0c7b150efabc2908
ca162022833c3d6e6906c11cf4860baf0d52fd86	02d6eb6ffc96e0eb7eea1252605663e3e206c6ce177f3cf7f0e860c2b25f40f9	repair-full	107	scale_strong_d3_n122880_c1_r2	7358890	107	scc-pf4.scc.bu.edu	Intel(R) Xeon(R) CPU E5-2650 v2 @ 2.60GHz	2026-08-29T08:24:38.464973356Z	2026-08-29T08:28:59.614442794Z	1787991878.463659	1787992139.6129322	0	0.0	1	261.0	244.61	19247895938	b01cbbb40f4e4435aebd5016483293698b519c59a6756256b136091f8772d8ae
ca162022833c3d6e6906c11cf4860baf0d52fd86	02d6eb6ffc96e0eb7eea1252605663e3e206c6ce177f3cf7f0e860c2b25f40f9	repair-full	108	scale_strong_d3_n122880_c1_r3	7358890	108	scc-pg7.scc.bu.edu	Intel(R) Xeon(R) CPU E5-2650 v2 @ 2.60GHz	2026-08-29T08:24:38.490486601Z	2026-08-29T08:30:43.597778881Z	1787991878.4892633	1787992243.5962627	0	0.0	1	365.0	263.936	18906446037	6da19b9ecc404a4ae0420257c6d20bce2697bc7eb6a2f29a86b1fb86609ad963
e1514185445cab36f930c90a44c5a4e23326e027	fbed59bf26bd6cf641bec0946ff6d32cdfe992786852947c530678dd4c86a026	first	109	scale_strong_d3_n122880_c2_r1	7354867	109	scc-yp1.scc.bu.edu	Intel(R) Xeon(R) Gold 6132 CPU @ 2.60GHz	2026-08-29T01:20:59.598737529Z	2026-08-29T01:27:09.230512586Z	1787966459.5949438	1787966829.2257025	0	0.0	1	370.0	368.332	29698625111	23dc3f5199f597566326c36e615bac9a44aa34ac30d9a0b02cef3c7d7c10c32f
e1514185445cab36f930c90a44c5a4e23326e027	fbed59bf26bd6cf641bec0946ff6d32cdfe992786852947c530678dd4c86a026	first	110	scale_strong_d3_n122880_c2_r2	7354867	110	scc-td3.scc.bu.edu	Intel(R) Xeon(R) CPU E5-2660 v3 @ 2.60GHz	2026-08-29T01:20:59.350772427Z	2026-08-29T01:29:02.719399977Z	1787966459.349642	1787966942.7179065	0	0.0	1	483.0	350.374	29743722267	4ec5bd68f3643010c019566fdb095ef8530faf1d3141569c8ca69de847f3cb3e
e1514185445cab36f930c90a44c5a4e23326e027	fbed59bf26bd6cf641bec0946ff6d32cdfe992786852947c530678dd4c86a026	first	111	scale_strong_d3_n122880_c2_r3	7354867	111	scc-mh4.scc.bu.edu	Intel(R) Xeon(R) CPU E5-2650 v2 @ 2.60GHz	2026-08-29T01:20:59.359684958Z	2026-08-29T01:28:47.011560247Z	1787966459.3583484	1787966927.010018	0	0.0	1	468.0	399.912	29675002790	27363e13ae9dd7f7efd84131f378e7ae281e05990d1acda543e5d900e908d112
e1514185445cab36f930c90a44c5a4e23326e027	fbed59bf26bd6cf641bec0946ff6d32cdfe992786852947c530678dd4c86a026	first	112	scale_strong_d3_n122880_c4_r1	7354867	112	scc-zk1.scc.bu.edu	Intel(R) Xeon(R) Gold 6132 CPU @ 2.60GHz	2026-08-29T01:21:54.933014679Z	2026-08-29T01:30:19.295124637Z	1787966514.9293482	1787967019.2903569	0	0.0	1	505.0	624.483	49498424345	b3e99ec8c3d1597b6fb576763cf9214a331981eb6c64db128349d3cd05cc0db0
e1514185445cab36f930c90a44c5a4e23326e027	fbed59bf26bd6cf641bec0946ff6d32cdfe992786852947c530678dd4c86a026	first	113	scale_strong_d3_n122880_c4_r2	7354867	113	scc-mh5.scc.bu.edu	Intel(R) Xeon(R) CPU E5-2650 v2 @ 2.60GHz	2026-08-29T01:22:54.993167556Z	2026-08-29T01:26:32.970991551Z	1787966574.9918895	1787966792.9694035	0	0.0	1	219.0	595.169	49961207071	70ff0829b033f240ed61c3a6e8a049c47ffe08ad9cc3f1e96835cb3d0649c8be
e1514185445cab36f930c90a44c5a4e23326e027	fbed59bf26bd6cf641bec0946ff6d32cdfe992786852947c530678dd4c86a026	first	114	scale_strong_d3_n122880_c4_r3	7354867	114	scc-td4.scc.bu.edu	Intel(R) Xeon(R) CPU E5-2660 v3 @ 2.60GHz	2026-08-29T01:23:59.539564262Z	2026-08-29T01:29:18.865836396Z	1787966639.537127	1787966958.8626814	0	0.0	1	319.0	679.411	49770081027	828fbfabb837a900a2aa382b9d0a8c3d224d81b9dc13e5d4671c147df8767d36
e1514185445cab36f930c90a44c5a4e23326e027	fbed59bf26bd6cf641bec0946ff6d32cdfe992786852947c530678dd4c86a026	first	115	scale_strong_d3_n122880_c8_r1	7354867	115	scc-mf8.scc.bu.edu	Intel(R) Xeon(R) CPU E5-2650 v2 @ 2.60GHz	2026-08-29T01:23:59.301970218Z	2026-08-29T01:28:12.360485376Z	1787966639.300738	1787966892.358938	0	0.0	1	253.0	769.725	89165668549	c03b032d21d0a3a88511ddd71871f814cc456c38aae62f4728705b4d3eab36c4
e1514185445cab36f930c90a44c5a4e23326e027	fbed59bf26bd6cf641bec0946ff6d32cdfe992786852947c530678dd4c86a026	first	116	scale_strong_d3_n122880_c8_r2	7354867	116	scc-md4.scc.bu.edu	Intel(R) Xeon(R) CPU E5-2650 v2 @ 2.60GHz	2026-08-29T01:23:59.303099355Z	2026-08-29T01:28:24.671546863Z	1787966639.3018708	1787966904.6699126	0	0.0	1	265.0	774.055	89444841423	28d964878034670985857ccadfa9decac006e803d455258d4b04c662df3f0b16
e1514185445cab36f930c90a44c5a4e23326e027	fbed59bf26bd6cf641bec0946ff6d32cdfe992786852947c530678dd4c86a026	first	117	scale_strong_d3_n122880_c8_r3	7354867	117	scc-mc7.scc.bu.edu	Intel(R) Xeon(R) CPU E5-2650 v2 @ 2.60GHz	2026-08-29T01:23:59.306540926Z	2026-08-29T01:28:28.762615348Z	1787966639.3053405	1787966908.7611036	0	0.0	1	269.0	771.275	89654221079	b57b1a1a2e1d356dda76fb7f2e6311d1a3a1f19f84dfd43119f84692f706f3d9
e1514185445cab36f930c90a44c5a4e23326e027	fbed59bf26bd6cf641bec0946ff6d32cdfe992786852947c530678dd4c86a026	first	118	scale_strong_d3_n122880_c16_r1	7354867	118	scc-tg1.scc.bu.edu	Intel(R) Xeon(R) CPU E5-2660 v3 @ 2.60GHz	2026-08-29T01:24:57.047983673Z	2026-08-29T01:32:53.257951089Z	1787966697.0455787	1787967173.2550528	0	0.0	1	477.0	1456.011	176713208169	63c4152638475e449363acc94621c7388b9a4f7915eb66b22f30fd8b29293a98
e1514185445cab36f930c90a44c5a4e23326e027	fbed59bf26bd6cf641bec0946ff6d32cdfe992786852947c530678dd4c86a026	first	119	scale_strong_d3_n122880_c16_r2	7354867	119	scc-td2.scc.bu.edu	Intel(R) Xeon(R) CPU E5-2660 v3 @ 2.60GHz	2026-08-29T01:25:54.015021967Z	2026-08-29T01:32:18.485139459Z	1787966754.012509	1787967138.4821846	0	0.0	1	385.0	1442.199	176507049739	8e54f4163b48935b94a16d7de3b45481613df347b4e3c9ca092dd464f8d6c17b
e1514185445cab36f930c90a44c5a4e23326e027	fbed59bf26bd6cf641bec0946ff6d32cdfe992786852947c530678dd4c86a026	first	120	scale_strong_d3_n122880_c16_r3	7354867	120	scc-cb6.scc.bu.edu	Intel(R) Xeon(R) CPU E5-2650 v2 @ 2.60GHz	2026-08-29T01:25:53.797710008Z	2026-08-29T01:32:31.498035151Z	1787966753.7963955	1787967151.4964151	0	0.0	1	398.0	1175.717	176831319770	071908766ce66e1f2e57e5bfc4013561e4343774311a4349623600401fbb22a4
ca162022833c3d6e6906c11cf4860baf0d52fd86	02d6eb6ffc96e0eb7eea1252605663e3e206c6ce177f3cf7f0e860c2b25f40f9	repair-full	121	scale_strong_d3_n491520_c1_r1	7358890	121	scc-ph4.scc.bu.edu	Intel(R) Xeon(R) CPU E5-2650 v2 @ 2.60GHz	2026-08-29T08:24:38.470916278Z	2026-08-29T08:38:07.098339246Z	1787991878.4696155	1787992687.0966363	0	0.0	1	809.0	783.24	19341311476	627288f0444ce663a2740380c7deca348e8a289c226fc7b183caf776b4a56cb5
ca162022833c3d6e6906c11cf4860baf0d52fd86	02d6eb6ffc96e0eb7eea1252605663e3e206c6ce177f3cf7f0e860c2b25f40f9	repair-full	122	scale_strong_d3_n491520_c1_r2	7358890	122	scc-b11.scc.bu.edu	Intel(R) Xeon(R) 6737P	2026-08-29T08:24:38.360240584Z	2026-08-29T08:31:20.831990606Z	1787991878.3595462	1787992280.8311694	0	0.0	1	402.0	359.537	19410030953	853a6a9f1d9c8cfa9c422017ee03c162d7d8382b68921dc6ee90c79b23a66662
ca162022833c3d6e6906c11cf4860baf0d52fd86	02d6eb6ffc96e0eb7eea1252605663e3e206c6ce177f3cf7f0e860c2b25f40f9	repair-full	123	scale_strong_d3_n491520_c1_r3	7358890	123	scc-b15.scc.bu.edu	Intel(R) Xeon(R) 6737P	2026-08-29T08:24:38.380512801Z	2026-08-29T08:32:03.363716726Z	1787991878.3799007	1787992323.3628838	1	84.26005411148071	2	445.0	329.379	19277960709	7618597c1e6655c9bf76e72cc53f01cc482834b51b53cd78b0811a8426916015
e1514185445cab36f930c90a44c5a4e23326e027	fbed59bf26bd6cf641bec0946ff6d32cdfe992786852947c530678dd4c86a026	first	124	scale_strong_d3_n491520_c2_r1	7354867	124	scc-ph6.scc.bu.edu	Intel(R) Xeon(R) CPU E5-2650 v2 @ 2.60GHz	2026-08-29T01:27:56.331244607Z	2026-08-29T01:42:52.323239362Z	1787966876.3299353	1787967772.3216586	0	0.0	1	896.0	1146.161	30466350515	1a89bcce3dd4f0c50aba5f797f2c45907817d4c3a858f1d01b401913d1286ba8
e1514185445cab36f930c90a44c5a4e23326e027	fbed59bf26bd6cf641bec0946ff6d32cdfe992786852947c530678dd4c86a026	first	125	scale_strong_d3_n491520_c2_r2	7354867	125	scc-yp1.scc.bu.edu	Intel(R) Xeon(R) Gold 6132 CPU @ 2.60GHz	2026-08-29T01:27:56.592212159Z	2026-08-29T01:39:19.297517871Z	1787966876.5889127	1787967559.2931964	0	0.0	1	683.0	1045.76	30238717248	b8c950f5519258f35876a1c3f5965e8242aa3a1e4dd56e34bafd4a62fff7cd4f
e1514185445cab36f930c90a44c5a4e23326e027	fbed59bf26bd6cf641bec0946ff6d32cdfe992786852947c530678dd4c86a026	first	126	scale_strong_d3_n491520_c2_r3	7354867	126	scc-mh5.scc.bu.edu	Intel(R) Xeon(R) CPU E5-2650 v2 @ 2.60GHz	2026-08-29T01:27:56.339372002Z	2026-08-29T01:38:00.379621114Z	1787966876.3381515	1787967480.3780887	0	0.0	1	604.0	1097.988	30405147231	5b8afea8b6097e653528b07020349dd5421a6605e8f1d9ddc3d7a58b53cbe036
e1514185445cab36f930c90a44c5a4e23326e027	fbed59bf26bd6cf641bec0946ff6d32cdfe992786852947c530678dd4c86a026	first	127	scale_strong_d3_n491520_c4_r1	7354867	127	scc-tf1.scc.bu.edu	Intel(R) Xeon(R) CPU E5-2660 v3 @ 2.60GHz	2026-08-29T01:30:04.349535521Z	2026-08-29T01:43:36.555992532Z	1787967004.3469641	1787967816.553143	0	0.0	1	813.0	1884.881	50566797460	d9c4b0384d3316100a5238c41ca413c3ae276e1ac623b068595298538963969c
e1514185445cab36f930c90a44c5a4e23326e027	fbed59bf26bd6cf641bec0946ff6d32cdfe992786852947c530678dd4c86a026	first	128	scale_strong_d3_n491520_c4_r2	7354867	128	scc-td3.scc.bu.edu	Intel(R) Xeon(R) CPU E5-2660 v3 @ 2.60GHz	2026-08-29T01:30:04.095180738Z	2026-08-29T01:41:24.052599519Z	1787967004.0941384	1787967684.0514913	0	0.0	1	681.0	1642.057	50593641006	b9c717f64aff6c551686919bf301c095f1c255e4553b76715fc9dbc74c74b7fd
e1514185445cab36f930c90a44c5a4e23326e027	fbed59bf26bd6cf641bec0946ff6d32cdfe992786852947c530678dd4c86a026	first	129	scale_strong_d3_n491520_c4_r3	7354867	129	scc-td4.scc.bu.edu	Intel(R) Xeon(R) CPU E5-2660 v3 @ 2.60GHz	2026-08-29T01:30:04.340927087Z	2026-08-29T01:42:17.857467317Z	1787967004.3383749	1787967737.8556914	0	0.0	1	734.0	1940.746	50818053047	ad312427c0044451acefc78be6f258158c2b0578def66fb4d8535be09768d57f
e1514185445cab36f930c90a44c5a4e23326e027	fbed59bf26bd6cf641bec0946ff6d32cdfe992786852947c530678dd4c86a026	first	130	scale_strong_d3_n491520_c8_r1	7354867	130	scc-mc7.scc.bu.edu	Intel(R) Xeon(R) CPU E5-2650 v2 @ 2.60GHz	2026-08-29T01:30:04.114730113Z	2026-08-29T01:44:20.413625585Z	1787967004.1134894	1787967860.4120715	0	0.0	1	857.0	2063.283	90835337085	7768317e88d721fdbf9f6ef7a1482a6160b8395f1ec982b4c0d22a60972a649b
e1514185445cab36f930c90a44c5a4e23326e027	fbed59bf26bd6cf641bec0946ff6d32cdfe992786852947c530678dd4c86a026	first	131	scale_strong_d3_n491520_c8_r2	7354867	131	scc-mh4.scc.bu.edu	Intel(R) Xeon(R) CPU E5-2650 v2 @ 2.60GHz	2026-08-29T01:30:04.115569532Z	2026-08-29T01:42:12.981807973Z	1787967004.1143062	1787967732.9802113	0	0.0	1	730.0	2040.189	90959891137	f118969aa6ae790599ad9cbe41a0881efb165f4e31e9de7e95491c3bf3afeb89
e1514185445cab36f930c90a44c5a4e23326e027	fbed59bf26bd6cf641bec0946ff6d32cdfe992786852947c530678dd4c86a026	first	132	scale_strong_d3_n491520_c8_r3	7354867	132	scc-te4.scc.bu.edu	Intel(R) Xeon(R) CPU E5-2660 v3 @ 2.60GHz	2026-08-29T01:30:58.651371377Z	2026-08-29T01:45:04.644432473Z	1787967058.6486676	1787967904.6413944	0	0.0	1	846.0	2301.577	91545080431	0fb7401ed2a390494d10b983b386cd77d52882b1084982cc98599e9850495205
e1514185445cab36f930c90a44c5a4e23326e027	fbed59bf26bd6cf641bec0946ff6d32cdfe992786852947c530678dd4c86a026	first	133	scale_strong_d3_n491520_c16_r1	7354867	133	scc-md1.scc.bu.edu	Intel(R) Xeon(R) CPU E5-2650 v2 @ 2.60GHz	2026-08-29T01:33:01.196785495Z	2026-08-29T01:48:09.080240080Z	1787967181.1955993	1787968089.078607	0	0.0	1	909.0	2494.202	181051125138	a327954f04cf3e553613ebcbb18a8124bf55262252bcd0469ce7b56cffea887e
e1514185445cab36f930c90a44c5a4e23326e027	fbed59bf26bd6cf641bec0946ff6d32cdfe992786852947c530678dd4c86a026	first	134	scale_strong_d3_n491520_c16_r2	7354867	134	scc-td2.scc.bu.edu	Intel(R) Xeon(R) CPU E5-2660 v3 @ 2.60GHz	2026-08-29T01:33:01.434943325Z	2026-08-29T01:47:07.597966341Z	1787967181.432425	1787968027.5952253	0	0.0	1	846.0	2826.79	179296630997	150b7829cc6b7e4021a12e233f402caaa57888872996afdd11463f56f5044d8b
e1514185445cab36f930c90a44c5a4e23326e027	fbed59bf26bd6cf641bec0946ff6d32cdfe992786852947c530678dd4c86a026	first	135	scale_strong_d3_n491520_c16_r3	7354867	135	scc-cb6.scc.bu.edu	Intel(R) Xeon(R) CPU E5-2650 v2 @ 2.60GHz	2026-08-29T01:33:58.518124800Z	2026-08-29T01:47:48.692789197Z	1787967238.516853	1787968068.6911235	0	0.0	1	830.0	2463.998	178724326605	5c266cef312d201dc742e4032d72a11c8951d1e59fb864658ea68f8ea89600a0
ca162022833c3d6e6906c11cf4860baf0d52fd86	02d6eb6ffc96e0eb7eea1252605663e3e206c6ce177f3cf7f0e860c2b25f40f9	repair-full	136	scale_strong_d3_n1966080_c1_r1	7358890	136	scc-ei3.scc.bu.edu	Intel(R) Xeon(R) Gold 6226R CPU @ 2.90GHz	2026-08-29T08:25:53.985242758Z	2026-08-29T09:42:36.029353330Z	1787991953.9830952	1787996556.0267937	0	0.0	1	4603.0	4983.485	20877836026	d0610777b7e7f27ead285f626a71b30581a45506a5bbcf83f65a21e5f4607ab2
ca162022833c3d6e6906c11cf4860baf0d52fd86	02d6eb6ffc96e0eb7eea1252605663e3e206c6ce177f3cf7f0e860c2b25f40f9	repair-full	137	scale_strong_d3_n1966080_c1_r2	7358890	137	scc-ph2.scc.bu.edu	Intel(R) Xeon(R) CPU E5-2650 v2 @ 2.60GHz	2026-08-29T08:25:53.946223078Z	2026-08-29T10:06:23.701048136Z	1787991953.9448874	1787997983.6994348	0	0.0	1	6030.0	6248.465	20665235145	e10e01004c72775b5294d845a120b50ed659fc85e46ff62a0a3a7dfe85fc2989
ca162022833c3d6e6906c11cf4860baf0d52fd86	02d6eb6ffc96e0eb7eea1252605663e3e206c6ce177f3cf7f0e860c2b25f40f9	repair-full	138	scale_strong_d3_n1966080_c1_r3	7358890	138	scc-kc1.scc.bu.edu	Intel(R) Xeon(R) Gold 6426Y	2026-08-29T08:25:53.808274639Z	2026-08-29T09:12:55.051513164Z	1787991953.8074493	1787994775.050446	0	0.0	1	2822.0	2933.897	20599736894	0fdef814bbdedef77a39f5ae4567d81d3bf14302457396d3ba441d5e39b69ae6
e1514185445cab36f930c90a44c5a4e23326e027	fbed59bf26bd6cf641bec0946ff6d32cdfe992786852947c530678dd4c86a026	first	139	scale_strong_d3_n1966080_c2_r1	7354867	139	scc-mh5.scc.bu.edu	Intel(R) Xeon(R) CPU E5-2650 v2 @ 2.60GHz	2026-08-29T01:39:03.866924146Z	2026-08-29T02:50:22.889658288Z	1787967543.8656461	1787971822.8882036	0	0.0	1	4279.0	7908.364	32236950782	2ab5cd82b34b8efa444fdc22011b3b8c18834823769ee9807a4456aff0432d8c
e1514185445cab36f930c90a44c5a4e23326e027	fbed59bf26bd6cf641bec0946ff6d32cdfe992786852947c530678dd4c86a026	first	140	scale_strong_d3_n1966080_c2_r2	7354867	140	scc-mh3.scc.bu.edu	Intel(R) Xeon(R) CPU E5-2650 v2 @ 2.60GHz	2026-08-29T01:39:57.155865194Z	2026-08-29T03:04:26.229104884Z	1787967597.1546803	1787972666.2274773	0	0.0	1	5070.0	7973.488	32440961729	9176733d13e713f5d1508c3dc5d3ba140f3ad7709cf92f08b07bdb574b4d2263
e1514185445cab36f930c90a44c5a4e23326e027	fbed59bf26bd6cf641bec0946ff6d32cdfe992786852947c530678dd4c86a026	first	141	scale_strong_d3_n1966080_c2_r3	7354867	141	scc-mb7.scc.bu.edu	Intel(R) Xeon(R) CPU E5-2650 v2 @ 2.60GHz	2026-08-29T01:41:52.556716605Z	2026-08-29T02:59:29.059588017Z	1787967712.5554252	1787972369.0580266	0	0.0	1	4657.0	7966.747	32423781860	4083ab9e1987bbd05314a8304219505123ff8eb80e82377e9bed025223da1f12
e1514185445cab36f930c90a44c5a4e23326e027	fbed59bf26bd6cf641bec0946ff6d32cdfe992786852947c530678dd4c86a026	first	142	scale_strong_d3_n1966080_c4_r1	7354867	142	scc-mh4.scc.bu.edu	Intel(R) Xeon(R) CPU E5-2650 v2 @ 2.60GHz	2026-08-29T01:42:48.114433571Z	2026-08-29T02:47:07.274688984Z	1787967768.113193	1787971627.2731526	0	0.0	1	3860.0	11656.873	52875342382	7ca2b5ed0fad42d79cc9f65e09d0ea348142e203bc35f693f39f93e6e4a7f4d3
e1514185445cab36f930c90a44c5a4e23326e027	fbed59bf26bd6cf641bec0946ff6d32cdfe992786852947c530678dd4c86a026	first	143	scale_strong_d3_n1966080_c4_r2	7354867	143	scc-ph6.scc.bu.edu	Intel(R) Xeon(R) CPU E5-2650 v2 @ 2.60GHz	2026-08-29T01:43:52.885451232Z	2026-08-29T02:49:53.019672247Z	1787967832.884184	1787971793.0181568	0	0.0	1	3961.0	11958.257	53763326870	475afa434a8ae2d9aca6d94bf11e7843e22a4ecfd656c44e0b9b39a282033cc2
e1514185445cab36f930c90a44c5a4e23326e027	fbed59bf26bd6cf641bec0946ff6d32cdfe992786852947c530678dd4c86a026	first	144	scale_strong_d3_n1966080_c4_r3	7354867	144	scc-tf1.scc.bu.edu	Intel(R) Xeon(R) CPU E5-2660 v3 @ 2.60GHz	2026-08-29T01:44:52.881984102Z	2026-08-29T02:47:34.489405365Z	1787967892.8796263	1787971654.486849	0	0.0	1	3762.0	11775.87	52625160537	ddaaabc5abfaf55a54678c01fdbb46dc2961d8fa06383fc0a289aeb277116562
e1514185445cab36f930c90a44c5a4e23326e027	fbed59bf26bd6cf641bec0946ff6d32cdfe992786852947c530678dd4c86a026	first	145	scale_strong_d3_n1966080_c8_r1	7354867	145	scc-tf3.scc.bu.edu	Intel(R) Xeon(R) CPU E5-2660 v3 @ 2.60GHz	2026-08-29T01:44:52.931039984Z	2026-08-29T02:46:42.343031064Z	1787967892.9285424	1787971602.3405526	0	0.0	1	3710.0	12186.032	94719061263	07902e6a8c58bfe8490adccacc6ad334330100843148f07d9b282092f3416a40
e1514185445cab36f930c90a44c5a4e23326e027	fbed59bf26bd6cf641bec0946ff6d32cdfe992786852947c530678dd4c86a026	first	146	scale_strong_d3_n1966080_c8_r2	7354867	146	scc-mc8.scc.bu.edu	Intel(R) Xeon(R) CPU E5-2650 v2 @ 2.60GHz	2026-08-29T01:44:52.689386501Z	2026-08-29T02:47:45.305986435Z	1787967892.6882696	1787971665.304394	0	0.0	1	3773.0	12258.723	95145336767	6648e9a29f04c9240aef881ce7c0e06b068d144124f54115d14936d321a90446
e1514185445cab36f930c90a44c5a4e23326e027	fbed59bf26bd6cf641bec0946ff6d32cdfe992786852947c530678dd4c86a026	first	147	scale_strong_d3_n1966080_c8_r3	7354867	147	scc-te4.scc.bu.edu	Intel(R) Xeon(R) CPU E5-2660 v3 @ 2.60GHz	2026-08-29T01:45:49.543222659Z	2026-08-29T02:46:57.146802596Z	1787967949.540722	1787971617.1445594	0	0.0	1	3668.0	12073.933	94715840037	984ab57057e6194e1ab55d99fea19acdf65391d020ff452977059f25888417f7
e1514185445cab36f930c90a44c5a4e23326e027	fbed59bf26bd6cf641bec0946ff6d32cdfe992786852947c530678dd4c86a026	first	148	scale_strong_d3_n1966080_c16_r1	7354867	148	scc-mc7.scc.bu.edu	Intel(R) Xeon(R) CPU E5-2650 v2 @ 2.60GHz	2026-08-29T01:45:49.308538511Z	2026-08-29T02:46:51.791511266Z	1787967949.3072963	1787971611.7899387	0	0.0	1	3662.0	12649.361	185507153708	e624cfde5eb659d87b395ca1ea81d2f715c9a2bcf00175aba6ce0d3d33d9bfda
e1514185445cab36f930c90a44c5a4e23326e027	fbed59bf26bd6cf641bec0946ff6d32cdfe992786852947c530678dd4c86a026	first	149	scale_strong_d3_n1966080_c16_r2	7354867	149	scc-me8.scc.bu.edu	Intel(R) Xeon(R) CPU E5-2650 v2 @ 2.60GHz	2026-08-29T01:45:49.587683550Z	2026-08-29T02:56:32.851008778Z	1787967949.575339	1787972192.8494806	0	0.0	1	4243.0	12947.994	184634201605	e43cbff3639d9674bee2b391fa3a3aa27a4af4325632d651226f580e98a3a7bd
e1514185445cab36f930c90a44c5a4e23326e027	fbed59bf26bd6cf641bec0946ff6d32cdfe992786852947c530678dd4c86a026	first	150	scale_strong_d3_n1966080_c16_r3	7354867	150	scc-cb4.scc.bu.edu	Intel(R) Xeon(R) CPU E5-2670 0 @ 2.60GHz	2026-08-29T01:47:53.095826677Z	2026-08-29T03:02:45.060113959Z	1787968073.0847025	1787972565.0583656	0	0.0	1	4493.0	13544.053	187416266671	6ff533303018a008854b5ce244760e30d584e068f2ef480ceb8acb086a07fdac
ca162022833c3d6e6906c11cf4860baf0d52fd86	02d6eb6ffc96e0eb7eea1252605663e3e206c6ce177f3cf7f0e860c2b25f40f9	repair-full	151	scale_strong_d6_n7680_c1_r1	7358890	151	scc-kc2.scc.bu.edu	Intel(R) Xeon(R) Gold 6426Y	2026-08-29T08:25:53.832596594Z	2026-08-29T08:26:58.172664166Z	1787991953.8316438	1787992018.1712646	0	0.0	1	65.0	43.054	18804440564	527eda7d1651a82892ab48db139051c4465d842c3f29a73cf7b249be880f0c02
ca162022833c3d6e6906c11cf4860baf0d52fd86	02d6eb6ffc96e0eb7eea1252605663e3e206c6ce177f3cf7f0e860c2b25f40f9	repair-full	152	scale_strong_d6_n7680_c1_r2	7358890	152	scc-ke1.scc.bu.edu	Intel(R) Xeon(R) Gold 6426Y	2026-08-29T08:26:42.525869721Z	2026-08-29T08:27:57.402010970Z	1787992002.5249035	1787992077.401208	0	0.0	1	75.0	44.237	18845242754	33b7ebc46ef57f370ea369c7bbc128f7121f85a9dd5dbc6f0f77f8c94af0fde7
ca162022833c3d6e6906c11cf4860baf0d52fd86	02d6eb6ffc96e0eb7eea1252605663e3e206c6ce177f3cf7f0e860c2b25f40f9	repair-full	153	scale_strong_d6_n7680_c1_r3	7358890	153	scc-sb7.scc.bu.edu	Intel(R) Xeon(R) CPU E5-2650 v2 @ 2.60GHz	2026-08-29T08:26:42.600503938Z	2026-08-29T08:33:25.222486351Z	1787992002.599376	1787992405.2209873	0	0.0	1	403.0	142.596	18976239256	e166bd672435114f3b09e263fa5add68520a572495e4d012aed195aa92019355
e1514185445cab36f930c90a44c5a4e23326e027	fbed59bf26bd6cf641bec0946ff6d32cdfe992786852947c530678dd4c86a026	first	154	scale_strong_d6_n7680_c2_r1	7354867	154	scc-md4.scc.bu.edu	Intel(R) Xeon(R) CPU E5-2650 v2 @ 2.60GHz	2026-08-29T01:54:51.710550427Z	2026-08-29T01:58:18.290438331Z	1787968491.7092922	1787968698.2887866	0	0.0	1	207.0	151.065	29713657496	e4c320abd60b4ccc4fc1a8fdf914880fee6bf7fffcbbf98f6ce754a69c0a5806
e1514185445cab36f930c90a44c5a4e23326e027	fbed59bf26bd6cf641bec0946ff6d32cdfe992786852947c530678dd4c86a026	first	155	scale_strong_d6_n7680_c2_r2	7354867	155	scc-md7.scc.bu.edu	Intel(R) Xeon(R) CPU E5-2650 v2 @ 2.60GHz	2026-08-29T02:00:33.509107073Z	2026-08-29T02:09:42.474515020Z	1787968833.5078197	1787969382.472933	0	0.0	1	549.0	205.613	29981019210	22f3a857aeeb144de2271ae71e05acebb73352c8bdc3dd42ce4a83d7617b832e
e1514185445cab36f930c90a44c5a4e23326e027	fbed59bf26bd6cf641bec0946ff6d32cdfe992786852947c530678dd4c86a026	first	156	scale_strong_d6_n7680_c2_r3	7354867	156	scc-yp1.scc.bu.edu	Intel(R) Xeon(R) Gold 6132 CPU @ 2.60GHz	2026-08-29T02:01:24.804662115Z	2026-08-29T02:09:42.122394280Z	1787968884.8014286	1787969382.1179807	0	0.0	1	498.0	233.001	29464549393	2ec0584f4f95885ab33760f1fe31e34b890cb2f6950532bc1da5a8bdeeb20f08
e1514185445cab36f930c90a44c5a4e23326e027	fbed59bf26bd6cf641bec0946ff6d32cdfe992786852947c530678dd4c86a026	first	157	scale_strong_d6_n7680_c4_r1	7354867	157	scc-sb8.scc.bu.edu	Intel(R) Xeon(R) CPU E5-2650 v2 @ 2.60GHz	2026-08-29T02:02:30.264235656Z	2026-08-29T02:09:38.159870857Z	1787968950.262941	1787969378.1582477	0	0.0	1	428.0	282.827	49629420848	06aee523c12779656bd0f2ff0b7fa165e85959636e53e14b9b19b2ed16056fb4
e1514185445cab36f930c90a44c5a4e23326e027	fbed59bf26bd6cf641bec0946ff6d32cdfe992786852947c530678dd4c86a026	first	158	scale_strong_d6_n7680_c4_r2	7354867	158	scc-ke3.scc.bu.edu	Intel(R) Xeon(R) Gold 6426Y	2026-08-29T02:03:59.446337418Z	2026-08-29T02:13:44.389427484Z	1787969039.4454613	1787969624.3883464	0	0.0	1	585.0	180.294	49974091973	ccd9e6e222ae052ae47fa54ced4e47c3febb7f577d9c93698d1102d4a2482215
e1514185445cab36f930c90a44c5a4e23326e027	fbed59bf26bd6cf641bec0946ff6d32cdfe992786852947c530678dd4c86a026	first	159	scale_strong_d6_n7680_c4_r3	7354867	159	scc-h32.scc.bu.edu	INTEL(R) XEON(R) GOLD 6526Y	2026-08-29T02:07:04.611477002Z	2026-08-29T02:13:41.355752600Z	1787969224.610773	1787969621.3544776	1	396.7437045574188	2	397.0	143.044	49310519526	463b88b638f547035b926f5d549cf222428e145630beff52c7f942ca58f488c8
e1514185445cab36f930c90a44c5a4e23326e027	fbed59bf26bd6cf641bec0946ff6d32cdfe992786852947c530678dd4c86a026	first	160	scale_strong_d6_n7680_c8_r1	7354867	160	scc-c03.scc.bu.edu	Intel(R) Xeon(R) CPU E7-4809 v3 @ 2.00GHz	2026-08-29T02:08:59.635963232Z	2026-08-29T02:17:55.990798182Z	1787969339.6340868	1787969875.9884229	0	0.0	1	537.0	645.878	89606976439	65088171b838bed438a5cb192a57cef3a3bf659f169a17f3da9b839cdc60aa61
e1514185445cab36f930c90a44c5a4e23326e027	fbed59bf26bd6cf641bec0946ff6d32cdfe992786852947c530678dd4c86a026	first	161	scale_strong_d6_n7680_c8_r2	7354867	161	scc-yp1.scc.bu.edu	Intel(R) Xeon(R) Gold 6132 CPU @ 2.60GHz	2026-08-29T02:11:13.842688439Z	2026-08-29T02:15:50.405971477Z	1787969473.8393133	1787969750.401734	0	0.0	1	277.0	423.38	89866821960	24042e85bb386c10cae8c100b2adfdad3acaa4ac280ece37f5b7c00b45d34591
e1514185445cab36f930c90a44c5a4e23326e027	fbed59bf26bd6cf641bec0946ff6d32cdfe992786852947c530678dd4c86a026	first	162	scale_strong_d6_n7680_c8_r3	7354867	162	scc-md7.scc.bu.edu	Intel(R) Xeon(R) CPU E5-2650 v2 @ 2.60GHz	2026-08-29T02:11:13.502718421Z	2026-08-29T02:16:06.483867097Z	1787969473.5014787	1787969766.4823835	0	0.0	1	293.0	425.794	90141699867	87566eeee86616f31b611591d6e36e82f4209e9d7ae7debe2db22433649d7072
e1514185445cab36f930c90a44c5a4e23326e027	fbed59bf26bd6cf641bec0946ff6d32cdfe992786852947c530678dd4c86a026	first	163	scale_strong_d6_n7680_c16_r1	7354867	163	scc-sb8.scc.bu.edu	Intel(R) Xeon(R) CPU E5-2650 v2 @ 2.60GHz	2026-08-29T02:11:13.508397443Z	2026-08-29T02:20:16.103174555Z	1787969473.5071847	1787970016.1015303	0	0.0	1	543.0	836.207	177367116940	e92d28a4796e2cc9f9f1beac9e708287778b1cbcd07d33020106b4d1fec6e56b
e1514185445cab36f930c90a44c5a4e23326e027	fbed59bf26bd6cf641bec0946ff6d32cdfe992786852947c530678dd4c86a026	first	164	scale_strong_d6_n7680_c16_r2	7354867	164	scc-h32.scc.bu.edu	INTEL(R) XEON(R) GOLD 6526Y	2026-08-29T02:15:00.391901603Z	2026-08-29T02:16:04.079492065Z	1787969700.3910806	1787969764.0781534	1	63.68707275390625	2	64.0	327.556	177934052623	04a822f845bc68e9172d7b76d48110c3ce696c69f272675f531d7ec4e9b5d2e6
e1514185445cab36f930c90a44c5a4e23326e027	fbed59bf26bd6cf641bec0946ff6d32cdfe992786852947c530678dd4c86a026	first	165	scale_strong_d6_n7680_c16_r3	7354867	165	scc-ke3.scc.bu.edu	Intel(R) Xeon(R) Gold 6426Y	2026-08-29T02:15:00.442074801Z	2026-08-29T02:19:30.780550222Z	1787969700.4412289	1787969970.779113	0	0.0	1	270.0	441.615	177220014310	2d0b53c66166a59eeff5ccf3f967febd217efce699fb4a7cc6fd52ba30d51b95
ca162022833c3d6e6906c11cf4860baf0d52fd86	02d6eb6ffc96e0eb7eea1252605663e3e206c6ce177f3cf7f0e860c2b25f40f9	repair-full	166	scale_strong_d6_n30720_c1_r1	7358890	166	scc-sb4.scc.bu.edu	Intel(R) Xeon(R) CPU E5-2650 v2 @ 2.60GHz	2026-08-29T08:27:39.724599764Z	2026-08-29T08:31:27.087650666Z	1787992059.7233484	1787992287.0861554	0	0.0	1	228.0	141.63	18642305549	49347228a099fc16609d321b27b2a438f0fb5b7f1ec16e3eb82dc5c160d738aa
ca162022833c3d6e6906c11cf4860baf0d52fd86	02d6eb6ffc96e0eb7eea1252605663e3e206c6ce177f3cf7f0e860c2b25f40f9	repair-full	167	scale_strong_d6_n30720_c1_r2	7358890	167	scc-b17.scc.bu.edu	Intel(R) Xeon(R) 6737P	2026-08-29T08:28:56.637073112Z	2026-08-29T08:37:22.400204467Z	1787992136.636437	1787992642.3993933	0	0.0	1	506.0	88.294	18910741005	de0180dd8bdcf09804941e704b58b979ce068e7091b7a8017c608c76e1ca1730
ca162022833c3d6e6906c11cf4860baf0d52fd86	02d6eb6ffc96e0eb7eea1252605663e3e206c6ce177f3cf7f0e860c2b25f40f9	repair-full	168	scale_strong_d6_n30720_c1_r3	7358890	168	scc-b19.scc.bu.edu	Intel(R) Xeon(R) 6737P	2026-08-29T08:28:56.625852792Z	2026-08-29T08:30:28.030782956Z	1787992136.6251802	1787992228.0299795	1	91.40279984474182	2	92.0	52.319	18777597019	8f4010cc73e0f0e88ada3edb134d8a68ed743e741e5ec3ec552f6499196f6a05
e1514185445cab36f930c90a44c5a4e23326e027	fbed59bf26bd6cf641bec0946ff6d32cdfe992786852947c530678dd4c86a026	first	169	scale_strong_d6_n30720_c2_r1	7354867	169	scc-yp1.scc.bu.edu	Intel(R) Xeon(R) Gold 6132 CPU @ 2.60GHz	2026-08-29T02:20:16.795525186Z	2026-08-29T02:26:34.837739381Z	1787970016.7922487	1787970394.8332527	0	0.0	1	378.0	228.271	29418378494	918d8c702647053a57d1508ca7d59557262c19fe442a67493a68a9912e8f8047
e1514185445cab36f930c90a44c5a4e23326e027	fbed59bf26bd6cf641bec0946ff6d32cdfe992786852947c530678dd4c86a026	first	170	scale_strong_d6_n30720_c2_r2	7354867	170	scc-to3.scc.bu.edu	Intel(R) Xeon(R) CPU E5-2660 v3 @ 2.60GHz	2026-08-29T02:20:16.756833161Z	2026-08-29T02:32:57.736632383Z	1787970016.7543695	1787970777.7348897	0	0.0	1	761.0	423.987	29887603672	3084f18769231419d75e664ce8e37e0a4a949dfeb709fc10fdf82bdbe5e89a7e
e1514185445cab36f930c90a44c5a4e23326e027	fbed59bf26bd6cf641bec0946ff6d32cdfe992786852947c530678dd4c86a026	first	171	scale_strong_d6_n30720_c2_r3	7354867	171	scc-h32.scc.bu.edu	INTEL(R) XEON(R) GOLD 6526Y	2026-08-29T02:21:01.969261889Z	2026-08-29T02:26:44.629362548Z	1787970061.968311	1787970404.628056	1	342.65974497795105	2	343.0	106.983	29321741730	58d069cd1aca0ae00b34589baf2160168344466f59e5fdfb97dd2c9c7a3844be
e1514185445cab36f930c90a44c5a4e23326e027	fbed59bf26bd6cf641bec0946ff6d32cdfe992786852947c530678dd4c86a026	first	172	scale_strong_d6_n30720_c4_r1	7354867	172	scc-ke3.scc.bu.edu	Intel(R) Xeon(R) Gold 6426Y	2026-08-29T02:21:01.998215906Z	2026-08-29T02:26:36.881935160Z	1787970061.997054	1787970396.8807452	0	0.0	1	335.0	190.896	49125835932	a1eb13c0330bd4b907f1f517c8fe51a17c6f4abc71183e6e9005e1b014593f32
e1514185445cab36f930c90a44c5a4e23326e027	fbed59bf26bd6cf641bec0946ff6d32cdfe992786852947c530678dd4c86a026	first	173	scale_strong_d6_n30720_c4_r2	7354867	173	scc-sb8.scc.bu.edu	Intel(R) Xeon(R) CPU E5-2650 v2 @ 2.60GHz	2026-08-29T02:21:02.097630083Z	2026-08-29T02:26:54.901013276Z	1787970062.096338	1787970414.8994145	0	0.0	1	353.0	348.599	49859201598	c363aa86f10c7928e98b3892866e9bfd29bc4e821131c0369c0cb1d8f7555e97
e1514185445cab36f930c90a44c5a4e23326e027	fbed59bf26bd6cf641bec0946ff6d32cdfe992786852947c530678dd4c86a026	first	174	scale_strong_d6_n30720_c4_r3	7354867	174	scc-gm2.scc.bu.edu	Intel(R) Xeon(R) Gold 6242 CPU @ 2.80GHz	2026-08-29T02:26:07.484554163Z	2026-08-29T02:32:27.012170013Z	1787970367.4823327	1787970747.0096498	0	0.0	1	380.0	294.265	49694919099	cece10a0cecaaf9b76819b143507f6917978f4869a10d5f8306b17149fee2bf6
e1514185445cab36f930c90a44c5a4e23326e027	fbed59bf26bd6cf641bec0946ff6d32cdfe992786852947c530678dd4c86a026	first	175	scale_strong_d6_n30720_c8_r1	7354867	175	scc-ke3.scc.bu.edu	Intel(R) Xeon(R) Gold 6426Y	2026-08-29T02:28:07.369718296Z	2026-08-29T02:32:10.131487604Z	1787970487.3689218	1787970730.1303573	0	0.0	1	243.0	279.126	88349624763	1e907933ed8d05a0470e680e8e111aeb823d7e59f5820d3397b041ed7f4c6637
e1514185445cab36f930c90a44c5a4e23326e027	fbed59bf26bd6cf641bec0946ff6d32cdfe992786852947c530678dd4c86a026	first	176	scale_strong_d6_n30720_c8_r2	7354867	176	scc-h32.scc.bu.edu	INTEL(R) XEON(R) GOLD 6526Y	2026-08-29T02:28:07.357094799Z	2026-08-29T02:32:14.984261304Z	1787970487.3562686	1787970734.982949	1	247.6266803741455	2	248.0	241.948	88499948618	ba6f5f53ac9ceaccee5ef9ad5658660fb632d064e7f5233c6d014902b5da298c
e1514185445cab36f930c90a44c5a4e23326e027	fbed59bf26bd6cf641bec0946ff6d32cdfe992786852947c530678dd4c86a026	first	177	scale_strong_d6_n30720_c8_r3	7354867	177	scc-ke1.scc.bu.edu	Intel(R) Xeon(R) Gold 6426Y	2026-08-29T02:28:07.378102997Z	2026-08-29T02:32:19.351977006Z	1787970487.377283	1787970739.350828	0	0.0	1	252.0	277.544	88990648632	07b45b0baa050632667c10012d176b3e82456053b6c6d0de14445e0902d962a8
e1514185445cab36f930c90a44c5a4e23326e027	fbed59bf26bd6cf641bec0946ff6d32cdfe992786852947c530678dd4c86a026	first	178	scale_strong_d6_n30720_c16_r1	7354867	178	scc-md3.scc.bu.edu	Intel(R) Xeon(R) CPU E5-2650 v2 @ 2.60GHz	2026-08-29T02:29:15.408981570Z	2026-08-29T02:36:07.876302333Z	1787970555.4046738	1787970967.8746724	0	0.0	1	412.0	897.477	176959095047	1818e8a75b4794d14b638cf74fd81c7aef00e419096bf146d38042c1c3a3cb56
e1514185445cab36f930c90a44c5a4e23326e027	fbed59bf26bd6cf641bec0946ff6d32cdfe992786852947c530678dd4c86a026	first	179	scale_strong_d6_n30720_c16_r2	7354867	179	scc-sb8.scc.bu.edu	Intel(R) Xeon(R) CPU E5-2650 v2 @ 2.60GHz	2026-08-29T02:31:08.583398968Z	2026-08-29T02:39:48.069120939Z	1787970668.5821671	1787971188.0676343	0	0.0	1	520.0	893.632	177503482151	5dbb77f9c505a6af624585b0899d8b6ced756054cba2e20d8dd63c2e840b9816
e1514185445cab36f930c90a44c5a4e23326e027	fbed59bf26bd6cf641bec0946ff6d32cdfe992786852947c530678dd4c86a026	first	180	scale_strong_d6_n30720_c16_r3	7354867	180	scc-h32.scc.bu.edu	INTEL(R) XEON(R) GOLD 6526Y	2026-08-29T02:33:00.845059135Z	2026-08-29T02:34:35.392427159Z	1787970780.8442338	1787970875.391231	1	94.54699730873108	2	95.0	366.875	177054658069	1085f6b0702b7b89c809e85ac4618b859fd28ac5f1ff24b08c3678987490219b
ca162022833c3d6e6906c11cf4860baf0d52fd86	02d6eb6ffc96e0eb7eea1252605663e3e206c6ce177f3cf7f0e860c2b25f40f9	repair-full	181	scale_strong_d6_n122880_c1_r1	7358890	181	scc-b19.scc.bu.edu	Intel(R) Xeon(R) 6737P	2026-08-29T08:28:56.627794262Z	2026-08-29T08:34:40.395561524Z	1787992136.6271796	1787992480.3947325	2	251.22825694084167	2	344.0	167.421	18831284110	d67f7de436a3f58d1e43b4e19e4e4f5d7a9f8d49c7b44c9067657a8eb2e13f4e
ca162022833c3d6e6906c11cf4860baf0d52fd86	02d6eb6ffc96e0eb7eea1252605663e3e206c6ce177f3cf7f0e860c2b25f40f9	repair-full	182	scale_strong_d6_n122880_c1_r2	7358890	182	scc-kc2.scc.bu.edu	Intel(R) Xeon(R) Gold 6426Y	2026-08-29T08:28:56.667078200Z	2026-08-29T08:33:36.856126595Z	1787992136.6660237	1787992416.8549235	0	0.0	1	280.0	171.211	18851685204	eeb34277c0d66d1466216d4d33125b620ee24050556c10bc3f769e63dd7a5885
ca162022833c3d6e6906c11cf4860baf0d52fd86	02d6eb6ffc96e0eb7eea1252605663e3e206c6ce177f3cf7f0e860c2b25f40f9	repair-full	183	scale_strong_d6_n122880_c1_r3	7358890	183	scc-sb6.scc.bu.edu	Intel(R) Xeon(R) CPU E5-2650 v2 @ 2.60GHz	2026-08-29T08:28:56.761474497Z	2026-08-29T08:35:34.743540513Z	1787992136.760273	1787992534.7420785	0	0.0	1	398.0	363.238	18888192426	c5f7caa6c543c66b09c7a78b917a9a087ae2329dd4b8c9a435770e1d8ef4db09
e1514185445cab36f930c90a44c5a4e23326e027	fbed59bf26bd6cf641bec0946ff6d32cdfe992786852947c530678dd4c86a026	first	184	scale_strong_d6_n122880_c2_r1	7354867	184	scc-na2.scc.bu.edu	Intel(R) Xeon(R) CPU E5-2650 v2 @ 2.60GHz	2026-08-29T02:35:58.622651343Z	2026-08-29T02:44:54.795902380Z	1787970958.6214333	1787971494.7944067	0	0.0	1	536.0	567.388	29765197104	ca802f70691a981b8ce3d53e82c6b59e14dc1a91a1b31c7423280a496c77d645
e1514185445cab36f930c90a44c5a4e23326e027	fbed59bf26bd6cf641bec0946ff6d32cdfe992786852947c530678dd4c86a026	first	185	scale_strong_d6_n122880_c2_r2	7354867	185	scc-md3.scc.bu.edu	Intel(R) Xeon(R) CPU E5-2650 v2 @ 2.60GHz	2026-08-29T02:37:11.721239642Z	2026-08-29T02:46:17.625710082Z	1787971031.720014	1787971577.6240914	0	0.0	1	546.0	565.934	29372207596	06b6734b6173d9067a6496c7d74de294fbe1925b980001f890829e259731bed6
e1514185445cab36f930c90a44c5a4e23326e027	fbed59bf26bd6cf641bec0946ff6d32cdfe992786852947c530678dd4c86a026	first	186	scale_strong_d6_n122880_c2_r3	7354867	186	scc-ke1.scc.bu.edu	Intel(R) Xeon(R) Gold 6426Y	2026-08-29T02:38:10.326189436Z	2026-08-29T02:41:47.586412000Z	1787971090.325165	1787971307.5851147	0	0.0	1	217.0	282.802	29789893166	4cc6f82d8a78cdf20cc6febee9f77f88d53e436e0bd432158af6cac7cd5680ec
e1514185445cab36f930c90a44c5a4e23326e027	fbed59bf26bd6cf641bec0946ff6d32cdfe992786852947c530678dd4c86a026	first	187	scale_strong_d6_n122880_c4_r1	7354867	187	scc-md8.scc.bu.edu	Intel(R) Xeon(R) CPU E5-2650 v2 @ 2.60GHz	2026-08-29T02:39:05.547279846Z	2026-08-29T02:45:42.108807529Z	1787971145.5436187	1787971542.1073065	0	0.0	1	397.0	903.84	49942953460	eef479a15417198fe6b443e41feb231c898ceb6f98ac9ec0b2a681da54f477b0
e1514185445cab36f930c90a44c5a4e23326e027	fbed59bf26bd6cf641bec0946ff6d32cdfe992786852947c530678dd4c86a026	first	188	scale_strong_d6_n122880_c4_r2	7354867	188	scc-ne4.scc.bu.edu	Intel(R) Xeon(R) CPU E5-2650 v2 @ 2.60GHz	2026-08-29T02:40:13.342860354Z	2026-08-29T02:46:40.070215941Z	1787971213.3415873	1787971600.068653	0	0.0	1	387.0	898.319	49557480145	c6350968d286ea63c984b7d4dc43254499e850e7453829ecdabbb56b3d50a617
e1514185445cab36f930c90a44c5a4e23326e027	fbed59bf26bd6cf641bec0946ff6d32cdfe992786852947c530678dd4c86a026	first	189	scale_strong_d6_n122880_c4_r3	7354867	189	scc-sb5.scc.bu.edu	Intel(R) Xeon(R) CPU E5-2650 v2 @ 2.60GHz	2026-08-29T02:40:13.434404203Z	2026-08-29T02:48:27.555134119Z	1787971213.4332054	1787971707.5534954	0	0.0	1	494.0	924.872	49785113412	c2339d3c4563e3e3c1f8fce1548205a15a546c2fbccbf2f1e4fa8d503f7f9d08
e1514185445cab36f930c90a44c5a4e23326e027	fbed59bf26bd6cf641bec0946ff6d32cdfe992786852947c530678dd4c86a026	first	190	scale_strong_d6_n122880_c8_r1	7354867	190	scc-ke3.scc.bu.edu	Intel(R) Xeon(R) Gold 6426Y	2026-08-29T02:41:10.898559913Z	2026-08-29T02:45:28.919825562Z	1787971270.8976808	1787971528.918447	0	0.0	1	258.0	513.992	89884001829	a772a8285140cde64adeec9998a82921517a356b9afec9c18a762ee7319deace
e1514185445cab36f930c90a44c5a4e23326e027	fbed59bf26bd6cf641bec0946ff6d32cdfe992786852947c530678dd4c86a026	first	191	scale_strong_d6_n122880_c8_r2	7354867	191	scc-mb6.scc.bu.edu	Intel(R) Xeon(R) CPU E5-2650 v2 @ 2.60GHz	2026-08-29T02:41:11.119900426Z	2026-08-29T02:48:22.681837102Z	1787971271.1136231	1787971702.680262	0	0.0	1	432.0	1065.765	89452357616	b59118d53e7c04794467750b62fb6c4540428bca05a61dd881f45bf9f4769394
e1514185445cab36f930c90a44c5a4e23326e027	fbed59bf26bd6cf641bec0946ff6d32cdfe992786852947c530678dd4c86a026	first	192	scale_strong_d6_n122880_c8_r3	7354867	192	scc-ke1.scc.bu.edu	Intel(R) Xeon(R) Gold 6426Y	2026-08-29T02:43:08.121970335Z	2026-08-29T02:46:36.728374678Z	1787971388.120959	1787971596.7271335	0	0.0	1	209.0	560.825	89398670525	61d17feea0d9dfbd0ce53688398bd585edfd9ab31a9a5165666e5e9380abe36a
e1514185445cab36f930c90a44c5a4e23326e027	fbed59bf26bd6cf641bec0946ff6d32cdfe992786852947c530678dd4c86a026	first	193	scale_strong_d6_n122880_c16_r1	7354867	193	scc-md7.scc.bu.edu	Intel(R) Xeon(R) CPU E5-2650 v2 @ 2.60GHz	2026-08-29T02:43:08.216561984Z	2026-08-29T02:50:42.614754023Z	1787971388.2152832	1787971842.6130552	0	0.0	1	454.0	1445.506	176980569883	922d4bb6a3e4c0eae40a2f17b6a1c75f09f3d353d55acea2fe3d72f9d072bc19
e1514185445cab36f930c90a44c5a4e23326e027	fbed59bf26bd6cf641bec0946ff6d32cdfe992786852947c530678dd4c86a026	first	194	scale_strong_d6_n122880_c16_r2	7354867	194	scc-sb8.scc.bu.edu	Intel(R) Xeon(R) CPU E5-2650 v2 @ 2.60GHz	2026-08-29T02:44:14.384954241Z	2026-08-29T02:54:17.849694751Z	1787971454.383652	1787972057.8481443	0	0.0	1	603.0	1485.785	176194590868	77897739d21e6a76009d1b3f2a59e3595688d77941cb885ed5eb53f091c7204b
e1514185445cab36f930c90a44c5a4e23326e027	fbed59bf26bd6cf641bec0946ff6d32cdfe992786852947c530678dd4c86a026	first	195	scale_strong_d6_n122880_c16_r3	7354867	195	scc-na2.scc.bu.edu	Intel(R) Xeon(R) CPU E5-2650 v2 @ 2.60GHz	2026-08-29T02:46:09.930597305Z	2026-08-29T02:57:35.424824659Z	1787971569.9293325	1787972255.4231331	0	0.0	1	686.0	1516.878	176008833532	ccd8a3e7415b51c3b2540b130031d9038ea4512d4cc5eb681c4c959e5aaf8799
ca162022833c3d6e6906c11cf4860baf0d52fd86	02d6eb6ffc96e0eb7eea1252605663e3e206c6ce177f3cf7f0e860c2b25f40f9	repair-full	196	scale_strong_d6_n491520_c1_r1	7358890	196	scc-pf4.scc.bu.edu	Intel(R) Xeon(R) CPU E5-2650 v2 @ 2.60GHz	2026-08-29T08:29:45.348087564Z	2026-08-29T08:53:24.963563860Z	1787992185.3467484	1787993604.961917	0	0.0	1	1419.0	1444.166	19288698127	9a5fc1c660eadda01fcddf00e44c55577e6c7ebbb8c890994348d6c880dd1488
ca162022833c3d6e6906c11cf4860baf0d52fd86	02d6eb6ffc96e0eb7eea1252605663e3e206c6ce177f3cf7f0e860c2b25f40f9	repair-full	197	scale_strong_d6_n491520_c1_r2	7358890	197	scc-pg1.scc.bu.edu	Intel(R) Xeon(R) CPU E5-2650 v2 @ 2.60GHz	2026-08-29T08:29:45.350469900Z	2026-08-29T08:52:15.490384788Z	1787992185.3492215	1787993535.4887593	0	0.0	1	1350.0	1441.674	19339163993	b71992c3d7596b6e70d59c807e91bdaa91f701d6326ce42fb420dbcdf5beca3c
ca162022833c3d6e6906c11cf4860baf0d52fd86	02d6eb6ffc96e0eb7eea1252605663e3e206c6ce177f3cf7f0e860c2b25f40f9	repair-full	198	scale_strong_d6_n491520_c1_r3	7358890	198	scc-ke1.scc.bu.edu	Intel(R) Xeon(R) Gold 6426Y	2026-08-29T08:29:45.275664843Z	2026-08-29T08:41:14.944131615Z	1787992185.2747645	1787992874.9429216	0	0.0	1	689.0	706.519	19291919352	51cdbd33277bde2ce2039fc9b7b65b9d0a28a08e56493c55f4b58208aa89eaa8
e1514185445cab36f930c90a44c5a4e23326e027	fbed59bf26bd6cf641bec0946ff6d32cdfe992786852947c530678dd4c86a026	first	199	scale_strong_d6_n491520_c2_r1	7354867	199	scc-ke1.scc.bu.edu	Intel(R) Xeon(R) Gold 6426Y	2026-08-29T02:48:04.908838214Z	2026-08-29T03:00:36.868432310Z	1787971684.9079347	1787972436.8669815	0	0.0	1	752.0	1135.817	30268782019	748eb60fb763023453c6cd8701aaf28865bbf0478dae1f57692c1386b7a46ca7
e1514185445cab36f930c90a44c5a4e23326e027	fbed59bf26bd6cf641bec0946ff6d32cdfe992786852947c530678dd4c86a026	first	200	scale_strong_d6_n491520_c2_r2	7354867	200	scc-mh4.scc.bu.edu	Intel(R) Xeon(R) CPU E5-2650 v2 @ 2.60GHz	2026-08-29T02:48:05.018380073Z	2026-08-29T03:07:24.425489831Z	1787971685.0171404	1787972844.4238722	0	0.0	1	1160.0	2040.606	30530775024	953b6117c6019a9ec5632aaa31c2ed2d9aa7261b6ada3eaf111682d643d92349
e1514185445cab36f930c90a44c5a4e23326e027	fbed59bf26bd6cf641bec0946ff6d32cdfe992786852947c530678dd4c86a026	first	201	scale_strong_d6_n491520_c2_r3	7354867	201	scc-tg1.scc.bu.edu	Intel(R) Xeon(R) CPU E5-2660 v3 @ 2.60GHz	2026-08-29T02:49:13.153061565Z	2026-08-29T03:07:19.208981679Z	1787971753.1506376	1787972839.2073076	0	0.0	1	1087.0	2080.206	30210799961	222ba56d24e07887fe135b588ab04709dab16599232f22704cc42baf39ca633e
e1514185445cab36f930c90a44c5a4e23326e027	fbed59bf26bd6cf641bec0946ff6d32cdfe992786852947c530678dd4c86a026	first	202	scale_strong_d6_n491520_c4_r1	7354867	202	scc-ke3.scc.bu.edu	Intel(R) Xeon(R) Gold 6426Y	2026-08-29T02:49:12.866372907Z	2026-08-29T02:59:14.087548041Z	1787971752.8653078	1787972354.0862515	0	0.0	1	602.0	1753.818	50251117364	56583844bd728c4b612cd748df4b7bd846a65884add2438b21eae4c756d8eeb8
e1514185445cab36f930c90a44c5a4e23326e027	fbed59bf26bd6cf641bec0946ff6d32cdfe992786852947c530678dd4c86a026	first	203	scale_strong_d6_n491520_c4_r2	7354867	203	scc-mc8.scc.bu.edu	Intel(R) Xeon(R) CPU E5-2650 v2 @ 2.60GHz	2026-08-29T02:49:12.959398871Z	2026-08-29T03:11:40.399856813Z	1787971752.9581947	1787973100.3983922	0	0.0	1	1348.0	3363.026	50489488049	d7d1ec7262a79127b099fc7a4b713e67b4a2cb25f404abb5ed458d4923e97ee4
e1514185445cab36f930c90a44c5a4e23326e027	fbed59bf26bd6cf641bec0946ff6d32cdfe992786852947c530678dd4c86a026	first	204	scale_strong_d6_n491520_c4_r3	7354867	204	scc-mb6.scc.bu.edu	Intel(R) Xeon(R) CPU E5-2650 v2 @ 2.60GHz	2026-08-29T02:49:12.978764524Z	2026-08-29T03:12:13.711772385Z	1787971752.9775524	1787973133.7102318	0	0.0	1	1381.0	3376.354	50485193081	9bcf7e7f09c0788bdc0b4aa120ae6d3deb82612e96f1d1416df428cf72ce8117
e1514185445cab36f930c90a44c5a4e23326e027	fbed59bf26bd6cf641bec0946ff6d32cdfe992786852947c530678dd4c86a026	first	205	scale_strong_d6_n491520_c8_r1	7354867	205	scc-sb5.scc.bu.edu	Intel(R) Xeon(R) CPU E5-2650 v2 @ 2.60GHz	2026-08-29T02:49:12.961943700Z	2026-08-29T03:05:55.916847216Z	1787971752.9606128	1787972755.9152455	0	0.0	1	1003.0	3569.434	90596966400	bf3aef6660133c3080b4f1066c11b2776506f6d09fa413c26f16c5bd8489d5e3
e1514185445cab36f930c90a44c5a4e23326e027	fbed59bf26bd6cf641bec0946ff6d32cdfe992786852947c530678dd4c86a026	first	206	scale_strong_d6_n491520_c8_r2	7354867	206	scc-mc7.scc.bu.edu	Intel(R) Xeon(R) CPU E5-2650 v2 @ 2.60GHz	2026-08-29T02:51:06.868914552Z	2026-08-29T03:09:57.496355591Z	1787971866.867586	1787972997.4948509	0	0.0	1	1131.0	3539.923	90950227461	9bbe1a3cf78220c788d6dccd8be09221cfc3d695013ba10b1b394a0d62377773
e1514185445cab36f930c90a44c5a4e23326e027	fbed59bf26bd6cf641bec0946ff6d32cdfe992786852947c530678dd4c86a026	first	207	scale_strong_d6_n491520_c8_r3	7354867	207	scc-mh5.scc.bu.edu	Intel(R) Xeon(R) CPU E5-2650 v2 @ 2.60GHz	2026-08-29T02:51:06.853544784Z	2026-08-29T03:07:44.464834036Z	1787971866.85231	1787972864.4632561	0	0.0	1	998.0	3514.827	90153511027	a1a0ad54917fe0c340d7badf62b5b70adb3d2ee501036b39bb7420bfbffb03de
e1514185445cab36f930c90a44c5a4e23326e027	fbed59bf26bd6cf641bec0946ff6d32cdfe992786852947c530678dd4c86a026	first	208	scale_strong_d6_n491520_c16_r1	7354867	208	scc-ne4.scc.bu.edu	Intel(R) Xeon(R) CPU E5-2650 v2 @ 2.60GHz	2026-08-29T02:51:06.867073189Z	2026-08-29T03:08:11.347349486Z	1787971866.8658137	1787972891.3457968	0	0.0	1	1025.0	3948.147	179531780457	54d91a6652012d78a8b1ce54cc3eb7da8fe921412d77816cb0e294e15ccb7208
e1514185445cab36f930c90a44c5a4e23326e027	fbed59bf26bd6cf641bec0946ff6d32cdfe992786852947c530678dd4c86a026	first	209	scale_strong_d6_n491520_c16_r2	7354867	209	scc-sa1.scc.bu.edu	Intel(R) Xeon(R) CPU E5-2650 v2 @ 2.60GHz	2026-08-29T02:52:09.387230257Z	2026-08-29T03:12:06.365501607Z	1787971929.3859522	1787973126.3639183	0	0.0	1	1197.0	3959.727	179519969297	5e9fa46218c75996d184fb1ad5cde7d5f949c449f88cac0d3fbdc063f29ec5e1
e1514185445cab36f930c90a44c5a4e23326e027	fbed59bf26bd6cf641bec0946ff6d32cdfe992786852947c530678dd4c86a026	first	210	scale_strong_d6_n491520_c16_r3	7354867	210	scc-eb2.scc.bu.edu	Intel(R) Xeon(R) Gold 6242 CPU @ 2.80GHz	2026-08-29T02:53:13.759412034Z	2026-08-29T03:09:34.150043959Z	1787971993.757281	1787972974.1474042	0	0.0	1	981.0	3340.601	178232552850	1349624b02be376ff951fb8b222c6942f8f31d4571e79addbb2fec60f9d4f1c4
ca162022833c3d6e6906c11cf4860baf0d52fd86	02d6eb6ffc96e0eb7eea1252605663e3e206c6ce177f3cf7f0e860c2b25f40f9	repair-full	211	scale_strong_d6_n1966080_c1_r1	7358890	211	scc-b15.scc.bu.edu	Intel(R) Xeon(R) 6737P	2026-08-29T08:30:39.103436669Z	2026-08-29T09:23:36.649987343Z	1787992239.1028297	1787995416.6491208	2	138.90757250785828	2	3178.0	3307.741	13711683093	ad3e6e000616f8f5d2cf2dca7ee5ddd178c95e6be36ad4bc189fcf58f6e428da
ca162022833c3d6e6906c11cf4860baf0d52fd86	02d6eb6ffc96e0eb7eea1252605663e3e206c6ce177f3cf7f0e860c2b25f40f9	repair-full	212	scale_strong_d6_n1966080_c1_r2	7358890	212	scc-pg7.scc.bu.edu	Intel(R) Xeon(R) CPU E5-2650 v2 @ 2.60GHz	2026-08-29T08:32:00.673264228Z	2026-08-29T10:05:19.583635439Z	1787992320.6719823	1787997919.5820203	0	0.0	1	5599.0	6001.184	20760798168	1c8ab092ce966c31d9556b8ebf3d671d42ec72ef9685a9cf313cc98da2290c94
ca162022833c3d6e6906c11cf4860baf0d52fd86	02d6eb6ffc96e0eb7eea1252605663e3e206c6ce177f3cf7f0e860c2b25f40f9	repair-full	213	scale_strong_d6_n1966080_c1_r3	7358890	213	scc-b19.scc.bu.edu	Intel(R) Xeon(R) 6737P	2026-08-29T08:32:00.569861544Z	2026-08-29T09:31:39.508459637Z	1787992320.5692754	1787995899.5075781	4	3008.3048396110535	2	3579.0	3651.594	20556787221	f5cdbe8f4e3e9b6a4e4d49e2a3fb82cba9bf1b6e03ac6a48b938f23049c0c4b9
e1514185445cab36f930c90a44c5a4e23326e027	fbed59bf26bd6cf641bec0946ff6d32cdfe992786852947c530678dd4c86a026	first	214	scale_strong_d6_n1966080_c2_r1	7354867	214	scc-me8.scc.bu.edu	Intel(R) Xeon(R) CPU E5-2650 v2 @ 2.60GHz	2026-08-29T02:57:42.782160956Z	2026-08-29T04:13:15.930810716Z	1787972262.7808745	1787976795.9292474	0	0.0	1	4533.0	7914.794	32595580552	abc75a0ffcf6de74fa83c82dd878369ba9bee2489e2037248be877d49d02e179
e1514185445cab36f930c90a44c5a4e23326e027	fbed59bf26bd6cf641bec0946ff6d32cdfe992786852947c530678dd4c86a026	first	215	scale_strong_d6_n1966080_c2_r2	7354867	215	scc-te2.scc.bu.edu	Intel(R) Xeon(R) CPU E5-2660 v3 @ 2.60GHz	2026-08-29T03:00:17.788816360Z	2026-08-29T04:16:16.951874304Z	1787972417.786372	1787976976.9503064	0	0.0	1	4560.0	8350.352	32421634376	62bb91839ade534364141e1971c3d0568ad9cc369a4c0df1540cc64cf726f55b
e1514185445cab36f930c90a44c5a4e23326e027	fbed59bf26bd6cf641bec0946ff6d32cdfe992786852947c530678dd4c86a026	first	216	scale_strong_d6_n1966080_c2_r3	7354867	216	scc-mf7.scc.bu.edu	Intel(R) Xeon(R) CPU E5-2650 v2 @ 2.60GHz	2026-08-29T03:00:17.317494953Z	2026-08-29T04:21:54.005886690Z	1787972417.316267	1787977314.0042486	0	0.0	1	4897.0	7883.371	31938450555	7009227d571f83b2c8f54de82f1ee725ac3de885649038043498e978224e01af
e1514185445cab36f930c90a44c5a4e23326e027	fbed59bf26bd6cf641bec0946ff6d32cdfe992786852947c530678dd4c86a026	first	217	scale_strong_d6_n1966080_c4_r1	7354867	217	scc-na2.scc.bu.edu	Intel(R) Xeon(R) CPU E5-2650 v2 @ 2.60GHz	2026-08-29T03:00:17.293829821Z	2026-08-29T04:04:08.609329836Z	1787972417.2925782	1787976248.6076934	0	0.0	1	3831.0	11785.84	52648782857	231aebf81116ef2708587a889e635de37764790c1818fa056f289a7914e17020
e1514185445cab36f930c90a44c5a4e23326e027	fbed59bf26bd6cf641bec0946ff6d32cdfe992786852947c530678dd4c86a026	first	218	scale_strong_d6_n1966080_c4_r2	7354867	218	scc-eg1.scc.bu.edu	Intel(R) Xeon(R) Gold 6226R CPU @ 2.90GHz	2026-08-29T03:01:52.321028348Z	2026-08-29T04:01:21.087206366Z	1787972512.3184319	1787976081.084248	0	0.0	1	3569.0	10394.435	52839908901	46f0a473c40ab45c072d2a1d389cde506db44deceeac42c456c3855a4de332f1
e1514185445cab36f930c90a44c5a4e23326e027	fbed59bf26bd6cf641bec0946ff6d32cdfe992786852947c530678dd4c86a026	first	219	scale_strong_d6_n1966080_c4_r3	7354867	219	scc-h32.scc.bu.edu	INTEL(R) XEON(R) GOLD 6526Y	2026-08-29T03:01:14.548377424Z	2026-08-29T03:35:12.730203409Z	1787972474.547718	1787974512.7291658	1	1814.390125989914	2	2038.0	6635.974	53229677183	a72ea71784caceaa2390d1456b109ffca4fdd023e766e98bdd610e669a31db4f
e1514185445cab36f930c90a44c5a4e23326e027	fbed59bf26bd6cf641bec0946ff6d32cdfe992786852947c530678dd4c86a026	first	220	scale_strong_d6_n1966080_c8_r1	7354867	220	scc-ke3.scc.bu.edu	Intel(R) Xeon(R) Gold 6426Y	2026-08-29T03:03:06.327536714Z	2026-08-29T03:36:19.622931042Z	1787972586.326515	1787974579.6215217	0	0.0	1	1993.0	7400.984	95458869380	751c8bc561962fee7af353491b5ae3ba86bc02776efc1a20a95aad096890885f
e1514185445cab36f930c90a44c5a4e23326e027	fbed59bf26bd6cf641bec0946ff6d32cdfe992786852947c530678dd4c86a026	first	221	scale_strong_d6_n1966080_c8_r2	7354867	221	scc-h32.scc.bu.edu	INTEL(R) XEON(R) GOLD 6526Y	2026-08-29T03:03:06.301154906Z	2026-08-29T03:33:20.691751786Z	1787972586.300459	1787974400.690585	1	1814.390125989914	2	1814.0	6722.448	95784213152	6067e531aa149e61f93a2cc456087661ccf25a42a987ece52a9ee3545f787e38
e1514185445cab36f930c90a44c5a4e23326e027	fbed59bf26bd6cf641bec0946ff6d32cdfe992786852947c530678dd4c86a026	first	222	scale_strong_d6_n1966080_c8_r3	7354867	222	scc-ke1.scc.bu.edu	Intel(R) Xeon(R) Gold 6426Y	2026-08-29T03:03:06.334156304Z	2026-08-29T03:34:56.049705371Z	1787972586.3332705	1787974496.0486484	0	0.0	1	1910.0	7082.291	96271691940	02d3230ead1693207ea41038e11adc736f30d8e8ef0149ad82e59ab9705e0f26
e1514185445cab36f930c90a44c5a4e23326e027	fbed59bf26bd6cf641bec0946ff6d32cdfe992786852947c530678dd4c86a026	first	223	scale_strong_d6_n1966080_c16_r1	7354867	223	scc-mb7.scc.bu.edu	Intel(R) Xeon(R) CPU E5-2650 v2 @ 2.60GHz	2026-08-29T03:03:06.440736287Z	2026-08-29T04:06:04.954836069Z	1787972586.4394207	1787976364.9532578	0	0.0	1	3778.0	12664.768	187034014581	2d7f99c5b8d064fbc1288ba11c60abc59856d97b53330047c39a646d95224689
e1514185445cab36f930c90a44c5a4e23326e027	fbed59bf26bd6cf641bec0946ff6d32cdfe992786852947c530678dd4c86a026	first	224	scale_strong_d6_n1966080_c16_r2	7354867	224	scc-cb6.scc.bu.edu	Intel(R) Xeon(R) CPU E5-2650 v2 @ 2.60GHz	2026-08-29T03:05:08.676203599Z	2026-08-29T04:04:16.749084745Z	1787972708.6748946	1787976256.747526	0	0.0	1	3548.0	12555.703	197492259947	fa7c40ffa74857361caf8410aa5f0b1e5f7b70c6c3e31a513bcf2517066e2121
e1514185445cab36f930c90a44c5a4e23326e027	fbed59bf26bd6cf641bec0946ff6d32cdfe992786852947c530678dd4c86a026	first	225	scale_strong_d6_n1966080_c16_r3	7354867	225	scc-cb4.scc.bu.edu	Intel(R) Xeon(R) CPU E5-2670 0 @ 2.60GHz	2026-08-29T03:05:08.692209638Z	2026-08-29T04:06:02.423102158Z	1787972708.6908662	1787976362.4212937	0	0.0	1	3654.0	13089.405	185934502953	72cca43dc458e728d1cedc5ce3d3918b6f5aeaa397040a578220a052d8e09fd0
ca162022833c3d6e6906c11cf4860baf0d52fd86	02d6eb6ffc96e0eb7eea1252605663e3e206c6ce177f3cf7f0e860c2b25f40f9	repair-full	226	scale_weak_d3_n7680_c1_r1	7358890	226	scc-b18.scc.bu.edu	Intel(R) Xeon(R) 6737P	2026-08-29T08:32:00.582677030Z	2026-08-29T08:33:33.456753067Z	1787992320.5820682	1787992413.4559407	0	0.0	1	93.0	42.989	18843095270	ef7432ce0c06469392e48757f3c96dce7eb65b8d9c7b05f15ce26e8c71d0c52e
ca162022833c3d6e6906c11cf4860baf0d52fd86	02d6eb6ffc96e0eb7eea1252605663e3e206c6ce177f3cf7f0e860c2b25f40f9	repair-full	227	scale_weak_d3_n7680_c1_r2	7358890	227	scc-b11.scc.bu.edu	Intel(R) Xeon(R) 6737P	2026-08-29T08:32:44.030549793Z	2026-08-29T08:35:00.247354413Z	1787992364.029928	1787992500.2464304	0	0.0	1	137.0	50.42	18843095270	9be162f21a5bcca6369d40f63909b0648fee6c1b6365a60f938c17338e3c541e
ca162022833c3d6e6906c11cf4860baf0d52fd86	02d6eb6ffc96e0eb7eea1252605663e3e206c6ce177f3cf7f0e860c2b25f40f9	repair-full	228	scale_weak_d3_n7680_c1_r3	7358890	228	scc-b15.scc.bu.edu	Intel(R) Xeon(R) 6737P	2026-08-29T08:32:44.024712381Z	2026-08-29T08:33:38.672337035Z	1787992364.0240352	1787992418.6715536	1	54.64751839637756	2	55.0	40.198	18921478423	e2b8ed963f18602382a9153b5d204defa110c9eec139d927a660aafc987219da
ca162022833c3d6e6906c11cf4860baf0d52fd86	02d6eb6ffc96e0eb7eea1252605663e3e206c6ce177f3cf7f0e860c2b25f40f9	repair-full	229	scale_weak_d3_n7680_c2_r1	7358890	229	scc-sb4.scc.bu.edu	Intel(R) Xeon(R) CPU E5-2650 v2 @ 2.60GHz	2026-08-29T08:32:44.157128954Z	2026-08-29T08:34:22.414158980Z	1787992364.1559105	1787992462.4127314	0	0.0	1	99.0	145.841	29748017234	7038aea145b5b9f492ef36bf127aea2ae98ac4d6c0fd8a314f406be34f73ec6b
ca162022833c3d6e6906c11cf4860baf0d52fd86	02d6eb6ffc96e0eb7eea1252605663e3e206c6ce177f3cf7f0e860c2b25f40f9	repair-full	230	scale_weak_d3_n7680_c2_r2	7358890	230	scc-b23.scc.bu.edu	Intel(R) Xeon(R) 6737P	2026-08-29T08:33:40.885949318Z	2026-08-29T08:42:00.567681806Z	1787992420.8853717	1787992920.5668397	0	0.0	1	500.0	100.988	29615946990	46dd043d72f8704c121333b0657f3bf3f2556e4095045b2bf589dc13994db561
ca162022833c3d6e6906c11cf4860baf0d52fd86	02d6eb6ffc96e0eb7eea1252605663e3e206c6ce177f3cf7f0e860c2b25f40f9	repair-full	231	scale_weak_d3_n7680_c2_r3	7358890	231	scc-sa7.scc.bu.edu	Intel(R) Xeon(R) CPU E5-2650 v2 @ 2.60GHz	2026-08-29T08:33:41.018079990Z	2026-08-29T08:41:17.220388471Z	1787992421.0167563	1787992877.2187834	0	0.0	1	457.0	198.881	29752312202	94bbb962bd64323031e896c3dcac4204bda0d81546fa71bab52d8687150d79cf
ca162022833c3d6e6906c11cf4860baf0d52fd86	02d6eb6ffc96e0eb7eea1252605663e3e206c6ce177f3cf7f0e860c2b25f40f9	repair-full	232	scale_weak_d3_n7680_c4_r1	7358890	232	scc-b18.scc.bu.edu	Intel(R) Xeon(R) 6737P	2026-08-29T08:34:58.677250383Z	2026-08-29T08:37:03.200450610Z	1787992498.6766567	1787992623.1996439	0	0.0	1	125.0	107.046	49840947987	d28881efb5d0c0c2cab863ec58b807fce51fa37524559bfda0293497c19ac1a4
ca162022833c3d6e6906c11cf4860baf0d52fd86	02d6eb6ffc96e0eb7eea1252605663e3e206c6ce177f3cf7f0e860c2b25f40f9	repair-full	233	scale_weak_d3_n7680_c4_r2	7358890	233	scc-kc2.scc.bu.edu	Intel(R) Xeon(R) Gold 6426Y	2026-08-29T08:34:58.706946363Z	2026-08-29T08:37:39.621331170Z	1787992498.705968	1787992659.620125	0	0.0	1	161.0	132.618	49316961977	6c7892893cd35fad8f7e6eab98d8ab891d9510fd7f452fd90603df0246e62b88
ca162022833c3d6e6906c11cf4860baf0d52fd86	02d6eb6ffc96e0eb7eea1252605663e3e206c6ce177f3cf7f0e860c2b25f40f9	repair-full	234	scale_weak_d3_n7680_c4_r3	7358890	234	scc-sb7.scc.bu.edu	Intel(R) Xeon(R) CPU E5-2650 v2 @ 2.60GHz	2026-08-29T08:34:58.803341026Z	2026-08-29T08:37:45.268256401Z	1787992498.8020995	1787992665.2666552	0	0.0	1	167.0	258.01	49709951484	da9fc08708fac16c7110df82a85e86ff388cdb11d24130abd0e53b01aa8fd6d8
ca162022833c3d6e6906c11cf4860baf0d52fd86	02d6eb6ffc96e0eb7eea1252605663e3e206c6ce177f3cf7f0e860c2b25f40f9	repair-full	235	scale_weak_d3_n7680_c8_r1	7358890	235	scc-b19.scc.bu.edu	Intel(R) Xeon(R) 6737P	2026-08-29T08:35:44.114456755Z	2026-08-29T08:38:58.146800606Z	1787992544.1138086	1787992738.1459508	1	194.032142162323	2	194.0	170.138	89880780604	3c2f9059f3c50c28986ee1b3ad28344a0140386a75c8e7cc363a1354532d0dbc
ca162022833c3d6e6906c11cf4860baf0d52fd86	02d6eb6ffc96e0eb7eea1252605663e3e206c6ce177f3cf7f0e860c2b25f40f9	repair-full	236	scale_weak_d3_n7680_c8_r2	7358890	236	scc-sb4.scc.bu.edu	Intel(R) Xeon(R) CPU E5-2650 v2 @ 2.60GHz	2026-08-29T08:35:44.252231876Z	2026-08-29T08:37:47.505910458Z	1787992544.2509458	1787992667.5043585	0	0.0	1	123.0	391.146	90290949981	f11a98b178924ba4cdaded877b84bb9a27d02d3efb6816424506a9e4f200a515
ca162022833c3d6e6906c11cf4860baf0d52fd86	02d6eb6ffc96e0eb7eea1252605663e3e206c6ce177f3cf7f0e860c2b25f40f9	repair-full	237	scale_weak_d3_n7680_c8_r3	7358890	237	scc-sb6.scc.bu.edu	Intel(R) Xeon(R) CPU E5-2650 v2 @ 2.60GHz	2026-08-29T08:36:39.756536162Z	2026-08-29T08:38:40.416691715Z	1787992599.75528	1787992720.4151409	0	0.0	1	121.0	394.575	90141699867	b1904c336e0d3985ecbb9c1897b10715906e461dc561678683b435c415cc305e
ca162022833c3d6e6906c11cf4860baf0d52fd86	02d6eb6ffc96e0eb7eea1252605663e3e206c6ce177f3cf7f0e860c2b25f40f9	repair-full	238	scale_weak_d3_n7680_c16_r1	7358890	238	scc-b18.scc.bu.edu	Intel(R) Xeon(R) 6737P	2026-08-29T08:37:56.664836489Z	2026-08-29T08:41:52.020885193Z	1787992676.6642225	1787992912.0200403	0	0.0	1	236.0	326.438	177930831397	14b86a253e89b6d9f21fd529a4ea38f7047b26f66eff238f69c967dc86ae6c02
ca162022833c3d6e6906c11cf4860baf0d52fd86	02d6eb6ffc96e0eb7eea1252605663e3e206c6ce177f3cf7f0e860c2b25f40f9	repair-full	239	scale_weak_d3_n7680_c16_r2	7358890	239	scc-sb2.scc.bu.edu	Intel(R) Xeon(R) CPU E5-2650 v2 @ 2.60GHz	2026-08-29T08:37:56.830136837Z	2026-08-29T08:42:19.477735453Z	1787992676.8288596	1787992939.4761271	0	0.0	1	263.0	797.033	177390739260	f739b085a1e599476c4e2887e342e422d44181e06ea8d858961c01fe69bc1364
ca162022833c3d6e6906c11cf4860baf0d52fd86	02d6eb6ffc96e0eb7eea1252605663e3e206c6ce177f3cf7f0e860c2b25f40f9	repair-full	240	scale_weak_d3_n7680_c16_r3	7358890	240	scc-ph4.scc.bu.edu	Intel(R) Xeon(R) CPU E5-2650 v2 @ 2.60GHz	2026-08-29T08:38:47.045785751Z	2026-08-29T08:44:19.525797044Z	1787992727.0444827	1787993059.5241446	0	0.0	1	333.0	809.025	178044648031	55a49e25af7d25834b1d8eeee13f953916067967d366b88162e04443f728812a
ca162022833c3d6e6906c11cf4860baf0d52fd86	02d6eb6ffc96e0eb7eea1252605663e3e206c6ce177f3cf7f0e860c2b25f40f9	repair-full	241	scale_weak_d3_n30720_c1_r1	7358890	241	scc-b17.scc.bu.edu	Intel(R) Xeon(R) 6737P	2026-08-29T08:38:46.927820508Z	2026-08-29T08:42:00.769764095Z	1787992726.9271874	1787992920.768918	0	0.0	1	194.0	84.132	18770080826	5552a62acb195cc7ecf1c2b57d92f3ca4f8dfcc06bebe5fd04f452daa3fb1825
ca162022833c3d6e6906c11cf4860baf0d52fd86	02d6eb6ffc96e0eb7eea1252605663e3e206c6ce177f3cf7f0e860c2b25f40f9	repair-full	242	scale_weak_d3_n30720_c1_r2	7358890	242	scc-sb7.scc.bu.edu	Intel(R) Xeon(R) CPU E5-2650 v2 @ 2.60GHz	2026-08-29T08:38:47.060184168Z	2026-08-29T08:43:49.727366775Z	1787992727.0589495	1787993029.7258723	0	0.0	1	303.0	185.931	18772228309	a5cbc9f3cc2e4444d07b391cec8ca0fe6c0e5dda149a33d294e18f1804eb01bb
ca162022833c3d6e6906c11cf4860baf0d52fd86	02d6eb6ffc96e0eb7eea1252605663e3e206c6ce177f3cf7f0e860c2b25f40f9	repair-full	243	scale_weak_d3_n30720_c1_r3	7358890	243	scc-sb4.scc.bu.edu	Intel(R) Xeon(R) CPU E5-2650 v2 @ 2.60GHz	2026-08-29T08:38:47.069057166Z	2026-08-29T08:42:11.864831819Z	1787992727.0678256	1787992931.8632567	0	0.0	1	205.0	174.662	18770080826	3d403052957e11a4b029742d204a0258bb956874fec6f7683210b3f592266a0d
e1514185445cab36f930c90a44c5a4e23326e027	fbed59bf26bd6cf641bec0946ff6d32cdfe992786852947c530678dd4c86a026	first	244	scale_weak_d3_n30720_c2_r1	7354867	244	scc-te4.scc.bu.edu	Intel(R) Xeon(R) CPU E5-2660 v3 @ 2.60GHz	2026-08-29T03:20:46.977754300Z	2026-08-29T03:27:42.426007118Z	1787973646.975228	1787974062.4229484	0	0.0	1	416.0	431.595	29481729262	dc5b3a5010cafbe25e1d4f5d6dee7742ca3f9ceab30369289f8e515df6dcef35
e1514185445cab36f930c90a44c5a4e23326e027	fbed59bf26bd6cf641bec0946ff6d32cdfe992786852947c530678dd4c86a026	first	245	scale_weak_d3_n30720_c2_r2	7354867	245	scc-sa6.scc.bu.edu	Intel(R) Xeon(R) CPU E5-2650 v2 @ 2.60GHz	2026-08-29T03:22:31.027143592Z	2026-08-29T03:28:25.525710934Z	1787973751.0258853	1787974105.5240061	0	0.0	1	355.0	292.535	29671781565	6f866a8717546fa1fddcaf4d335b6b51f32d996448a6a372566f723a06b2eecf
e1514185445cab36f930c90a44c5a4e23326e027	fbed59bf26bd6cf641bec0946ff6d32cdfe992786852947c530678dd4c86a026	first	246	scale_weak_d3_n30720_c2_r3	7354867	246	scc-md8.scc.bu.edu	Intel(R) Xeon(R) CPU E5-2650 v2 @ 2.60GHz	2026-08-29T03:25:33.918968684Z	2026-08-29T03:34:10.124040824Z	1787973933.917659	1787974450.1224413	0	0.0	1	517.0	305.222	29469918102	0c86b41cd7768b69905aa7b2117761462cbd9c8050bc84718355e084256e89d1
e1514185445cab36f930c90a44c5a4e23326e027	fbed59bf26bd6cf641bec0946ff6d32cdfe992786852947c530678dd4c86a026	first	247	scale_weak_d3_n30720_c4_r1	7354867	247	scc-md3.scc.bu.edu	Intel(R) Xeon(R) CPU E5-2650 v2 @ 2.60GHz	2026-08-29T03:25:33.919562991Z	2026-08-29T03:33:12.685795196Z	1787973933.918242	1787974392.6842062	0	0.0	1	459.0	482.906	48564268958	293d01a60993594c32122a3f44ad04867cb1b3a2705979e2d756a351f3f4e975
e1514185445cab36f930c90a44c5a4e23326e027	fbed59bf26bd6cf641bec0946ff6d32cdfe992786852947c530678dd4c86a026	first	248	scale_weak_d3_n30720_c4_r2	7354867	248	scc-mb5.scc.bu.edu	Intel(R) Xeon(R) CPU E5-2650 v2 @ 2.60GHz	2026-08-29T03:25:33.928852153Z	2026-08-29T03:32:15.710056670Z	1787973933.9275784	1787974335.7084193	0	0.0	1	402.0	471.746	49780818445	77094d5a2d3e38b02326a9ea6c72d5622bb5380e94db4418662167fdf8e49ef5
e1514185445cab36f930c90a44c5a4e23326e027	fbed59bf26bd6cf641bec0946ff6d32cdfe992786852947c530678dd4c86a026	first	249	scale_weak_d3_n30720_c4_r3	7354867	249	scc-mb6.scc.bu.edu	Intel(R) Xeon(R) CPU E5-2650 v2 @ 2.60GHz	2026-08-29T03:25:33.902878347Z	2026-08-29T03:33:26.931876391Z	1787973933.9016054	1787974406.9302988	0	0.0	1	473.0	482.973	49432926094	683114716efaff6121ef7f2723e87bac3971a081bff61c16fd2f4f313dba3894
e1514185445cab36f930c90a44c5a4e23326e027	fbed59bf26bd6cf641bec0946ff6d32cdfe992786852947c530678dd4c86a026	first	250	scale_weak_d3_n30720_c8_r1	7354867	250	scc-te3.scc.bu.edu	Intel(R) Xeon(R) CPU E5-2660 v3 @ 2.60GHz	2026-08-29T03:26:45.217781190Z	2026-08-29T03:32:38.664985776Z	1787974005.215324	1787974358.6618443	0	0.0	1	354.0	833.598	89701465719	0f760d6bb25c507409a210ce8b65a8b9c9cf6d2649a05e569c7e34ddde94d104
e1514185445cab36f930c90a44c5a4e23326e027	fbed59bf26bd6cf641bec0946ff6d32cdfe992786852947c530678dd4c86a026	first	251	scale_weak_d3_n30720_c8_r2	7354867	251	scc-tg3.scc.bu.edu	Intel(R) Xeon(R) CPU E5-2660 v3 @ 2.60GHz	2026-08-29T03:26:45.223620272Z	2026-08-29T03:34:23.155889748Z	1787974005.2210393	1787974463.154016	0	0.0	1	459.0	907.593	88831734842	668b70306dc760d6ae75595b479e72c1198656125381b42cc995f387e471aeea
e1514185445cab36f930c90a44c5a4e23326e027	fbed59bf26bd6cf641bec0946ff6d32cdfe992786852947c530678dd4c86a026	first	252	scale_weak_d3_n30720_c8_r3	7354867	252	scc-sa6.scc.bu.edu	Intel(R) Xeon(R) CPU E5-2650 v2 @ 2.60GHz	2026-08-29T03:29:46.512751995Z	2026-08-29T03:36:38.777584785Z	1787974186.5113764	1787974598.775962	0	0.0	1	412.0	643.993	89582280377	fe5f484af32d48456989cf21869d431754e1ccb2818cfc46b545ef8e9abbece8
e1514185445cab36f930c90a44c5a4e23326e027	fbed59bf26bd6cf641bec0946ff6d32cdfe992786852947c530678dd4c86a026	first	253	scale_weak_d3_n30720_c16_r1	7354867	253	scc-to3.scc.bu.edu	Intel(R) Xeon(R) CPU E5-2660 v3 @ 2.60GHz	2026-08-29T03:32:43.649936817Z	2026-08-29T03:37:06.459066489Z	1787974363.6475697	1787974626.4566422	0	0.0	1	263.0	1183.595	177979149779	8d2f40d7978444268859bb7fea2497b86243d739fc150e0293e8ab7a3b53c1ff
e1514185445cab36f930c90a44c5a4e23326e027	fbed59bf26bd6cf641bec0946ff6d32cdfe992786852947c530678dd4c86a026	first	254	scale_weak_d3_n30720_c16_r2	7354867	254	scc-mb5.scc.bu.edu	Intel(R) Xeon(R) CPU E5-2650 v2 @ 2.60GHz	2026-08-29T03:33:29.256096441Z	2026-08-29T03:38:39.063889035Z	1787974409.2547925	1787974719.062217	0	0.0	1	310.0	968.198	177688165745	abffa56c5e3104ae9d6c5b3b38b392175ea5bf180b4158fb4f142d8f348d6af2
e1514185445cab36f930c90a44c5a4e23326e027	fbed59bf26bd6cf641bec0946ff6d32cdfe992786852947c530678dd4c86a026	first	255	scale_weak_d3_n30720_c16_r3	7354867	255	scc-pg1.scc.bu.edu	Intel(R) Xeon(R) CPU E5-2650 v2 @ 2.60GHz	2026-08-29T03:34:32.657271393Z	2026-08-29T03:41:22.907441411Z	1787974472.6560647	1787974882.9059165	0	0.0	1	410.0	1015.662	176746494165	77256a8b5ec128b2e833f8e18fde5dab1f5bc5d60dd2243aa2be38f12368f52f
ca162022833c3d6e6906c11cf4860baf0d52fd86	02d6eb6ffc96e0eb7eea1252605663e3e206c6ce177f3cf7f0e860c2b25f40f9	repair-full	256	scale_weak_d3_n122880_c1_r1	7358890	256	scc-b19.scc.bu.edu	Intel(R) Xeon(R) 6737P	2026-08-29T08:39:41.225211528Z	2026-08-29T08:43:02.917162286Z	1787992781.224597	1787992982.9163432	1	201.6917462348938	2	201.0	148.735	18923625907	b0e2084e7965daace5e295d36b2ce63a1c379f023d2e68e7c5bb2999fb09cf52
ca162022833c3d6e6906c11cf4860baf0d52fd86	02d6eb6ffc96e0eb7eea1252605663e3e206c6ce177f3cf7f0e860c2b25f40f9	repair-full	257	scale_weak_d3_n122880_c1_r2	7358890	257	scc-sb6.scc.bu.edu	Intel(R) Xeon(R) CPU E5-2650 v2 @ 2.60GHz	2026-08-29T08:39:41.331391355Z	2026-08-29T08:47:24.796677974Z	1787992781.3301754	1787993244.7951484	0	0.0	1	463.0	358.568	19021336413	2784f4ba56db8c5306302c2038d854ada6126d0effc81cb9cb7c4c9ef32b2e51
ca162022833c3d6e6906c11cf4860baf0d52fd86	02d6eb6ffc96e0eb7eea1252605663e3e206c6ce177f3cf7f0e860c2b25f40f9	repair-full	258	scale_weak_d3_n122880_c1_r3	7358890	258	scc-b13.scc.bu.edu	Intel(R) Xeon(R) 6737P	2026-08-29T08:40:56.080470126Z	2026-08-29T08:46:45.592802102Z	1787992856.0798507	1787993205.591982	0	0.0	1	350.0	160.18	18835579077	40b2f3578b346c8b0899115e48ef14995dde120fb03b64ee237568a4b7accff1
e1514185445cab36f930c90a44c5a4e23326e027	fbed59bf26bd6cf641bec0946ff6d32cdfe992786852947c530678dd4c86a026	first	259	scale_weak_d3_n122880_c2_r1	7354867	259	scc-tg3.scc.bu.edu	Intel(R) Xeon(R) CPU E5-2660 v3 @ 2.60GHz	2026-08-29T03:35:49.397507191Z	2026-08-29T03:43:45.967893627Z	1787974549.3950078	1787975025.9649856	0	0.0	1	478.0	640.764	30169997771	0a4146c54e684da4b4dee3e147d73f3884c0917932d48c8a407132c74133bd49
e1514185445cab36f930c90a44c5a4e23326e027	fbed59bf26bd6cf641bec0946ff6d32cdfe992786852947c530678dd4c86a026	first	260	scale_weak_d3_n122880_c2_r2	7354867	260	scc-md8.scc.bu.edu	Intel(R) Xeon(R) CPU E5-2650 v2 @ 2.60GHz	2026-08-29T03:35:49.188599262Z	2026-08-29T03:42:58.259918496Z	1787974549.1874068	1787974978.2584724	0	0.0	1	430.0	519.278	29618094474	f1e48d3531f2f5af4ab5a8c6239074b94f7ecfe6876051dc87d4162bca86c9ad
e1514185445cab36f930c90a44c5a4e23326e027	fbed59bf26bd6cf641bec0946ff6d32cdfe992786852947c530678dd4c86a026	first	261	scale_weak_d3_n122880_c2_r3	7354867	261	scc-ke1.scc.bu.edu	Intel(R) Xeon(R) Gold 6426Y	2026-08-29T03:35:49.079336595Z	2026-08-29T03:41:36.231663080Z	1787974549.0784912	1787974896.2303195	0	0.0	1	348.0	271.488	29690035176	4c88f1eecfd696f38e54bf56f0bd80710f2d375948e574e3043d25ab99a64720
e1514185445cab36f930c90a44c5a4e23326e027	fbed59bf26bd6cf641bec0946ff6d32cdfe992786852947c530678dd4c86a026	first	262	scale_weak_d3_n122880_c4_r1	7354867	262	scc-pf3.scc.bu.edu	Intel(R) Xeon(R) CPU E5-2650 v2 @ 2.60GHz	2026-08-29T03:36:23.741600155Z	2026-08-29T03:44:26.315124211Z	1787974583.7403529	1787975066.3135333	0	0.0	1	483.0	850.586	49636937040	c7a4a3ea1c66688b5c5e358ea765aa5d5f664737c40fb33bf8db9ecef1e3a91f
e1514185445cab36f930c90a44c5a4e23326e027	fbed59bf26bd6cf641bec0946ff6d32cdfe992786852947c530678dd4c86a026	first	263	scale_weak_d3_n122880_c4_r2	7354867	263	scc-te3.scc.bu.edu	Intel(R) Xeon(R) CPU E5-2660 v3 @ 2.60GHz	2026-08-29T03:36:23.910130971Z	2026-08-29T03:43:50.113427392Z	1787974583.9077199	1787975030.1108682	0	0.0	1	447.0	930.332	50198504014	26ec9aba23f62b7712dd85ca9c5762f84d3f4a822e66a2d32f4fa46f42f402a9
e1514185445cab36f930c90a44c5a4e23326e027	fbed59bf26bd6cf641bec0946ff6d32cdfe992786852947c530678dd4c86a026	first	264	scale_weak_d3_n122880_c4_r3	7354867	264	scc-h32.scc.bu.edu	INTEL(R) XEON(R) GOLD 6526Y	2026-08-29T03:36:23.594818513Z	2026-08-29T03:38:56.547588475Z	1787974583.5941186	1787974736.5466366	0	0.0	1	153.0	370.808	49969797006	669d4886aaf4cf475685cc102c50cde3604c7eb64136735896839977ecdfa01d
e1514185445cab36f930c90a44c5a4e23326e027	fbed59bf26bd6cf641bec0946ff6d32cdfe992786852947c530678dd4c86a026	first	265	scale_weak_d3_n122880_c8_r1	7354867	265	scc-sa6.scc.bu.edu	Intel(R) Xeon(R) CPU E5-2650 v2 @ 2.60GHz	2026-08-29T03:37:32.602180464Z	2026-08-29T03:44:14.307611560Z	1787974652.6009057	1787975054.3060005	0	0.0	1	402.0	1013.964	89378269430	e422bac7aed7783ff6d7218ee4c4cd76d87b27b8a4b5024ca574c0abf860b189
e1514185445cab36f930c90a44c5a4e23326e027	fbed59bf26bd6cf641bec0946ff6d32cdfe992786852947c530678dd4c86a026	first	266	scale_weak_d3_n122880_c8_r2	7354867	266	scc-to3.scc.bu.edu	Intel(R) Xeon(R) CPU E5-2660 v3 @ 2.60GHz	2026-08-29T03:38:42.512663397Z	2026-08-29T03:45:15.462549965Z	1787974722.510428	1787975115.4594579	0	0.0	1	393.0	1109.124	89507118449	bdd0eb1cc6432ab6e8315bf52ec3c31d68fd32263577dbd03e67ce6602604441
e1514185445cab36f930c90a44c5a4e23326e027	fbed59bf26bd6cf641bec0946ff6d32cdfe992786852947c530678dd4c86a026	first	267	scale_weak_d3_n122880_c8_r3	7354867	267	scc-mb6.scc.bu.edu	Intel(R) Xeon(R) CPU E5-2650 v2 @ 2.60GHz	2026-08-29T03:38:42.333947699Z	2026-08-29T03:45:33.193073833Z	1787974722.332614	1787975133.1915107	0	0.0	1	411.0	1006.793	90193239475	30668d3d284584ef91f34268956687f6fbea163249a92dada145efc5487c2d31
e1514185445cab36f930c90a44c5a4e23326e027	fbed59bf26bd6cf641bec0946ff6d32cdfe992786852947c530678dd4c86a026	first	268	scale_weak_d3_n122880_c16_r1	7354867	268	scc-tr2.scc.bu.edu	Intel(R) Xeon(R) CPU E5-2680 v4 @ 2.40GHz	2026-08-29T03:39:28.222222843Z	2026-08-29T03:53:36.436348429Z	1787974768.2210643	1787975616.434832	0	0.0	1	848.0	1327.07	175133733946	13407ad25d010ca1b95ae2f358a0833d87f73b1f05082f66be98da8715200724
e1514185445cab36f930c90a44c5a4e23326e027	fbed59bf26bd6cf641bec0946ff6d32cdfe992786852947c530678dd4c86a026	first	269	scale_weak_d3_n122880_c16_r2	7354867	269	scc-h32.scc.bu.edu	INTEL(R) XEON(R) GOLD 6526Y	2026-08-29T03:39:28.145407659Z	2026-08-29T03:41:57.740160969Z	1787974768.1446857	1787974917.7390435	0	0.0	1	149.0	599.368	178673860740	64b5b3d7d2d90320b0c6f7840933dad09c6e9646d88562784bcad7bc24e0bd9d
e1514185445cab36f930c90a44c5a4e23326e027	fbed59bf26bd6cf641bec0946ff6d32cdfe992786852947c530678dd4c86a026	first	270	scale_weak_d3_n122880_c16_r3	7354867	270	scc-mb5.scc.bu.edu	Intel(R) Xeon(R) CPU E5-2650 v2 @ 2.60GHz	2026-08-29T03:39:28.264622142Z	2026-08-29T03:45:11.278829913Z	1787974768.263317	1787975111.277172	0	0.0	1	343.0	1344.392	178058606674	0a4aef00123e430fd5371e6ed3ed919dde4aed8100ac693f7c6efcc7509cab38
ca162022833c3d6e6906c11cf4860baf0d52fd86	02d6eb6ffc96e0eb7eea1252605663e3e206c6ce177f3cf7f0e860c2b25f40f9	repair-full	271	scale_weak_d3_n491520_c1_r1	7358890	271	scc-ke1.scc.bu.edu	Intel(R) Xeon(R) Gold 6426Y	2026-08-29T08:41:45.718097132Z	2026-08-29T08:52:59.104618260Z	1787992905.717217	1787993579.1034071	0	0.0	1	674.0	549.382	19228568585	5eef5519fb2b78f35f2b8bb68fd99b27375004966311e3c76bc52418fa660229
ca162022833c3d6e6906c11cf4860baf0d52fd86	02d6eb6ffc96e0eb7eea1252605663e3e206c6ce177f3cf7f0e860c2b25f40f9	repair-full	272	scale_weak_d3_n491520_c1_r2	7358890	272	scc-b18.scc.bu.edu	Intel(R) Xeon(R) 6737P	2026-08-29T08:42:41.150584254Z	2026-08-29T08:54:04.379881124Z	1787992961.1499817	1787993644.379039	0	0.0	1	683.0	587.393	19327352832	a49531a4d71a602b34fc6166c5995d61b6a071db36a67bd93dcc405e9d9fbc30
ca162022833c3d6e6906c11cf4860baf0d52fd86	02d6eb6ffc96e0eb7eea1252605663e3e206c6ce177f3cf7f0e860c2b25f40f9	repair-full	273	scale_weak_d3_n491520_c1_r3	7358890	273	scc-b17.scc.bu.edu	Intel(R) Xeon(R) 6737P	2026-08-29T08:42:41.181857676Z	2026-08-29T08:53:35.240142045Z	1787992961.1812384	1787993615.2392144	0	0.0	1	654.0	587.808	19177028977	5bba13aaf347edd85b3ade1d3963a2b2dc05c7eba36be3532e4def1092851fe8
e1514185445cab36f930c90a44c5a4e23326e027	fbed59bf26bd6cf641bec0946ff6d32cdfe992786852947c530678dd4c86a026	first	274	scale_weak_d3_n491520_c2_r1	7354867	274	scc-h32.scc.bu.edu	INTEL(R) XEON(R) GOLD 6526Y	2026-08-29T03:42:24.641660555Z	2026-08-29T03:55:53.251354458Z	1787974944.6409538	1787975753.2503507	2	740.8712801933289	2	809.0	808.793	11011222406	8558b7269fdc9e9aa6abcd27136f5f98bf10b72eb8015cfe2493060928037ca9
e1514185445cab36f930c90a44c5a4e23326e027	fbed59bf26bd6cf641bec0946ff6d32cdfe992786852947c530678dd4c86a026	first	275	scale_weak_d3_n491520_c2_r2	7354867	275	scc-h32.scc.bu.edu	INTEL(R) XEON(R) GOLD 6526Y	2026-08-29T03:42:24.642986492Z	2026-08-29T03:49:37.509853628Z	1787974944.6422706	1787975377.5087676	1	432.8664970397949	2	433.0	786.793	30294551823	5ccebd009784ebbf0f436af9d59f4cf59be257572bfcdcb0640284da0d39ad86
e1514185445cab36f930c90a44c5a4e23326e027	fbed59bf26bd6cf641bec0946ff6d32cdfe992786852947c530678dd4c86a026	first	276	scale_weak_d3_n491520_c2_r3	7354867	276	scc-sb1.scc.bu.edu	Intel(R) Xeon(R) CPU E5-2650 v2 @ 2.60GHz	2026-08-29T03:43:37.556083952Z	2026-08-29T04:08:50.905888797Z	1787975017.5547545	1787976530.9043343	0	0.0	1	1513.0	1733.962	30495341544	c9ffe48b14f24fa6c3eb947410b889d1d2c752ac6a90b9bf3762293027d6d9a5
e1514185445cab36f930c90a44c5a4e23326e027	fbed59bf26bd6cf641bec0946ff6d32cdfe992786852947c530678dd4c86a026	first	277	scale_weak_d3_n491520_c4_r1	7354867	277	scc-tg3.scc.bu.edu	Intel(R) Xeon(R) CPU E5-2660 v3 @ 2.60GHz	2026-08-29T03:44:44.086233016Z	2026-08-29T04:02:44.821534483Z	1787975084.0836954	1787976164.818581	0	0.0	1	1081.0	3121.51	50884625040	57d21d3abfbd994ffaac5697daada779eab36d722577e4ac40c1f5856ac996ff
e1514185445cab36f930c90a44c5a4e23326e027	fbed59bf26bd6cf641bec0946ff6d32cdfe992786852947c530678dd4c86a026	first	278	scale_weak_d3_n491520_c4_r2	7354867	278	scc-eb2.scc.bu.edu	Intel(R) Xeon(R) Gold 6242 CPU @ 2.80GHz	2026-08-29T03:44:43.918310693Z	2026-08-29T04:02:06.443477354Z	1787975083.91639	1787976126.4416695	0	0.0	1	1043.0	2443.554	50280108393	be0fe0b6cf3c810ab03cdae2c08a90f6959db2abf5fc8a5cae3d0a9ea8bce93b
e1514185445cab36f930c90a44c5a4e23326e027	fbed59bf26bd6cf641bec0946ff6d32cdfe992786852947c530678dd4c86a026	first	279	scale_weak_d3_n491520_c4_r3	7354867	279	scc-md3.scc.bu.edu	Intel(R) Xeon(R) CPU E5-2650 v2 @ 2.60GHz	2026-08-29T03:44:43.872304833Z	2026-08-29T04:03:25.903906930Z	1787975083.8711185	1787976205.9021668	0	0.0	1	1122.0	2740.507	50247896138	a89337066533bb90ec482843e7eb3c8594411093e6c31d3997f7bb9a6edabbc2
e1514185445cab36f930c90a44c5a4e23326e027	fbed59bf26bd6cf641bec0946ff6d32cdfe992786852947c530678dd4c86a026	first	280	scale_weak_d3_n491520_c8_r1	7354867	280	scc-tg1.scc.bu.edu	Intel(R) Xeon(R) CPU E5-2660 v3 @ 2.60GHz	2026-08-29T03:45:36.027162512Z	2026-08-29T04:03:36.223333229Z	1787975136.024882	1787976216.220104	0	0.0	1	1081.0	3028.254	91163902084	cd74eb996729720b26ddc42b36df7dd911743cdabbaa1b09c5f81f40e1788c57
e1514185445cab36f930c90a44c5a4e23326e027	fbed59bf26bd6cf641bec0946ff6d32cdfe992786852947c530678dd4c86a026	first	281	scale_weak_d3_n491520_c8_r2	7354867	281	scc-sa6.scc.bu.edu	Intel(R) Xeon(R) CPU E5-2650 v2 @ 2.60GHz	2026-08-29T03:45:35.822316612Z	2026-08-29T04:03:32.185118591Z	1787975135.8211176	1787976212.1835759	0	0.0	1	1077.0	2918.186	91284161168	a120e45ae6075b538b333a6e7716e2cff400b941ea106b3328ed03741a034f7d
e1514185445cab36f930c90a44c5a4e23326e027	fbed59bf26bd6cf641bec0946ff6d32cdfe992786852947c530678dd4c86a026	first	282	scale_weak_d3_n491520_c8_r3	7354867	282	scc-mb5.scc.bu.edu	Intel(R) Xeon(R) CPU E5-2650 v2 @ 2.60GHz	2026-08-29T03:46:25.263822274Z	2026-08-29T04:02:57.922187044Z	1787975185.2625728	1787976177.9205575	0	0.0	1	992.0	2932.112	90671054586	37333b6f4caac4be2a0e2ebbf07b0b1080b416513bc3db8fa55ed71b58158124
e1514185445cab36f930c90a44c5a4e23326e027	fbed59bf26bd6cf641bec0946ff6d32cdfe992786852947c530678dd4c86a026	first	283	scale_weak_d3_n491520_c16_r1	7354867	283	scc-mb6.scc.bu.edu	Intel(R) Xeon(R) CPU E5-2650 v2 @ 2.60GHz	2026-08-29T03:46:25.278761472Z	2026-08-29T04:03:31.405942836Z	1787975185.2775092	1787976211.4043293	0	0.0	1	1026.0	3266.587	179603721159	9cca150713e87c970583b4e468e7c436ab8cf9fcc0efc3dfedfd84e12c8e601e
e1514185445cab36f930c90a44c5a4e23326e027	fbed59bf26bd6cf641bec0946ff6d32cdfe992786852947c530678dd4c86a026	first	284	scale_weak_d3_n491520_c16_r2	7354867	284	scc-mc7.scc.bu.edu	Intel(R) Xeon(R) CPU E5-2650 v2 @ 2.60GHz	2026-08-29T03:47:47.733918436Z	2026-08-29T04:05:33.855379306Z	1787975267.7325788	1787976333.853805	0	0.0	1	1066.0	3287.727	179067923989	32d1e02d1ab3b2ebd9e6a260bbec99b7fe291963d8bfb331541868ab76b58617
e1514185445cab36f930c90a44c5a4e23326e027	fbed59bf26bd6cf641bec0946ff6d32cdfe992786852947c530678dd4c86a026	first	285	scale_weak_d3_n491520_c16_r3	7354867	285	scc-ph7.scc.bu.edu	Intel(R) Xeon(R) CPU E5-2650 v2 @ 2.60GHz	2026-08-29T03:48:32.094289583Z	2026-08-29T04:09:01.374714180Z	1787975312.0929744	1787976541.3730927	0	0.0	1	1230.0	3304.469	180729002591	3fdcf64149e99774eff10a783e7f1087a78ca3af05793f8bb6a9fea5cfb0d32f
ca162022833c3d6e6906c11cf4860baf0d52fd86	02d6eb6ffc96e0eb7eea1252605663e3e206c6ce177f3cf7f0e860c2b25f40f9	repair-full	286	scale_weak_d3_n1966080_c1_r1	7358890	286	scc-sa7.scc.bu.edu	Intel(R) Xeon(R) CPU E5-2650 v2 @ 2.60GHz	2026-08-29T08:42:41.301082470Z	2026-08-29T09:53:23.444158356Z	1787992961.2998106	1787997203.4425592	0	0.0	1	4242.0	4640.886	20920785699	55b0848f65cc8040d2ae970eb2121108056a441a20f64316ccf373d67b616655
ca162022833c3d6e6906c11cf4860baf0d52fd86	02d6eb6ffc96e0eb7eea1252605663e3e206c6ce177f3cf7f0e860c2b25f40f9	repair-full	287	scale_weak_d3_n1966080_c1_r2	7358890	287	scc-sb4.scc.bu.edu	Intel(R) Xeon(R) CPU E5-2650 v2 @ 2.60GHz	2026-08-29T08:42:41.293019287Z	2026-08-29T09:54:56.146701141Z	1787992961.2917726	1787997296.1450834	0	0.0	1	4335.0	4732.289	20920785699	5d7100b7449b386b69300915e247b6916c7514009e6c518f499d45609807f807
ca162022833c3d6e6906c11cf4860baf0d52fd86	02d6eb6ffc96e0eb7eea1252605663e3e206c6ce177f3cf7f0e860c2b25f40f9	repair-full	288	scale_weak_d3_n1966080_c1_r3	7358890	288	scc-b19.scc.bu.edu	Intel(R) Xeon(R) 6737P	2026-08-29T08:43:56.510277251Z	2026-08-29T09:24:49.265993550Z	1787993036.5096917	1787995489.2651858	1	2452.755494117737	2	2453.0	2328.996	20942260536	7cb9ead12ec468f2fc9411f660899ae63e396126486752430ee1503e09c8c672
e1514185445cab36f930c90a44c5a4e23326e027	fbed59bf26bd6cf641bec0946ff6d32cdfe992786852947c530678dd4c86a026	first	289	scale_weak_d3_n1966080_c2_r1	7354867	289	scc-sb8.scc.bu.edu	Intel(R) Xeon(R) CPU E5-2650 v2 @ 2.60GHz	2026-08-29T03:49:34.828313467Z	2026-08-29T04:54:55.356581197Z	1787975374.8270903	1787979295.3548946	0	0.0	1	3921.0	6265.001	32024349901	96a0ea77a66732062c7acda7d4efd3a5893958c5431b424658e7d3d7bf0f145f
e1514185445cab36f930c90a44c5a4e23326e027	fbed59bf26bd6cf641bec0946ff6d32cdfe992786852947c530678dd4c86a026	first	290	scale_weak_d3_n1966080_c2_r2	7354867	290	scc-h32.scc.bu.edu	INTEL(R) XEON(R) GOLD 6526Y	2026-08-29T03:50:45.246211522Z	2026-08-29T04:20:40.094457205Z	1787975445.2455676	1787977240.093668	1	308.00478315353394	2	1795.0	3102.692	29663191630	c3d7d672d2f377285f7d2997b764e30c4716d649597860e68656c3568da22788
e1514185445cab36f930c90a44c5a4e23326e027	fbed59bf26bd6cf641bec0946ff6d32cdfe992786852947c530678dd4c86a026	first	291	scale_weak_d3_n1966080_c2_r3	7354867	291	scc-sb7.scc.bu.edu	Intel(R) Xeon(R) CPU E5-2650 v2 @ 2.60GHz	2026-08-29T03:50:45.417637052Z	2026-08-29T04:57:06.755958586Z	1787975445.4163868	1787979426.7542908	0	0.0	1	3981.0	6242.71	32038308545	171a49ef2bd89909094800e7b7a4cf1446fcd2a631dc9a148222d0ec993294a4
e1514185445cab36f930c90a44c5a4e23326e027	fbed59bf26bd6cf641bec0946ff6d32cdfe992786852947c530678dd4c86a026	first	292	scale_weak_d3_n1966080_c4_r1	7354867	292	scc-ti2.scc.bu.edu	Intel(R) Xeon(R) CPU E5-2660 v3 @ 2.60GHz	2026-08-29T03:51:12.836958229Z	2026-08-29T04:45:28.226854879Z	1787975472.8343623	1787978728.2239532	0	0.0	1	3256.0	10012.346	52868899931	bdb94e3c7be04aa71d8f0822a432ecbcbcfbf70ebec9ac91e8ce57c30989db42
e1514185445cab36f930c90a44c5a4e23326e027	fbed59bf26bd6cf641bec0946ff6d32cdfe992786852947c530678dd4c86a026	first	293	scale_weak_d3_n1966080_c4_r2	7354867	293	scc-ti1.scc.bu.edu	Intel(R) Xeon(R) CPU E5-2660 v3 @ 2.60GHz	2026-08-29T03:51:12.851454552Z	2026-08-29T04:49:03.952097020Z	1787975472.8489738	1787978943.9493253	0	0.0	1	3472.0	10132.486	52780853101	115103dc0c0eca9a4b7993a1903b8087668e774f0ea679e96bc850be20e18920
e1514185445cab36f930c90a44c5a4e23326e027	fbed59bf26bd6cf641bec0946ff6d32cdfe992786852947c530678dd4c86a026	first	294	scale_weak_d3_n1966080_c4_r3	7354867	294	scc-th3.scc.bu.edu	Intel(R) Xeon(R) CPU E5-2660 v3 @ 2.60GHz	2026-08-29T03:51:40.024359977Z	2026-08-29T04:49:59.479717451Z	1787975500.0217974	1787978999.476895	0	0.0	1	3500.0	10087.064	52915070829	c5f0ce67c74e865b62ad74296a40b84adea76d5216a461494164ac8758e2f900
e1514185445cab36f930c90a44c5a4e23326e027	fbed59bf26bd6cf641bec0946ff6d32cdfe992786852947c530678dd4c86a026	first	295	scale_weak_d3_n1966080_c8_r1	7354867	295	scc-mh4.scc.bu.edu	Intel(R) Xeon(R) CPU E5-2650 v2 @ 2.60GHz	2026-08-29T03:53:45.464247480Z	2026-08-29T04:51:00.265053124Z	1787975625.462932	1787979060.2634623	0	0.0	1	3435.0	9796.381	95249489724	3ab7c33a24d3c2732c43958cee5b81c02abce96ccebe20674b361d11daf6f54c
e1514185445cab36f930c90a44c5a4e23326e027	fbed59bf26bd6cf641bec0946ff6d32cdfe992786852947c530678dd4c86a026	first	296	scale_weak_d3_n1966080_c8_r2	7354867	296	scc-sb2.scc.bu.edu	Intel(R) Xeon(R) CPU E5-2650 v2 @ 2.60GHz	2026-08-29T03:53:45.586340924Z	2026-08-29T04:54:00.619690209Z	1787975625.5851302	1787979240.6180344	0	0.0	1	3615.0	9970.973	94589138502	2db46affe69a60e8fb45cdfb17f0f3d0a80f06617ae7fcfe25a63b536f6a6da7
e1514185445cab36f930c90a44c5a4e23326e027	fbed59bf26bd6cf641bec0946ff6d32cdfe992786852947c530678dd4c86a026	first	297	scale_weak_d3_n1966080_c8_r3	7354867	297	scc-tr2.scc.bu.edu	Intel(R) Xeon(R) CPU E5-2680 v4 @ 2.40GHz	2026-08-29T03:54:14.845595431Z	2026-08-29T04:47:39.470559422Z	1787975654.8444889	1787978859.4691317	0	0.0	1	3205.0	9709.732	95098092127	c192cc6049c602c46e086083e6d8aeb92141ff89954632b4c955a3d35ec5d33d
e1514185445cab36f930c90a44c5a4e23326e027	fbed59bf26bd6cf641bec0946ff6d32cdfe992786852947c530678dd4c86a026	first	298	scale_weak_d3_n1966080_c16_r1	7354867	298	scc-na4.scc.bu.edu	Intel(R) Xeon(R) CPU E5-2650 v2 @ 2.60GHz	2026-08-29T03:54:39.611328305Z	2026-08-29T04:45:31.586623865Z	1787975679.6101196	1787978731.584957	0	0.0	1	3052.0	10612.328	186217970795	25d8bff431a479063ec7ff459f1affada047fef5788482e31040262c2f89eddc
e1514185445cab36f930c90a44c5a4e23326e027	fbed59bf26bd6cf641bec0946ff6d32cdfe992786852947c530678dd4c86a026	first	299	scale_weak_d3_n1966080_c16_r2	7354867	299	scc-sb5.scc.bu.edu	Intel(R) Xeon(R) CPU E5-2650 v2 @ 2.60GHz	2026-08-29T03:55:36.761538377Z	2026-08-29T04:51:34.390648504Z	1787975736.7603362	1787979094.3889844	0	0.0	1	3358.0	10424.936	190918812500	dbf3d9f30e2d843df2f204a6d4c9f6dc2513e4c73ee4d80c7775ffd22f539477
e1514185445cab36f930c90a44c5a4e23326e027	fbed59bf26bd6cf641bec0946ff6d32cdfe992786852947c530678dd4c86a026	first	300	scale_weak_d3_n1966080_c16_r3	7354867	300	scc-ne4.scc.bu.edu	Intel(R) Xeon(R) CPU E5-2650 v2 @ 2.60GHz	2026-08-29T03:56:44.451078528Z	2026-08-29T04:46:33.533874506Z	1787975804.4498682	1787978793.532319	0	0.0	1	2989.0	10279.04	186329639945	eb813dafccd4dd77dd0a932b8e17a0f92f7061e976e7caabb9a4845c1135f26d
